row_id,timestamp_cst,gauge_id,raw_strain_microstrain,baseline_offset_microstrain,corrected_strain_microstrain,temperature_c,vibration_mm_s,quality_flag
F00001,2027-02-02 00:00,G1,4.3,0,4.3,-5.0,0.22,OK
F00002,2027-02-02 00:00,G2,-0.4,1,-1.4,-5.0,0.21,OK
F00003,2027-02-02 00:00,G3,0.3,-1,1.3,-5.0,0.19,OK
F00004,2027-02-02 00:00,G4,-3.0,0,-3.0,-5.0,0.23,OK
F00005,2027-02-02 00:00,G5,4.9,2,2.9,-5.0,0.16,OK
F00006,2027-02-02 00:00,G6,184.7,187,-2.3,-5.0,0.21,OK
F00007,2027-02-02 00:00,G7,-6.3,-2,-4.3,-5.0,0.20,OK
F00008,2027-02-02 00:00,G8,0.6,0,0.6,-5.0,0.17,OK
F00009,2027-02-02 00:10,G1,-0.7,0,-0.7,-5.2,0.22,OK
F00010,2027-02-02 00:10,G2,0.0,1,-1.0,-5.2,0.22,OK
F00011,2027-02-02 00:10,G3,-1.4,-1,-0.4,-5.2,0.20,OK
F00012,2027-02-02 00:10,G4,0.4,0,0.4,-5.2,0.23,OK
F00013,2027-02-02 00:10,G5,2.2,2,0.2,-5.2,0.22,OK
F00014,2027-02-02 00:10,G6,182.8,187,-4.2,-5.2,0.18,OK
F00015,2027-02-02 00:10,G7,1.6,-2,3.6,-5.2,0.19,OK
F00016,2027-02-02 00:10,G8,1.1,0,1.1,-5.2,0.23,OK
F00017,2027-02-02 00:20,G1,-5.4,0,-5.4,-5.5,0.17,OK
F00018,2027-02-02 00:20,G2,-0.1,1,-1.1,-5.5,0.21,OK
F00019,2027-02-02 00:20,G3,1.4,-1,2.4,-5.5,0.20,OK
F00020,2027-02-02 00:20,G4,-1.5,0,-1.5,-5.5,0.21,OK
F00021,2027-02-02 00:20,G5,-1.6,2,-3.6,-5.5,0.21,OK
F00022,2027-02-02 00:20,G6,190.1,187,3.1,-5.5,0.18,OK
F00023,2027-02-02 00:20,G7,-1.5,-2,0.5,-5.5,0.21,OK
F00024,2027-02-02 00:20,G8,1.8,0,1.8,-5.5,0.18,OK
F00025,2027-02-02 00:30,G1,1.1,0,1.1,-5.7,0.23,OK
F00026,2027-02-02 00:30,G2,-1.3,1,-2.3,-5.7,0.18,OK
F00027,2027-02-02 00:30,G3,-0.3,-1,0.7,-5.7,0.23,OK
F00028,2027-02-02 00:30,G4,-5.6,0,-5.6,-5.7,0.21,OK
F00029,2027-02-02 00:30,G5,-0.6,2,-2.6,-5.7,0.19,OK
F00030,2027-02-02 00:30,G6,189.5,187,2.5,-5.7,0.22,OK
F00031,2027-02-02 00:30,G7,-3.5,-2,-1.5,-5.7,0.20,OK
F00032,2027-02-02 00:30,G8,1.1,0,1.1,-5.7,0.18,OK
F00033,2027-02-02 00:40,G1,-3.8,0,-3.8,-5.9,0.21,OK
F00034,2027-02-02 00:40,G2,-1.7,1,-2.7,-5.9,0.23,OK
F00035,2027-02-02 00:40,G3,-1.3,-1,-0.3,-5.9,0.22,OK
F00036,2027-02-02 00:40,G4,-1.5,0,-1.5,-5.9,0.21,OK
F00037,2027-02-02 00:40,G5,-0.1,2,-2.1,-5.9,0.21,OK
F00038,2027-02-02 00:40,G6,184.2,187,-2.8,-5.9,0.19,OK
F00039,2027-02-02 00:40,G7,-1.1,-2,0.9,-5.9,0.17,OK
F00040,2027-02-02 00:40,G8,-6.4,0,-6.4,-5.9,0.24,OK
F00041,2027-02-02 00:50,G1,-5.6,0,-5.6,-6.2,0.21,OK
F00042,2027-02-02 00:50,G2,-4.4,1,-5.4,-6.2,0.19,OK
F00043,2027-02-02 00:50,G3,-4.8,-1,-3.8,-6.2,0.23,OK
F00044,2027-02-02 00:50,G4,-6.4,0,-6.4,-6.2,0.20,OK
F00045,2027-02-02 00:50,G5,2.4,2,0.4,-6.2,0.21,OK
F00046,2027-02-02 00:50,G6,181.3,187,-5.7,-6.2,0.20,OK
F00047,2027-02-02 00:50,G7,-6.5,-2,-4.5,-6.2,0.21,OK
F00048,2027-02-02 00:50,G8,0.3,0,0.3,-6.2,0.21,OK
F00049,2027-02-02 01:00,G1,-7.0,0,-7.0,-6.4,0.18,OK
F00050,2027-02-02 01:00,G2,-1.0,1,-2.0,-6.4,0.21,OK
F00051,2027-02-02 01:00,G3,-2.5,-1,-1.5,-6.4,0.16,OK
F00052,2027-02-02 01:00,G4,-1.0,0,-1.0,-6.4,0.23,OK
F00053,2027-02-02 01:00,G5,-0.0,2,-2.0,-6.4,0.17,OK
F00054,2027-02-02 01:00,G6,183.3,187,-3.7,-6.4,0.19,OK
F00055,2027-02-02 01:00,G7,-1.9,-2,0.1,-6.4,0.17,OK
F00056,2027-02-02 01:00,G8,-1.1,0,-1.1,-6.4,0.21,OK
F00057,2027-02-02 01:10,G1,-4.5,0,-4.5,-6.7,0.22,OK
F00058,2027-02-02 01:10,G2,-0.0,1,-1.0,-6.7,0.16,OK
F00059,2027-02-02 01:10,G3,-3.2,-1,-2.2,-6.7,0.20,OK
F00060,2027-02-02 01:10,G4,-3.2,0,-3.2,-6.7,0.17,OK
F00061,2027-02-02 01:10,G5,-2.7,2,-4.7,-6.7,0.23,OK
F00062,2027-02-02 01:10,G6,180.8,187,-6.2,-6.7,0.21,OK
F00063,2027-02-02 01:10,G7,-5.3,-2,-3.3,-6.7,0.16,OK
F00064,2027-02-02 01:10,G8,-4.0,0,-4.0,-6.7,0.22,OK
F00065,2027-02-02 01:20,G1,-6.3,0,-6.3,-7.0,0.17,OK
F00066,2027-02-02 01:20,G2,0.4,1,-0.6,-7.0,0.18,OK
F00067,2027-02-02 01:20,G3,-3.2,-1,-2.2,-7.0,0.20,OK
F00068,2027-02-02 01:20,G4,-6.7,0,-6.7,-7.0,0.18,OK
F00069,2027-02-02 01:20,G5,-5.6,2,-7.6,-7.0,0.21,OK
F00070,2027-02-02 01:20,G6,183.7,187,-3.3,-7.0,0.21,OK
F00071,2027-02-02 01:20,G7,-4.4,-2,-2.4,-7.0,0.18,OK
F00072,2027-02-02 01:20,G8,-8.3,0,-8.3,-7.0,0.20,OK
F00073,2027-02-02 01:30,G1,-5.8,0,-5.8,-7.2,0.24,OK
F00074,2027-02-02 01:30,G2,-2.6,1,-3.6,-7.2,0.16,OK
F00075,2027-02-02 01:30,G3,-1.8,-1,-0.8,-7.2,0.20,OK
F00076,2027-02-02 01:30,G4,-10.0,0,-10.0,-7.2,0.16,OK
F00077,2027-02-02 01:30,G5,-4.0,2,-6.0,-7.2,0.23,OK
F00078,2027-02-02 01:30,G6,178.9,187,-8.1,-7.2,0.24,OK
F00079,2027-02-02 01:30,G7,-6.4,-2,-4.4,-7.2,0.20,OK
F00080,2027-02-02 01:30,G8,-7.8,0,-7.8,-7.2,0.17,OK
F00081,2027-02-02 01:40,G1,-8.6,0,-8.6,-7.5,0.19,OK
F00082,2027-02-02 01:40,G2,-3.4,1,-4.4,-7.5,0.20,OK
F00083,2027-02-02 01:40,G3,-11.0,-1,-10.0,-7.5,0.24,OK
F00084,2027-02-02 01:40,G4,-1.9,0,-1.9,-7.5,0.21,OK
F00085,2027-02-02 01:40,G5,-1.5,2,-3.5,-7.5,0.18,OK
F00086,2027-02-02 01:40,G6,175.9,187,-11.1,-7.5,0.19,OK
F00087,2027-02-02 01:40,G7,-9.3,-2,-7.3,-7.5,0.18,OK
F00088,2027-02-02 01:40,G8,-9.9,0,-9.9,-7.5,0.18,OK
F00089,2027-02-02 01:50,G1,-7.4,0,-7.4,-7.7,0.23,OK
F00090,2027-02-02 01:50,G2,-5.6,1,-6.6,-7.7,0.24,OK
F00091,2027-02-02 01:50,G3,-5.2,-1,-4.2,-7.7,0.18,OK
F00092,2027-02-02 01:50,G4,-10.3,0,-10.3,-7.7,0.21,OK
F00093,2027-02-02 01:50,G5,-2.5,2,-4.5,-7.7,0.24,OK
F00094,2027-02-02 01:50,G6,175.9,187,-11.1,-7.7,0.20,OK
F00095,2027-02-02 01:50,G7,-5.6,-2,-3.6,-7.7,0.23,OK
F00096,2027-02-02 01:50,G8,-6.0,0,-6.0,-7.7,0.17,OK
F00097,2027-02-02 02:00,G1,-8.2,0,-8.2,-8.0,0.20,OK
F00098,2027-02-02 02:00,G2,-7.0,1,-8.0,-8.0,0.24,OK
F00099,2027-02-02 02:00,G3,-10.9,-1,-9.9,-8.0,0.18,OK
F00100,2027-02-02 02:00,G4,-5.1,0,-5.1,-8.0,0.18,OK
F00101,2027-02-02 02:00,G5,-3.4,2,-5.4,-8.0,0.21,OK
F00102,2027-02-02 02:00,G6,182.1,187,-4.9,-8.0,0.24,OK
F00103,2027-02-02 02:00,G7,-7.0,-2,-5.0,-8.0,0.17,OK
F00104,2027-02-02 02:00,G8,-4.9,0,-4.9,-8.0,0.20,OK
F00105,2027-02-02 02:10,G1,-7.5,0,-7.5,-8.3,0.18,OK
F00106,2027-02-02 02:10,G2,-9.4,1,-10.4,-8.3,0.18,OK
F00107,2027-02-02 02:10,G3,-8.1,-1,-7.1,-8.3,0.21,OK
F00108,2027-02-02 02:10,G4,-3.6,0,-3.6,-8.3,0.23,OK
F00109,2027-02-02 02:10,G5,-5.6,2,-7.6,-8.3,0.21,OK
F00110,2027-02-02 02:10,G6,176.9,187,-10.1,-8.3,0.24,OK
F00111,2027-02-02 02:10,G7,-14.1,-2,-12.1,-8.3,0.21,OK
F00112,2027-02-02 02:10,G8,-9.3,0,-9.3,-8.3,0.21,OK
F00113,2027-02-02 02:20,G1,-11.7,0,-11.7,-8.5,0.23,OK
F00114,2027-02-02 02:20,G2,-8.5,1,-9.5,-8.5,0.18,OK
F00115,2027-02-02 02:20,G3,-5.8,-1,-4.8,-8.5,0.23,OK
F00116,2027-02-02 02:20,G4,-9.9,0,-9.9,-8.5,0.23,OK
F00117,2027-02-02 02:20,G5,-9.3,2,-11.3,-8.5,0.21,OK
F00118,2027-02-02 02:20,G6,181.2,187,-5.8,-8.5,0.20,OK
F00119,2027-02-02 02:20,G7,-14.5,-2,-12.5,-8.5,0.24,OK
F00120,2027-02-02 02:20,G8,-10.5,0,-10.5,-8.5,0.19,OK
F00121,2027-02-02 02:30,G1,-6.6,0,-6.6,-8.8,0.19,OK
F00122,2027-02-02 02:30,G2,-6.4,1,-7.4,-8.8,0.18,OK
F00123,2027-02-02 02:30,G3,-5.7,-1,-4.7,-8.8,0.23,OK
F00124,2027-02-02 02:30,G4,-8.9,0,-8.9,-8.8,0.16,OK
F00125,2027-02-02 02:30,G5,-9.4,2,-11.4,-8.8,0.23,OK
F00126,2027-02-02 02:30,G6,180.5,187,-6.5,-8.8,0.17,OK
F00127,2027-02-02 02:30,G7,-11.7,-2,-9.7,-8.8,0.18,OK
F00128,2027-02-02 02:30,G8,-13.8,0,-13.8,-8.8,0.21,OK
F00129,2027-02-02 02:40,G1,-6.7,0,-6.7,-9.0,0.17,OK
F00130,2027-02-02 02:40,G2,-3.6,1,-4.6,-9.0,0.20,OK
F00131,2027-02-02 02:40,G3,-11.7,-1,-10.7,-9.0,0.17,OK
F00132,2027-02-02 02:40,G4,-8.6,0,-8.6,-9.0,0.16,OK
F00133,2027-02-02 02:40,G5,-8.3,2,-10.3,-9.0,0.22,OK
F00134,2027-02-02 02:40,G6,172.0,187,-15.0,-9.0,0.22,OK
F00135,2027-02-02 02:40,G7,-11.7,-2,-9.7,-9.0,0.20,OK
F00136,2027-02-02 02:40,G8,-8.4,0,-8.4,-9.0,0.24,OK
F00137,2027-02-02 02:50,G1,-10.5,0,-10.5,-9.3,0.24,OK
F00138,2027-02-02 02:50,G2,-5.2,1,-6.2,-9.3,0.21,OK
F00139,2027-02-02 02:50,G3,-11.0,-1,-10.0,-9.3,0.24,OK
F00140,2027-02-02 02:50,G4,-11.9,0,-11.9,-9.3,0.19,OK
F00141,2027-02-02 02:50,G5,-12.4,2,-14.4,-9.3,0.22,OK
F00142,2027-02-02 02:50,G6,178.3,187,-8.7,-9.3,0.16,OK
F00143,2027-02-02 02:50,G7,-12.7,-2,-10.7,-9.3,0.22,OK
F00144,2027-02-02 02:50,G8,-11.0,0,-11.0,-9.3,0.16,OK
F00145,2027-02-02 03:00,G1,-14.0,0,-14.0,-9.6,0.20,OK
F00146,2027-02-02 03:00,G2,-8.3,1,-9.3,-9.6,0.23,OK
F00147,2027-02-02 03:00,G3,-13.8,-1,-12.8,-9.6,0.19,OK
F00148,2027-02-02 03:00,G4,-8.1,0,-8.1,-9.6,0.22,OK
F00149,2027-02-02 03:00,G5,-11.4,2,-13.4,-9.6,0.22,OK
F00150,2027-02-02 03:00,G6,179.0,187,-8.0,-9.6,0.23,OK
F00151,2027-02-02 03:00,G7,-13.5,-2,-11.5,-9.6,0.21,OK
F00152,2027-02-02 03:00,G8,-14.3,0,-14.3,-9.6,0.22,OK
F00153,2027-02-02 03:10,G1,-14.1,0,-14.1,-9.8,0.23,OK
F00154,2027-02-02 03:10,G2,-9.4,1,-10.4,-9.8,0.19,OK
F00155,2027-02-02 03:10,G3,-15.3,-1,-14.3,-9.8,0.19,OK
F00156,2027-02-02 03:10,G4,-16.4,0,-16.4,-9.8,0.20,OK
F00157,2027-02-02 03:10,G5,-6.3,2,-8.3,-9.8,0.18,OK
F00158,2027-02-02 03:10,G6,171.7,187,-15.3,-9.8,0.18,OK
F00159,2027-02-02 03:10,G7,-12.9,-2,-10.9,-9.8,0.17,OK
F00160,2027-02-02 03:10,G8,-16.7,0,-16.7,-9.8,0.18,OK
F00161,2027-02-02 03:20,G1,-15.1,0,-15.1,-10.1,0.16,OK
F00162,2027-02-02 03:20,G2,-10.1,1,-11.1,-10.1,0.22,OK
F00163,2027-02-02 03:20,G3,-12.7,-1,-11.7,-10.1,0.19,OK
F00164,2027-02-02 03:20,G4,-17.0,0,-17.0,-10.1,0.22,OK
F00165,2027-02-02 03:20,G5,-10.2,2,-12.2,-10.1,0.20,OK
F00166,2027-02-02 03:20,G6,169.4,187,-17.6,-10.1,0.23,OK
F00167,2027-02-02 03:20,G7,-20.0,-2,-18.0,-10.1,0.20,OK
F00168,2027-02-02 03:20,G8,-12.7,0,-12.7,-10.1,0.17,OK
F00169,2027-02-02 03:30,G1,-13.1,0,-13.1,-10.3,0.22,OK
F00170,2027-02-02 03:30,G2,-10.9,1,-11.9,-10.3,0.16,OK
F00171,2027-02-02 03:30,G3,-14.4,-1,-13.4,-10.3,0.20,OK
F00172,2027-02-02 03:30,G4,-13.1,0,-13.1,-10.3,0.17,OK
F00173,2027-02-02 03:30,G5,-7.3,2,-9.3,-10.3,0.22,OK
F00174,2027-02-02 03:30,G6,175.3,187,-11.7,-10.3,0.18,OK
F00175,2027-02-02 03:30,G7,-20.8,-2,-18.8,-10.3,0.19,OK
F00176,2027-02-02 03:30,G8,-19.0,0,-19.0,-10.3,0.23,OK
F00177,2027-02-02 03:40,G1,-14.0,0,-14.0,-10.5,0.21,OK
F00178,2027-02-02 03:40,G2,-13.6,1,-14.6,-10.5,0.22,OK
F00179,2027-02-02 03:40,G3,-13.5,-1,-12.5,-10.5,0.20,OK
F00180,2027-02-02 03:40,G4,-10.6,0,-10.6,-10.5,0.20,OK
F00181,2027-02-02 03:40,G5,-16.9,2,-18.9,-10.5,0.16,OK
F00182,2027-02-02 03:40,G6,168.5,187,-18.5,-10.5,0.23,OK
F00183,2027-02-02 03:40,G7,-18.3,-2,-16.3,-10.5,0.17,OK
F00184,2027-02-02 03:40,G8,-15.3,0,-15.3,-10.5,0.18,OK
F00185,2027-02-02 03:50,G1,-16.0,0,-16.0,-10.8,0.21,OK
F00186,2027-02-02 03:50,G2,-14.1,1,-15.1,-10.8,0.21,OK
F00187,2027-02-02 03:50,G3,-12.9,-1,-11.9,-10.8,0.17,OK
F00188,2027-02-02 03:50,G4,-10.6,0,-10.6,-10.8,0.17,OK
F00189,2027-02-02 03:50,G5,-13.8,2,-15.8,-10.8,0.19,OK
F00190,2027-02-02 03:50,G6,167.7,187,-19.3,-10.8,0.21,OK
F00191,2027-02-02 03:50,G7,-22.6,-2,-20.6,-10.8,0.23,OK
F00192,2027-02-02 03:50,G8,-20.0,0,-20.0,-10.8,0.21,OK
F00193,2027-02-02 04:00,G1,-9.6,0,-9.6,-11.0,0.20,OK
F00194,2027-02-02 04:00,G2,-8.3,1,-9.3,-11.0,0.20,OK
F00195,2027-02-02 04:00,G3,-18.5,-1,-17.5,-11.0,0.24,OK
F00196,2027-02-02 04:00,G4,-17.5,0,-17.5,-11.0,0.20,OK
F00197,2027-02-02 04:00,G5,-13.0,2,-15.0,-11.0,0.24,OK
F00198,2027-02-02 04:00,G6,172.4,187,-14.6,-11.0,0.22,OK
F00199,2027-02-02 04:00,G7,-22.4,-2,-20.4,-11.0,0.19,OK
F00200,2027-02-02 04:00,G8,-16.8,0,-16.8,-11.0,0.22,OK
F00201,2027-02-02 04:10,G1,-9.3,0,-9.3,-11.2,0.18,OK
F00202,2027-02-02 04:10,G2,-11.8,1,-12.8,-11.2,0.18,OK
F00203,2027-02-02 04:10,G3,-13.0,-1,-12.0,-11.2,0.18,OK
F00204,2027-02-02 04:10,G4,-13.7,0,-13.7,-11.2,0.23,OK
F00205,2027-02-02 04:10,G5,-10.0,2,-12.0,-11.2,0.17,OK
F00206,2027-02-02 04:10,G6,171.8,187,-15.2,-11.2,0.17,OK
F00207,2027-02-02 04:10,G7,-15.2,-2,-13.2,-11.2,0.21,OK
F00208,2027-02-02 04:10,G8,-14.4,0,-14.4,-11.2,0.23,OK
F00209,2027-02-02 04:20,G1,-15.7,0,-15.7,-11.4,0.23,OK
F00210,2027-02-02 04:20,G2,-14.4,1,-15.4,-11.4,0.17,OK
F00211,2027-02-02 04:20,G3,-11.9,-1,-10.9,-11.4,0.22,OK
F00212,2027-02-02 04:20,G4,-19.6,0,-19.6,-11.4,0.17,OK
F00213,2027-02-02 04:20,G5,-12.4,2,-14.4,-11.4,0.20,OK
F00214,2027-02-02 04:20,G6,165.6,187,-21.4,-11.4,0.17,OK
F00215,2027-02-02 04:20,G7,-22.3,-2,-20.3,-11.4,0.24,OK
F00216,2027-02-02 04:20,G8,-16.0,0,-16.0,-11.4,0.18,OK
F00217,2027-02-02 04:30,G1,-16.3,0,-16.3,-11.7,0.17,OK
F00218,2027-02-02 04:30,G2,-12.0,1,-13.0,-11.7,0.21,OK
F00219,2027-02-02 04:30,G3,-19.6,-1,-18.6,-11.7,0.20,OK
F00220,2027-02-02 04:30,G4,-13.1,0,-13.1,-11.7,0.24,OK
F00221,2027-02-02 04:30,G5,-15.3,2,-17.3,-11.7,0.17,OK
F00222,2027-02-02 04:30,G6,167.0,187,-20.0,-11.7,0.22,OK
F00223,2027-02-02 04:30,G7,-23.7,-2,-21.7,-11.7,0.23,OK
F00224,2027-02-02 04:30,G8,-20.6,0,-20.6,-11.7,0.21,OK
F00225,2027-02-02 04:40,G1,-18.8,0,-18.8,-11.9,0.17,OK
F00226,2027-02-02 04:40,G2,-13.5,1,-14.5,-11.9,0.23,OK
F00227,2027-02-02 04:40,G3,-15.3,-1,-14.3,-11.9,0.24,OK
F00228,2027-02-02 04:40,G4,-19.4,0,-19.4,-11.9,0.18,OK
F00229,2027-02-02 04:40,G5,-17.4,2,-19.4,-11.9,0.23,OK
F00230,2027-02-02 04:40,G6,171.8,187,-15.2,-11.9,0.20,OK
F00231,2027-02-02 04:40,G7,-18.0,-2,-16.0,-11.9,0.22,OK
F00232,2027-02-02 04:40,G8,-22.0,0,-22.0,-11.9,0.21,OK
F00233,2027-02-02 04:50,G1,-14.7,0,-14.7,-12.1,0.24,OK
F00234,2027-02-02 04:50,G2,-13.2,1,-14.2,-12.1,0.18,OK
F00235,2027-02-02 04:50,G3,-18.0,-1,-17.0,-12.1,0.19,OK
F00236,2027-02-02 04:50,G4,-19.4,0,-19.4,-12.1,0.22,OK
F00237,2027-02-02 04:50,G5,-17.5,2,-19.5,-12.1,0.21,OK
F00238,2027-02-02 04:50,G6,169.2,187,-17.8,-12.1,0.21,OK
F00239,2027-02-02 04:50,G7,-22.4,-2,-20.4,-12.1,0.20,OK
F00240,2027-02-02 04:50,G8,-22.5,0,-22.5,-12.1,0.23,OK
F00241,2027-02-02 05:00,G1,-12.3,0,-12.3,-12.2,0.17,OK
F00242,2027-02-02 05:00,G2,-16.7,1,-17.7,-12.2,0.22,OK
F00243,2027-02-02 05:00,G3,-15.7,-1,-14.7,-12.2,0.21,OK
F00244,2027-02-02 05:00,G4,-14.5,0,-14.5,-12.2,0.23,OK
F00245,2027-02-02 05:00,G5,-20.0,2,-22.0,-12.2,0.20,OK
F00246,2027-02-02 05:00,G6,166.4,187,-20.6,-12.2,0.16,OK
F00247,2027-02-02 05:00,G7,-20.8,-2,-18.8,-12.2,0.19,OK
F00248,2027-02-02 05:00,G8,-17.4,0,-17.4,-12.2,0.20,OK
F00249,2027-02-02 05:10,G1,-18.5,0,-18.5,-12.4,0.22,OK
F00250,2027-02-02 05:10,G2,-12.2,1,-13.2,-12.4,0.19,OK
F00251,2027-02-02 05:10,G3,-14.3,-1,-13.3,-12.4,0.18,OK
F00252,2027-02-02 05:10,G4,-14.8,0,-14.8,-12.4,0.16,OK
F00253,2027-02-02 05:10,G5,-14.2,2,-16.2,-12.4,0.18,OK
F00254,2027-02-02 05:10,G6,163.2,187,-23.8,-12.4,0.18,OK
F00255,2027-02-02 05:10,G7,-18.9,-2,-16.9,-12.4,0.21,OK
F00256,2027-02-02 05:10,G8,-25.4,0,-25.4,-12.4,0.19,OK
F00257,2027-02-02 05:20,G1,-14.6,0,-14.6,-12.6,0.17,OK
F00258,2027-02-02 05:20,G2,-18.7,1,-19.7,-12.6,0.23,OK
F00259,2027-02-02 05:20,G3,-21.6,-1,-20.6,-12.6,0.19,OK
F00260,2027-02-02 05:20,G4,-16.8,0,-16.8,-12.6,0.17,OK
F00261,2027-02-02 05:20,G5,-15.9,2,-17.9,-12.6,0.18,OK
F00262,2027-02-02 05:20,G6,163.6,187,-23.4,-12.6,0.19,OK
F00263,2027-02-02 05:20,G7,-27.6,-2,-25.6,-12.6,0.21,OK
F00264,2027-02-02 05:20,G8,-25.0,0,-25.0,-12.6,0.21,OK
F00265,2027-02-02 05:30,G1,-14.8,0,-14.8,-12.8,0.22,OK
F00266,2027-02-02 05:30,G2,-13.9,1,-14.9,-12.8,0.18,OK
F00267,2027-02-02 05:30,G3,-21.6,-1,-20.6,-12.8,0.20,OK
F00268,2027-02-02 05:30,G4,-14.9,0,-14.9,-12.8,0.17,OK
F00269,2027-02-02 05:30,G5,-18.5,2,-20.5,-12.8,0.23,OK
F00270,2027-02-02 05:30,G6,169.2,187,-17.8,-12.8,0.19,OK
F00271,2027-02-02 05:30,G7,-25.5,-2,-23.5,-12.8,0.18,OK
F00272,2027-02-02 05:30,G8,-19.6,0,-19.6,-12.8,0.21,OK
F00273,2027-02-02 05:40,G1,-14.6,0,-14.6,-12.9,0.23,OK
F00274,2027-02-02 05:40,G2,-12.3,1,-13.3,-12.9,0.17,OK
F00275,2027-02-02 05:40,G3,-16.9,-1,-15.9,-12.9,0.21,OK
F00276,2027-02-02 05:40,G4,-19.2,0,-19.2,-12.9,0.18,OK
F00277,2027-02-02 05:40,G5,-17.9,2,-19.9,-12.9,0.21,OK
F00278,2027-02-02 05:40,G6,161.7,187,-25.3,-12.9,0.21,OK
F00279,2027-02-02 05:40,G7,-23.5,-2,-21.5,-12.9,0.22,OK
F00280,2027-02-02 05:40,G8,-23.1,0,-23.1,-12.9,0.18,OK
F00281,2027-02-02 05:50,G1,-19.3,0,-19.3,-13.1,0.21,OK
F00282,2027-02-02 05:50,G2,-14.3,1,-15.3,-13.1,0.19,OK
F00283,2027-02-02 05:50,G3,-22.6,-1,-21.6,-13.1,0.18,OK
F00284,2027-02-02 05:50,G4,-23.6,0,-23.6,-13.1,0.20,OK
F00285,2027-02-02 05:50,G5,-16.8,2,-18.8,-13.1,0.22,OK
F00286,2027-02-02 05:50,G6,161.2,187,-25.8,-13.1,0.22,OK
F00287,2027-02-02 05:50,G7,-25.3,-2,-23.3,-13.1,0.17,OK
F00288,2027-02-02 05:50,G8,-26.6,0,-26.6,-13.1,0.20,OK
F00289,2027-02-02 06:00,G1,16.3,0,16.3,-13.2,1.07,OK
F00290,2027-02-02 06:00,G2,30.5,1,29.5,-13.2,1.08,OK
F00291,2027-02-02 06:00,G3,37.7,-1,38.7,-13.2,1.08,OK
F00292,2027-02-02 06:00,G4,48.9,0,48.9,-13.2,1.05,OK
F00293,2027-02-02 06:00,G5,68.7,2,66.7,-13.2,1.06,OK
F00294,2027-02-02 06:00,G6,262.9,187,75.9,-13.2,1.04,OK
F00295,2027-02-02 06:00,G7,37.6,-2,39.6,-13.2,1.08,OK
F00296,2027-02-02 06:00,G8,20.9,0,20.9,-13.2,1.03,OK
F00297,2027-02-02 06:10,G1,-17.1,0,-17.1,-13.3,0.19,OK
F00298,2027-02-02 06:10,G2,-18.6,1,-19.6,-13.3,0.19,OK
F00299,2027-02-02 06:10,G3,-17.9,-1,-16.9,-13.3,0.17,OK
F00300,2027-02-02 06:10,G4,-17.8,0,-17.8,-13.3,0.17,OK
F00301,2027-02-02 06:10,G5,-16.0,2,-18.0,-13.3,0.23,OK
F00302,2027-02-02 06:10,G6,168.8,187,-18.2,-13.3,0.21,OK
F00303,2027-02-02 06:10,G7,-28.5,-2,-26.5,-13.3,0.18,OK
F00304,2027-02-02 06:10,G8,-27.8,0,-27.8,-13.3,0.19,OK
F00305,2027-02-02 06:20,G1,-2.6,0,-2.6,-13.4,0.60,OK
F00306,2027-02-02 06:20,G2,0.5,1,-0.5,-13.4,0.60,OK
F00307,2027-02-02 06:20,G3,6.7,-1,7.7,-13.4,0.59,OK
F00308,2027-02-02 06:20,G4,11.0,0,11.0,-13.4,0.63,OK
F00309,2027-02-02 06:20,G5,17.2,2,15.2,-13.4,0.63,OK
F00310,2027-02-02 06:20,G6,209.6,187,22.6,-13.4,0.63,OK
F00311,2027-02-02 06:20,G7,6.1,-2,8.1,-13.4,0.58,OK
F00312,2027-02-02 06:20,G8,-5.1,0,-5.1,-13.4,0.62,OK
F00313,2027-02-02 06:30,G1,-15.3,0,-15.3,-13.5,0.20,OK
F00314,2027-02-02 06:30,G2,-16.5,1,-17.5,-13.5,0.20,OK
F00315,2027-02-02 06:30,G3,-25.4,-1,-24.4,-13.5,0.20,OK
F00316,2027-02-02 06:30,G4,-17.8,0,-17.8,-13.5,0.19,OK
F00317,2027-02-02 06:30,G5,-16.9,2,-18.9,-13.5,0.21,OK
F00318,2027-02-02 06:30,G6,163.6,187,-23.4,-13.5,0.23,OK
F00319,2027-02-02 06:30,G7,-27.8,-2,-25.8,-13.5,0.20,OK
F00320,2027-02-02 06:30,G8,-28.9,0,-28.9,-13.5,0.17,OK
F00321,2027-02-02 06:40,G1,5.7,0,5.7,-13.6,0.78,OK
F00322,2027-02-02 06:40,G2,14.1,1,13.1,-13.6,0.81,OK
F00323,2027-02-02 06:40,G3,14.1,-1,15.1,-13.6,0.75,OK
F00324,2027-02-02 06:40,G4,30.8,0,30.8,-13.6,0.82,OK
F00325,2027-02-02 06:40,G5,32.9,2,30.9,-13.6,0.77,OK
F00326,2027-02-02 06:40,G6,232.6,187,45.6,-13.6,0.80,OK
F00327,2027-02-02 06:40,G7,14.4,-2,16.4,-13.6,0.77,OK
F00328,2027-02-02 06:40,G8,-0.7,0,-0.7,-13.6,0.78,OK
F00329,2027-02-02 06:50,G1,-18.6,0,-18.6,-13.7,0.22,OK
F00330,2027-02-02 06:50,G2,-17.5,1,-18.5,-13.7,0.18,OK
F00331,2027-02-02 06:50,G3,-23.2,-1,-22.2,-13.7,0.18,OK
F00332,2027-02-02 06:50,G4,-19.7,0,-19.7,-13.7,0.18,OK
F00333,2027-02-02 06:50,G5,-24.9,2,-26.9,-13.7,0.22,OK
F00334,2027-02-02 06:50,G6,162.1,187,-24.9,-13.7,0.23,OK
F00335,2027-02-02 06:50,G7,-25.5,-2,-23.5,-13.7,0.19,OK
F00336,2027-02-02 06:50,G8,-27.4,0,-27.4,-13.7,0.18,OK
F00337,2027-02-02 07:00,G1,25.9,0,25.9,-13.8,1.09,OK
F00338,2027-02-02 07:00,G2,28.1,1,27.1,-13.8,1.10,OK
F00339,2027-02-02 07:00,G3,36.1,-1,37.1,-13.8,1.12,OK
F00340,2027-02-02 07:00,G4,54.4,0,54.4,-13.8,1.11,OK
F00341,2027-02-02 07:00,G5,73.1,2,71.1,-13.8,1.09,OK
F00342,2027-02-02 07:00,G6,268.7,187,81.7,-13.8,1.14,OK
F00343,2027-02-02 07:00,G7,36.5,-2,38.5,-13.8,1.09,OK
F00344,2027-02-02 07:00,G8,18.3,0,18.3,-13.8,1.14,OK
F00345,2027-02-02 07:10,G1,-18.5,0,-18.5,-13.9,0.21,OK
F00346,2027-02-02 07:10,G2,-18.5,1,-19.5,-13.9,0.18,OK
F00347,2027-02-02 07:10,G3,-25.4,-1,-24.4,-13.9,0.20,OK
F00348,2027-02-02 07:10,G4,-19.5,0,-19.5,-13.9,0.19,OK
F00349,2027-02-02 07:10,G5,-24.9,2,-26.9,-13.9,0.21,OK
F00350,2027-02-02 07:10,G6,165.0,187,-22.0,-13.9,0.23,OK
F00351,2027-02-02 07:10,G7,-26.0,-2,-24.0,-13.9,0.23,OK
F00352,2027-02-02 07:10,G8,-25.4,0,-25.4,-13.9,0.20,OK
F00353,2027-02-02 07:20,G1,3.9,0,3.9,-13.9,0.69,OK
F00354,2027-02-02 07:20,G2,8.9,1,7.9,-13.9,0.69,OK
F00355,2027-02-02 07:20,G3,7.8,-1,8.8,-13.9,0.64,OK
F00356,2027-02-02 07:20,G4,19.5,0,19.5,-13.9,0.68,OK
F00357,2027-02-02 07:20,G5,21.0,2,19.0,-13.9,0.64,OK
F00358,2027-02-02 07:20,G6,216.2,187,29.2,-13.9,0.64,OK
F00359,2027-02-02 07:20,G7,6.8,-2,8.8,-13.9,0.69,OK
F00360,2027-02-02 07:20,G8,-7.4,0,-7.4,-13.9,0.65,OK
F00361,2027-02-02 07:30,G1,-22.7,0,-22.7,-13.9,0.20,OK
F00362,2027-02-02 07:30,G2,-18.5,1,-19.5,-13.9,0.18,OK
F00363,2027-02-02 07:30,G3,-21.7,-1,-20.7,-13.9,0.20,OK
F00364,2027-02-02 07:30,G4,-18.4,0,-18.4,-13.9,0.21,OK
F00365,2027-02-02 07:30,G5,-19.5,2,-21.5,-13.9,0.23,OK
F00366,2027-02-02 07:30,G6,158.3,187,-28.7,-13.9,0.18,OK
F00367,2027-02-02 07:30,G7,-31.7,-2,-29.7,-13.9,0.17,OK
F00368,2027-02-02 07:30,G8,-25.9,0,-25.9,-13.9,0.20,OK
F00369,2027-02-02 07:40,G1,9.4,0,9.4,-14.0,0.87,OK
F00370,2027-02-02 07:40,G2,18.9,1,17.9,-14.0,0.84,OK
F00371,2027-02-02 07:40,G3,22.6,-1,23.6,-14.0,0.82,OK
F00372,2027-02-02 07:40,G4,27.8,0,27.8,-14.0,0.88,OK
F00373,2027-02-02 07:40,G5,46.7,2,44.7,-14.0,0.88,OK
F00374,2027-02-02 07:40,G6,239.8,187,52.8,-14.0,0.84,OK
F00375,2027-02-02 07:40,G7,16.4,-2,18.4,-14.0,0.86,OK
F00376,2027-02-02 07:40,G8,6.5,0,6.5,-14.0,0.85,OK
F00377,2027-02-02 07:50,G1,-23.5,0,-23.5,-14.0,0.21,OK
F00378,2027-02-02 07:50,G2,-16.1,1,-17.1,-14.0,0.23,OK
F00379,2027-02-02 07:50,G3,-22.2,-1,-21.2,-14.0,0.19,OK
F00380,2027-02-02 07:50,G4,-25.6,0,-25.6,-14.0,0.20,OK
F00381,2027-02-02 07:50,G5,-22.4,2,-24.4,-14.0,0.19,OK
F00382,2027-02-02 07:50,G6,166.9,187,-20.1,-14.0,0.18,OK
F00383,2027-02-02 07:50,G7,-23.2,-2,-21.2,-14.0,0.21,OK
F00384,2027-02-02 07:50,G8,-28.0,0,-28.0,-14.0,0.22,OK
F00385,2027-02-02 08:00,G1,-2.9,0,-2.9,-14.0,0.52,OK
F00386,2027-02-02 08:00,G2,0.9,1,-0.1,-14.0,0.53,OK
F00387,2027-02-02 08:00,G3,1.1,-1,2.1,-14.0,0.58,OK
F00388,2027-02-02 08:00,G4,5.5,0,5.5,-14.0,0.54,OK
F00389,2027-02-02 08:00,G5,9.7,2,7.7,-14.0,0.59,OK
F00390,2027-02-02 08:00,G6,199.4,187,12.4,-14.0,0.56,OK
F00391,2027-02-02 08:00,G7,-1.0,-2,1.0,-14.0,0.55,OK
F00392,2027-02-02 08:00,G8,-8.8,0,-8.8,-14.0,0.56,OK
F00393,2027-02-02 08:10,G1,-22.8,0,-22.8,-14.0,0.17,OK
F00394,2027-02-02 08:10,G2,-21.3,1,-22.3,-14.0,0.21,OK
F00395,2027-02-02 08:10,G3,-25.9,-1,-24.9,-14.0,0.19,OK
F00396,2027-02-02 08:10,G4,-21.7,0,-21.7,-14.0,0.23,OK
F00397,2027-02-02 08:10,G5,-23.2,2,-25.2,-14.0,0.19,OK
F00398,2027-02-02 08:10,G6,161.2,187,-25.8,-14.0,0.20,OK
F00399,2027-02-02 08:10,G7,-32.0,-2,-30.0,-14.0,0.17,OK
F00400,2027-02-02 08:10,G8,-24.7,0,-24.7,-14.0,0.17,OK
F00401,2027-02-02 08:20,G1,0.4,0,0.4,-14.0,0.75,OK
F00402,2027-02-02 08:20,G2,14.4,1,13.4,-14.0,0.72,OK
F00403,2027-02-02 08:20,G3,13.6,-1,14.6,-14.0,0.75,OK
F00404,2027-02-02 08:20,G4,17.9,0,17.9,-14.0,0.76,OK
F00405,2027-02-02 08:20,G5,27.6,2,25.6,-14.0,0.70,OK
F00406,2027-02-02 08:20,G6,225.5,187,38.5,-14.0,0.70,OK
F00407,2027-02-02 08:20,G7,12.9,-2,14.9,-14.0,0.70,OK
F00408,2027-02-02 08:20,G8,2.1,0,2.1,-14.0,0.77,OK
F00409,2027-02-02 08:30,G1,-15.5,0,-15.5,-13.9,0.19,OK
F00410,2027-02-02 08:30,G2,-15.9,1,-16.9,-13.9,0.20,OK
F00411,2027-02-02 08:30,G3,-18.1,-1,-17.1,-13.9,0.16,OK
F00412,2027-02-02 08:30,G4,-19.1,0,-19.1,-13.9,0.20,OK
F00413,2027-02-02 08:30,G5,-24.2,2,-26.2,-13.9,0.17,OK
F00414,2027-02-02 08:30,G6,160.8,187,-26.2,-13.9,0.17,OK
F00415,2027-02-02 08:30,G7,-24.6,-2,-22.6,-13.9,0.17,OK
F00416,2027-02-02 08:30,G8,-22.6,0,-22.6,-13.9,0.19,OK
F00417,2027-02-02 08:40,G1,15.4,0,15.4,-13.9,0.87,OK
F00418,2027-02-02 08:40,G2,16.2,1,15.2,-13.9,0.92,OK
F00419,2027-02-02 08:40,G3,24.8,-1,25.8,-13.9,0.89,OK
F00420,2027-02-02 08:40,G4,35.8,0,35.8,-13.9,0.91,OK
F00421,2027-02-02 08:40,G5,46.1,2,44.1,-13.9,0.89,OK
F00422,2027-02-02 08:40,G6,241.9,187,54.9,-13.9,0.88,OK
F00423,2027-02-02 08:40,G7,25.4,-2,27.4,-13.9,0.89,OK
F00424,2027-02-02 08:40,G8,4.9,0,4.9,-13.9,0.94,OK
F00425,2027-02-02 08:50,G1,-20.9,0,-20.9,-13.9,0.17,OK
F00426,2027-02-02 08:50,G2,-14.7,1,-15.7,-13.9,0.17,OK
F00427,2027-02-02 08:50,G3,-22.8,-1,-21.8,-13.9,0.21,OK
F00428,2027-02-02 08:50,G4,-25.4,0,-25.4,-13.9,0.17,OK
F00429,2027-02-02 08:50,G5,-24.2,2,-26.2,-13.9,0.22,OK
F00430,2027-02-02 08:50,G6,164.9,187,-22.1,-13.9,0.20,OK
F00431,2027-02-02 08:50,G7,-24.3,-2,-22.3,-13.9,0.20,OK
F00432,2027-02-02 08:50,G8,-27.4,0,-27.4,-13.9,0.24,OK
F00433,2027-02-02 09:00,G1,-0.1,0,-0.1,-13.8,0.60,OK
F00434,2027-02-02 09:00,G2,7.9,1,6.9,-13.8,0.64,OK
F00435,2027-02-02 09:00,G3,2.7,-1,3.7,-13.8,0.61,OK
F00436,2027-02-02 09:00,G4,16.7,0,16.7,-13.8,0.64,OK
F00437,2027-02-02 09:00,G5,21.0,2,19.0,-13.8,0.58,OK
F00438,2027-02-02 09:00,G6,212.7,187,25.7,-13.8,0.60,OK
F00439,2027-02-02 09:00,G7,2.6,-2,4.6,-13.8,0.59,OK
F00440,2027-02-02 09:00,G8,-5.6,0,-5.6,-13.8,0.61,OK
F00441,2027-02-02 09:10,G1,-22.6,0,-22.6,-13.7,0.23,OK
F00442,2027-02-02 09:10,G2,-17.5,1,-18.5,-13.7,0.19,OK
F00443,2027-02-02 09:10,G3,-21.7,-1,-20.7,-13.7,0.16,OK
F00444,2027-02-02 09:10,G4,-25.2,0,-25.2,-13.7,0.17,OK
F00445,2027-02-02 09:10,G5,-23.9,2,-25.9,-13.7,0.22,OK
F00446,2027-02-02 09:10,G6,164.6,187,-22.4,-13.7,0.20,OK
F00447,2027-02-02 09:10,G7,-25.8,-2,-23.8,-13.7,0.18,OK
F00448,2027-02-02 09:10,G8,-26.3,0,-26.3,-13.7,0.22,OK
F00449,2027-02-02 09:20,G1,3.1,0,3.1,-13.6,0.83,OK
F00450,2027-02-02 09:20,G2,10.6,1,9.6,-13.6,0.76,OK
F00451,2027-02-02 09:20,G3,20.1,-1,21.1,-13.6,0.82,OK
F00452,2027-02-02 09:20,G4,25.4,0,25.4,-13.6,0.81,OK
F00453,2027-02-02 09:20,G5,38.4,2,36.4,-13.6,0.77,OK
F00454,2027-02-02 09:20,G6,230.5,187,43.5,-13.6,0.76,OK
F00455,2027-02-02 09:20,G7,20.8,-2,22.8,-13.6,0.80,OK
F00456,2027-02-02 09:20,G8,4.8,0,4.8,-13.6,0.77,OK
F00457,2027-02-02 09:30,G1,-20.6,0,-20.6,-13.5,0.24,OK
F00458,2027-02-02 09:30,G2,-19.8,1,-20.8,-13.5,0.24,OK
F00459,2027-02-02 09:30,G3,-19.6,-1,-18.6,-13.5,0.20,OK
F00460,2027-02-02 09:30,G4,-22.1,0,-22.1,-13.5,0.19,OK
F00461,2027-02-02 09:30,G5,-18.9,2,-20.9,-13.5,0.17,OK
F00462,2027-02-02 09:30,G6,167.5,187,-19.5,-13.5,0.20,OK
F00463,2027-02-02 09:30,G7,-27.0,-2,-25.0,-13.5,0.18,OK
F00464,2027-02-02 09:30,G8,-23.3,0,-23.3,-13.5,0.17,OK
F00465,2027-02-02 09:40,G1,17.6,0,17.6,-13.4,1.00,OK
F00466,2027-02-02 09:40,G2,23.7,1,22.7,-13.4,0.98,OK
F00467,2027-02-02 09:40,G3,28.5,-1,29.5,-13.4,1.00,OK
F00468,2027-02-02 09:40,G4,40.7,0,40.7,-13.4,0.93,OK
F00469,2027-02-02 09:40,G5,55.8,2,53.8,-13.4,0.96,OK
F00470,2027-02-02 09:40,G6,255.3,187,68.3,-13.4,0.96,OK
F00471,2027-02-02 09:40,G7,32.7,-2,34.7,-13.4,1.00,OK
F00472,2027-02-02 09:40,G8,10.0,0,10.0,-13.4,0.96,OK
F00473,2027-02-02 09:50,G1,-16.1,0,-16.1,-13.3,0.18,OK
F00474,2027-02-02 09:50,G2,-14.5,1,-15.5,-13.3,0.24,OK
F00475,2027-02-02 09:50,G3,-22.0,-1,-21.0,-13.3,0.17,OK
F00476,2027-02-02 09:50,G4,-16.8,0,-16.8,-13.3,0.24,OK
F00477,2027-02-02 09:50,G5,-15.8,2,-17.8,-13.3,0.17,OK
F00478,2027-02-02 09:50,G6,163.6,187,-23.4,-13.3,0.17,OK
F00479,2027-02-02 09:50,G7,-21.3,-2,-19.3,-13.3,0.20,OK
F00480,2027-02-02 09:50,G8,-24.9,0,-24.9,-13.3,0.16,OK
F00481,2027-02-02 10:00,G1,-0.6,0,-0.6,-13.2,0.65,OK
F00482,2027-02-02 10:00,G2,8.0,1,7.0,-13.2,0.65,OK
F00483,2027-02-02 10:00,G3,11.5,-1,12.5,-13.2,0.68,OK
F00484,2027-02-02 10:00,G4,22.7,0,22.7,-13.2,0.64,OK
F00485,2027-02-02 10:00,G5,25.1,2,23.1,-13.2,0.66,OK
F00486,2027-02-02 10:00,G6,216.5,187,29.5,-13.2,0.65,OK
F00487,2027-02-02 10:00,G7,12.7,-2,14.7,-13.2,0.65,OK
F00488,2027-02-02 10:00,G8,2.9,0,2.9,-13.2,0.71,OK
F00489,2027-02-02 10:10,G1,-15.6,0,-15.6,-13.1,0.19,OK
F00490,2027-02-02 10:10,G2,-17.1,1,-18.1,-13.1,0.23,OK
F00491,2027-02-02 10:10,G3,-22.8,-1,-21.8,-13.1,0.18,OK
F00492,2027-02-02 10:10,G4,-22.4,0,-22.4,-13.1,0.20,OK
F00493,2027-02-02 10:10,G5,-21.2,2,-23.2,-13.1,0.19,OK
F00494,2027-02-02 10:10,G6,165.8,187,-21.2,-13.1,0.22,OK
F00495,2027-02-02 10:10,G7,-27.0,-2,-25.0,-13.1,0.17,OK
F00496,2027-02-02 10:10,G8,-27.3,0,-27.3,-13.1,0.21,OK
F00497,2027-02-02 10:20,G1,11.6,0,11.6,-12.9,0.87,OK
F00498,2027-02-02 10:20,G2,22.9,1,21.9,-12.9,0.87,OK
F00499,2027-02-02 10:20,G3,23.6,-1,24.6,-12.9,0.89,OK
F00500,2027-02-02 10:20,G4,30.2,0,30.2,-12.9,0.88,OK
F00501,2027-02-02 10:20,G5,49.5,2,47.5,-12.9,0.89,OK
F00502,2027-02-02 10:20,G6,237.0,187,50.0,-12.9,0.84,OK
F00503,2027-02-02 10:20,G7,19.0,-2,21.0,-12.9,0.86,OK
F00504,2027-02-02 10:20,G8,11.6,0,11.6,-12.9,0.85,OK
F00505,2027-02-02 10:30,G1,-13.2,0,-13.2,-12.8,0.16,OK
F00506,2027-02-02 10:30,G2,-13.8,1,-14.8,-12.8,0.23,OK
F00507,2027-02-02 10:30,G3,-21.4,-1,-20.4,-12.8,0.23,OK
F00508,2027-02-02 10:30,G4,-23.7,0,-23.7,-12.8,0.16,OK
F00509,2027-02-02 10:30,G5,-20.0,2,-22.0,-12.8,0.18,OK
F00510,2027-02-02 10:30,G6,165.4,187,-21.6,-12.8,0.21,OK
F00511,2027-02-02 10:30,G7,-23.8,-2,-21.8,-12.8,0.20,OK
F00512,2027-02-02 10:30,G8,-26.3,0,-26.3,-12.8,0.20,OK
F00513,2027-02-02 10:40,G1,20.2,0,20.2,-12.6,1.02,OK
F00514,2027-02-02 10:40,G2,32.2,1,31.2,-12.6,1.03,OK
F00515,2027-02-02 10:40,G3,33.5,-1,34.5,-12.6,1.06,OK
F00516,2027-02-02 10:40,G4,48.9,0,48.9,-12.6,1.06,OK
F00517,2027-02-02 10:40,G5,63.1,2,61.1,-12.6,1.00,OK
F00518,2027-02-02 10:40,G6,260.8,187,73.8,-12.6,1.01,OK
F00519,2027-02-02 10:40,G7,38.2,-2,40.2,-12.6,1.05,OK
F00520,2027-02-02 10:40,G8,20.3,0,20.3,-12.6,1.06,OK
F00521,2027-02-02 10:50,G1,-13.3,0,-13.3,-12.4,0.19,OK
F00522,2027-02-02 10:50,G2,-12.2,1,-13.2,-12.4,0.21,OK
F00523,2027-02-02 10:50,G3,-17.2,-1,-16.2,-12.4,0.17,OK
F00524,2027-02-02 10:50,G4,-19.7,0,-19.7,-12.4,0.23,OK
F00525,2027-02-02 10:50,G5,-18.2,2,-20.2,-12.4,0.17,OK
F00526,2027-02-02 10:50,G6,167.7,187,-19.3,-12.4,0.21,OK
F00527,2027-02-02 10:50,G7,-25.1,-2,-23.1,-12.4,0.23,OK
F00528,2027-02-02 10:50,G8,-19.6,0,-19.6,-12.4,0.20,OK
F00529,2027-02-02 11:00,G1,5.7,0,5.7,-12.2,0.78,OK
F00530,2027-02-02 11:00,G2,10.8,1,9.8,-12.2,0.76,OK
F00531,2027-02-02 11:00,G3,13.9,-1,14.9,-12.2,0.72,OK
F00532,2027-02-02 11:00,G4,27.3,0,27.3,-12.2,0.75,OK
F00533,2027-02-02 11:00,G5,36.8,2,34.8,-12.2,0.73,OK
F00534,2027-02-02 11:00,G6,229.7,187,42.7,-12.2,0.76,OK
F00535,2027-02-02 11:00,G7,17.2,-2,19.2,-12.2,0.77,OK
F00536,2027-02-02 11:00,G8,5.8,0,5.8,-12.2,0.72,OK
F00537,2027-02-02 11:10,G1,-18.6,0,-18.6,-12.1,0.17,OK
F00538,2027-02-02 11:10,G2,-10.8,1,-11.8,-12.1,0.16,OK
F00539,2027-02-02 11:10,G3,-21.8,-1,-20.8,-12.1,0.23,OK
F00540,2027-02-02 11:10,G4,-13.8,0,-13.8,-12.1,0.16,OK
F00541,2027-02-02 11:10,G5,-15.2,2,-17.2,-12.1,0.22,OK
F00542,2027-02-02 11:10,G6,168.8,187,-18.2,-12.1,0.20,OK
F00543,2027-02-02 11:10,G7,-21.1,-2,-19.1,-12.1,0.19,OK
F00544,2027-02-02 11:10,G8,-22.0,0,-22.0,-12.1,0.21,OK
F00545,2027-02-02 11:20,G1,17.1,0,17.1,-11.9,0.92,OK
F00546,2027-02-02 11:20,G2,21.8,1,20.8,-11.9,0.95,OK
F00547,2027-02-02 11:20,G3,32.4,-1,33.4,-11.9,0.91,OK
F00548,2027-02-02 11:20,G4,43.5,0,43.5,-11.9,0.88,OK
F00549,2027-02-02 11:20,G5,52.3,2,50.3,-11.9,0.91,OK
F00550,2027-02-02 11:20,G6,250.1,187,63.1,-11.9,0.88,OK
F00551,2027-02-02 11:20,G7,35.3,-2,37.3,-11.9,0.93,OK
F00552,2027-02-02 11:20,G8,14.8,0,14.8,-11.9,0.92,OK
F00553,2027-02-02 11:30,G1,-13.3,0,-13.3,-11.7,0.20,OK
F00554,2027-02-02 11:30,G2,-10.2,1,-11.2,-11.7,0.23,OK
F00555,2027-02-02 11:30,G3,-14.5,-1,-13.5,-11.7,0.23,OK
F00556,2027-02-02 11:30,G4,-14.6,0,-14.6,-11.7,0.20,OK
F00557,2027-02-02 11:30,G5,-18.6,2,-20.6,-11.7,0.22,OK
F00558,2027-02-02 11:30,G6,167.2,187,-19.8,-11.7,0.18,OK
F00559,2027-02-02 11:30,G7,-25.3,-2,-23.3,-11.7,0.22,OK
F00560,2027-02-02 11:30,G8,-19.0,0,-19.0,-11.7,0.19,OK
F00561,2027-02-02 11:40,G1,22.4,0,22.4,-11.4,1.10,OK
F00562,2027-02-02 11:40,G2,32.2,1,31.2,-11.4,1.07,OK
F00563,2027-02-02 11:40,G3,42.3,-1,43.3,-11.4,1.10,OK
F00564,2027-02-02 11:40,G4,61.9,0,61.9,-11.4,1.10,OK
F00565,2027-02-02 11:40,G5,75.2,2,73.2,-11.4,1.08,OK
F00566,2027-02-02 11:40,G6,269.2,187,82.2,-11.4,1.11,OK
F00567,2027-02-02 11:40,G7,43.4,-2,45.4,-11.4,1.10,OK
F00568,2027-02-02 11:40,G8,22.4,0,22.4,-11.4,1.07,OK
F00569,2027-02-02 11:50,G1,-11.5,0,-11.5,-11.2,0.17,OK
F00570,2027-02-02 11:50,G2,-11.7,1,-12.7,-11.2,0.20,OK
F00571,2027-02-02 11:50,G3,-16.9,-1,-15.9,-11.2,0.22,OK
F00572,2027-02-02 11:50,G4,-13.5,0,-13.5,-11.2,0.23,OK
F00573,2027-02-02 11:50,G5,-15.1,2,-17.1,-11.2,0.19,OK
F00574,2027-02-02 11:50,G6,166.3,187,-20.7,-11.2,0.24,OK
F00575,2027-02-02 11:50,G7,-16.5,-2,-14.5,-11.2,0.16,OK
F00576,2027-02-02 11:50,G8,-16.3,0,-16.3,-11.2,0.18,OK
F00577,2027-02-02 12:00,G1,10.2,0,10.2,-11.0,0.78,OK
F00578,2027-02-02 12:00,G2,24.9,1,23.9,-11.0,0.82,OK
F00579,2027-02-02 12:00,G3,24.6,-1,25.6,-11.0,0.81,OK
F00580,2027-02-02 12:00,G4,33.5,0,33.5,-11.0,0.83,OK
F00581,2027-02-02 12:00,G5,46.9,2,44.9,-11.0,0.82,OK
F00582,2027-02-02 12:00,G6,241.1,187,54.1,-11.0,0.82,OK
F00583,2027-02-02 12:00,G7,26.3,-2,28.3,-11.0,0.83,OK
F00584,2027-02-02 12:00,G8,12.5,0,12.5,-11.0,0.78,OK
F00585,2027-02-02 12:10,G1,-13.6,0,-13.6,-10.8,0.24,OK
F00586,2027-02-02 12:10,G2,-13.3,1,-14.3,-10.8,0.19,OK
F00587,2027-02-02 12:10,G3,-12.0,-1,-11.0,-10.8,0.24,OK
F00588,2027-02-02 12:10,G4,-17.2,0,-17.2,-10.8,0.16,OK
F00589,2027-02-02 12:10,G5,-9.4,2,-11.4,-10.8,0.19,OK
F00590,2027-02-02 12:10,G6,168.4,187,-18.6,-10.8,0.19,OK
F00591,2027-02-02 12:10,G7,-19.3,-2,-17.3,-10.8,0.16,OK
F00592,2027-02-02 12:10,G8,-15.2,0,-15.2,-10.8,0.22,OK
F00593,2027-02-02 12:20,G1,26.1,0,26.1,-10.5,1.01,OK
F00594,2027-02-02 12:20,G2,33.1,1,32.1,-10.5,0.99,OK
F00595,2027-02-02 12:20,G3,33.7,-1,34.7,-10.5,0.97,OK
F00596,2027-02-02 12:20,G4,50.9,0,50.9,-10.5,0.99,OK
F00597,2027-02-02 12:20,G5,60.5,2,58.5,-10.5,0.94,OK
F00598,2027-02-02 12:20,G6,257.0,187,70.0,-10.5,0.95,OK
F00599,2027-02-02 12:20,G7,40.5,-2,42.5,-10.5,0.96,OK
F00600,2027-02-02 12:20,G8,24.0,0,24.0,-10.5,1.00,OK
F00601,2027-02-02 12:30,G1,-11.6,0,-11.6,-10.3,0.20,OK
F00602,2027-02-02 12:30,G2,-13.5,1,-14.5,-10.3,0.17,OK
F00603,2027-02-02 12:30,G3,-9.3,-1,-8.3,-10.3,0.18,OK
F00604,2027-02-02 12:30,G4,-9.2,0,-9.2,-10.3,0.17,OK
F00605,2027-02-02 12:30,G5,-10.2,2,-12.2,-10.3,0.20,OK
F00606,2027-02-02 12:30,G6,170.4,187,-16.6,-10.3,0.23,OK
F00607,2027-02-02 12:30,G7,-20.4,-2,-18.4,-10.3,0.20,OK
F00608,2027-02-02 12:30,G8,-18.5,0,-18.5,-10.3,0.19,OK
F00609,2027-02-02 12:40,G1,6.3,0,6.3,-10.1,0.50,OK
F00610,2027-02-02 12:40,G2,5.5,1,4.5,-10.1,0.49,OK
F00611,2027-02-02 12:40,G3,4.3,-1,5.3,-10.1,0.51,OK
F00612,2027-02-02 12:40,G4,9.9,0,9.9,-10.1,0.50,OK
F00613,2027-02-02 12:40,G5,22.5,2,20.5,-10.1,0.53,OK
F00614,2027-02-02 12:40,G6,210.1,187,23.1,-10.1,0.50,OK
F00615,2027-02-02 12:40,G7,9.2,-2,11.2,-10.1,0.49,OK
F00616,2027-02-02 12:40,G8,2.8,0,2.8,-10.1,0.53,OK
F00617,2027-02-02 12:50,G1,-13.1,0,-13.1,-9.8,0.22,OK
F00618,2027-02-02 12:50,G2,-9.9,1,-10.9,-9.8,0.21,OK
F00619,2027-02-02 12:50,G3,-13.6,-1,-12.6,-9.8,0.20,OK
F00620,2027-02-02 12:50,G4,-8.5,0,-8.5,-9.8,0.16,OK
F00621,2027-02-02 12:50,G5,-8.2,2,-10.2,-9.8,0.22,OK
F00622,2027-02-02 12:50,G6,174.0,187,-13.0,-9.8,0.20,OK
F00623,2027-02-02 12:50,G7,-19.2,-2,-17.2,-9.8,0.18,OK
F00624,2027-02-02 12:50,G8,-9.8,0,-9.8,-9.8,0.22,OK
F00625,2027-02-02 13:00,G1,20.8,0,20.8,-9.6,0.88,OK
F00626,2027-02-02 13:00,G2,26.0,1,25.0,-9.6,0.84,OK
F00627,2027-02-02 13:00,G3,34.0,-1,35.0,-9.6,0.83,OK
F00628,2027-02-02 13:00,G4,47.4,0,47.4,-9.6,0.84,OK
F00629,2027-02-02 13:00,G5,56.4,2,54.4,-9.6,0.89,OK
F00630,2027-02-02 13:00,G6,247.8,187,60.8,-9.6,0.84,OK
F00631,2027-02-02 13:00,G7,35.7,-2,37.7,-9.6,0.83,OK
F00632,2027-02-02 13:00,G8,16.6,0,16.6,-9.6,0.83,OK
F00633,2027-02-02 13:10,G1,-5.0,0,-5.0,-9.3,0.18,OK
F00634,2027-02-02 13:10,G2,-13.1,1,-14.1,-9.3,0.19,OK
F00635,2027-02-02 13:10,G3,-11.4,-1,-10.4,-9.3,0.19,OK
F00636,2027-02-02 13:10,G4,-11.8,0,-11.8,-9.3,0.17,OK
F00637,2027-02-02 13:10,G5,-10.1,2,-12.1,-9.3,0.24,OK
F00638,2027-02-02 13:10,G6,175.7,187,-11.3,-9.3,0.17,OK
F00639,2027-02-02 13:10,G7,-11.0,-2,-9.0,-9.3,0.20,OK
F00640,2027-02-02 13:10,G8,-14.5,0,-14.5,-9.3,0.17,OK
F00641,2027-02-02 13:20,G1,30.1,0,30.1,-9.0,1.07,OK
F00642,2027-02-02 13:20,G2,40.3,1,39.3,-9.0,1.00,OK
F00643,2027-02-02 13:20,G3,48.6,-1,49.6,-9.0,1.05,OK
F00644,2027-02-02 13:20,G4,63.4,0,63.4,-9.0,1.04,OK
F00645,2027-02-02 13:20,G5,74.6,2,72.6,-9.0,1.00,OK
F00646,2027-02-02 13:20,G6,271.5,187,84.5,-9.0,1.05,OK
F00647,2027-02-02 13:20,G7,48.9,-2,50.9,-9.0,1.02,OK
F00648,2027-02-02 13:20,G8,28.2,0,28.2,-9.0,1.05,OK
F00649,2027-02-02 13:30,G1,-10.3,0,-10.3,-8.8,0.21,OK
F00650,2027-02-02 13:30,G2,-7.7,1,-8.7,-8.8,0.17,OK
F00651,2027-02-02 13:30,G3,-13.1,-1,-12.1,-8.8,0.23,OK
F00652,2027-02-02 13:30,G4,-13.6,0,-13.6,-8.8,0.21,OK
F00653,2027-02-02 13:30,G5,-3.6,2,-5.6,-8.8,0.17,OK
F00654,2027-02-02 13:30,G6,172.6,187,-14.4,-8.8,0.23,OK
F00655,2027-02-02 13:30,G7,-10.6,-2,-8.6,-8.8,0.16,OK
F00656,2027-02-02 13:30,G8,-10.8,0,-10.8,-8.8,0.22,OK
F00657,2027-02-02 13:40,G1,9.2,0,9.2,-8.5,0.55,OK
F00658,2027-02-02 13:40,G2,10.1,1,9.1,-8.5,0.61,OK
F00659,2027-02-02 13:40,G3,17.0,-1,18.0,-8.5,0.60,OK
F00660,2027-02-02 13:40,G4,20.3,0,20.3,-8.5,0.62,OK
F00661,2027-02-02 13:40,G5,28.8,2,26.8,-8.5,0.58,OK
F00662,2027-02-02 13:40,G6,216.9,187,29.9,-8.5,0.57,OK
F00663,2027-02-02 13:40,G7,17.6,-2,19.6,-8.5,0.57,OK
F00664,2027-02-02 13:40,G8,8.2,0,8.2,-8.5,0.60,OK
F00665,2027-02-02 13:50,G1,-4.4,0,-4.4,-8.3,0.20,OK
F00666,2027-02-02 13:50,G2,-5.4,1,-6.4,-8.3,0.22,OK
F00667,2027-02-02 13:50,G3,-11.6,-1,-10.6,-8.3,0.23,OK
F00668,2027-02-02 13:50,G4,-4.9,0,-4.9,-8.3,0.23,OK
F00669,2027-02-02 13:50,G5,-3.4,2,-5.4,-8.3,0.20,OK
F00670,2027-02-02 13:50,G6,176.0,187,-11.0,-8.3,0.18,OK
F00671,2027-02-02 13:50,G7,-15.5,-2,-13.5,-8.3,0.23,OK
F00672,2027-02-02 13:50,G8,-6.3,0,-6.3,-8.3,0.22,OK
F00673,2027-02-02 14:00,G1,22.3,0,22.3,-8.0,0.90,OK
F00674,2027-02-02 14:00,G2,38.3,1,37.3,-8.0,0.95,OK
F00675,2027-02-02 14:00,G3,35.2,-1,36.2,-8.0,0.89,OK
F00676,2027-02-02 14:00,G4,55.9,0,55.9,-8.0,0.90,OK
F00677,2027-02-02 14:00,G5,62.9,2,60.9,-8.0,0.94,OK
F00678,2027-02-02 14:00,G6,259.5,187,72.5,-8.0,0.96,OK
F00679,2027-02-02 14:00,G7,38.8,-2,40.8,-8.0,0.93,OK
F00680,2027-02-02 14:00,G8,22.9,0,22.9,-8.0,0.92,OK
F00681,2027-02-02 14:10,G1,-8.1,0,-8.1,-7.7,0.21,OK
F00682,2027-02-02 14:10,G2,-7.9,1,-8.9,-7.7,0.20,OK
F00683,2027-02-02 14:10,G3,-7.4,-1,-6.4,-7.7,0.23,OK
F00684,2027-02-02 14:10,G4,-3.9,0,-3.9,-7.7,0.17,OK
F00685,2027-02-02 14:10,G5,-2.4,2,-4.4,-7.7,0.18,OK
F00686,2027-02-02 14:10,G6,183.2,187,-3.8,-7.7,0.20,OK
F00687,2027-02-02 14:10,G7,-12.7,-2,-10.7,-7.7,0.21,OK
F00688,2027-02-02 14:10,G8,-8.3,0,-8.3,-7.7,0.22,OK
F00689,2027-02-02 14:20,G1,37.2,0,37.2,-7.5,1.08,OK
F00690,2027-02-02 14:20,G2,43.2,1,42.2,-7.5,1.12,OK
F00691,2027-02-02 14:20,G3,52.3,-1,53.3,-7.5,1.12,OK
F00692,2027-02-02 14:20,G4,68.7,0,68.7,-7.5,1.10,OK
F00693,2027-02-02 14:20,G5,80.6,2,78.6,-7.5,1.11,OK
F00694,2027-02-02 14:20,G6,287.7,187,100.7,-7.5,1.08,OK
F00695,2027-02-02 14:20,G7,60.3,-2,62.3,-7.5,1.13,OK
F00696,2027-02-02 14:20,G8,34.1,0,34.1,-7.5,1.09,OK
F00697,2027-02-02 14:30,G1,-8.3,0,-8.3,-7.2,0.20,OK
F00698,2027-02-02 14:30,G2,-7.7,1,-8.7,-7.2,0.18,OK
F00699,2027-02-02 14:30,G3,-4.0,-1,-3.0,-7.2,0.22,OK
F00700,2027-02-02 14:30,G4,-3.3,0,-3.3,-7.2,0.17,OK
F00701,2027-02-02 14:30,G5,-8.2,2,-10.2,-7.2,0.18,OK
F00702,2027-02-02 14:30,G6,183.6,187,-3.4,-7.2,0.19,OK
F00703,2027-02-02 14:30,G7,-11.6,-2,-9.6,-7.2,0.21,OK
F00704,2027-02-02 14:30,G8,-9.9,0,-9.9,-7.2,0.17,OK
F00705,2027-02-02 14:40,G1,12.2,0,12.2,-7.0,0.65,OK
F00706,2027-02-02 14:40,G2,18.3,1,17.3,-7.0,0.62,OK
F00707,2027-02-02 14:40,G3,22.7,-1,23.7,-7.0,0.65,OK
F00708,2027-02-02 14:40,G4,33.9,0,33.9,-7.0,0.65,OK
F00709,2027-02-02 14:40,G5,45.2,2,43.2,-7.0,0.68,OK
F00710,2027-02-02 14:40,G6,234.8,187,47.8,-7.0,0.66,OK
F00711,2027-02-02 14:40,G7,24.1,-2,26.1,-7.0,0.67,OK
F00712,2027-02-02 14:40,G8,16.6,0,16.6,-7.0,0.66,OK
F00713,2027-02-02 14:50,G1,0.4,0,0.4,-6.7,0.20,OK
F00714,2027-02-02 14:50,G2,1.2,1,0.2,-6.7,0.21,OK
F00715,2027-02-02 14:50,G3,-2.9,-1,-1.9,-6.7,0.17,OK
F00716,2027-02-02 14:50,G4,-5.5,0,-5.5,-6.7,0.23,OK
F00717,2027-02-02 14:50,G5,-2.9,2,-4.9,-6.7,0.22,OK
F00718,2027-02-02 14:50,G6,179.9,187,-7.1,-6.7,0.22,OK
F00719,2027-02-02 14:50,G7,-5.4,-2,-3.4,-6.7,0.17,OK
F00720,2027-02-02 14:50,G8,-5.8,0,-5.8,-6.7,0.23,OK
F00721,2027-02-02 15:00,G1,33.3,0,33.3,-6.4,0.97,OK
F00722,2027-02-02 15:00,G2,44.7,1,43.7,-6.4,0.98,OK
F00723,2027-02-02 15:00,G3,47.1,-1,48.1,-6.4,0.97,OK
F00724,2027-02-02 15:00,G4,62.5,0,62.5,-6.4,1.00,OK
F00725,2027-02-02 15:00,G5,77.2,2,75.2,-6.4,0.97,OK
F00726,2027-02-02 15:00,G6,269.8,187,82.8,-6.4,0.98,OK
F00727,2027-02-02 15:00,G7,50.0,-2,52.0,-6.4,1.01,OK
F00728,2027-02-02 15:00,G8,34.9,0,34.9,-6.4,0.96,OK
F00729,2027-02-02 15:10,G1,0.8,0,0.8,-6.2,0.19,OK
F00730,2027-02-02 15:10,G2,-3.2,1,-4.2,-6.2,0.22,OK
F00731,2027-02-02 15:10,G3,-6.4,-1,-5.4,-6.2,0.17,OK
F00732,2027-02-02 15:10,G4,1.0,0,1.0,-6.2,0.22,OK
F00733,2027-02-02 15:10,G5,0.8,2,-1.2,-6.2,0.23,OK
F00734,2027-02-02 15:10,G6,182.9,187,-4.1,-6.2,0.20,OK
F00735,2027-02-02 15:10,G7,-3.3,-2,-1.3,-6.2,0.17,OK
F00736,2027-02-02 15:10,G8,-3.5,0,-3.5,-6.2,0.23,OK
F00737,2027-02-02 15:20,G1,12.7,0,12.7,-5.9,0.51,OK
F00738,2027-02-02 15:20,G2,13.8,1,12.8,-5.9,0.56,OK
F00739,2027-02-02 15:20,G3,20.1,-1,21.1,-5.9,0.55,OK
F00740,2027-02-02 15:20,G4,28.0,0,28.0,-5.9,0.56,OK
F00741,2027-02-02 15:20,G5,33.5,2,31.5,-5.9,0.57,OK
F00742,2027-02-02 15:20,G6,224.7,187,37.7,-5.9,0.53,OK
F00743,2027-02-02 15:20,G7,21.7,-2,23.7,-5.9,0.50,OK
F00744,2027-02-02 15:20,G8,10.1,0,10.1,-5.9,0.56,OK
F00745,2027-02-02 15:30,G1,-2.3,0,-2.3,-5.7,0.17,OK
F00746,2027-02-02 15:30,G2,-2.4,1,-3.4,-5.7,0.19,OK
F00747,2027-02-02 15:30,G3,-0.8,-1,0.2,-5.7,0.22,OK
F00748,2027-02-02 15:30,G4,-4.1,0,-4.1,-5.7,0.21,OK
F00749,2027-02-02 15:30,G5,-3.0,2,-5.0,-5.7,0.21,OK
F00750,2027-02-02 15:30,G6,181.5,187,-5.5,-5.7,0.23,OK
F00751,2027-02-02 15:30,G7,-7.9,-2,-5.9,-5.7,0.19,OK
F00752,2027-02-02 15:30,G8,-0.9,0,-0.9,-5.7,0.17,OK
F00753,2027-02-02 15:40,G1,25.3,0,25.3,-5.5,0.70,OK
F00754,2027-02-02 15:40,G2,27.5,1,26.5,-5.5,0.73,OK
F00755,2027-02-02 15:40,G3,26.6,-1,27.6,-5.5,0.67,OK
F00756,2027-02-02 15:40,G4,44.0,0,44.0,-5.5,0.72,OK
F00757,2027-02-02 15:40,G5,46.8,2,44.8,-5.5,0.72,OK
F00758,2027-02-02 15:40,G6,247.9,187,60.9,-5.5,0.68,OK
F00759,2027-02-02 15:40,G7,38.0,-2,40.0,-5.5,0.68,OK
F00760,2027-02-02 15:40,G8,24.9,0,24.9,-5.5,0.67,OK
F00761,2027-02-02 15:50,G1,-2.7,0,-2.7,-5.2,0.17,OK
F00762,2027-02-02 15:50,G2,-1.9,1,-2.9,-5.2,0.20,OK
F00763,2027-02-02 15:50,G3,-2.5,-1,-1.5,-5.2,0.22,OK
F00764,2027-02-02 15:50,G4,-0.3,0,-0.3,-5.2,0.20,OK
F00765,2027-02-02 15:50,G5,4.0,2,2.0,-5.2,0.23,OK
F00766,2027-02-02 15:50,G6,188.4,187,1.4,-5.2,0.17,OK
F00767,2027-02-02 15:50,G7,-0.7,-2,1.3,-5.2,0.21,OK
F00768,2027-02-02 15:50,G8,-2.2,0,-2.2,-5.2,0.19,OK
F00769,2027-02-02 16:00,G1,34.6,0,34.6,-5.0,1.02,OK
F00770,2027-02-02 16:00,G2,47.0,1,46.0,-5.0,1.05,OK
F00771,2027-02-02 16:00,G3,50.9,-1,51.9,-5.0,1.07,OK
F00772,2027-02-02 16:00,G4,69.0,0,69.0,-5.0,1.03,OK
F00773,2027-02-02 16:00,G5,86.1,2,84.1,-5.0,1.02,OK
F00774,2027-02-02 16:00,G6,283.9,187,96.9,-5.0,1.04,OK
F00775,2027-02-02 16:00,G7,56.3,-2,58.3,-5.0,1.01,OK
F00776,2027-02-02 16:00,G8,40.8,0,40.8,-5.0,1.02,OK
F00777,2027-02-02 16:10,G1,2.8,0,2.8,-4.8,0.17,OK
F00778,2027-02-02 16:10,G2,2.1,1,1.1,-4.8,0.20,OK
F00779,2027-02-02 16:10,G3,2.2,-1,3.2,-4.8,0.18,OK
F00780,2027-02-02 16:10,G4,-3.2,0,-3.2,-4.8,0.23,OK
F00781,2027-02-02 16:10,G5,-0.3,2,-2.3,-4.8,0.17,OK
F00782,2027-02-02 16:10,G6,191.1,187,4.1,-4.8,0.17,OK
F00783,2027-02-02 16:10,G7,-3.4,-2,-1.4,-4.8,0.21,OK
F00784,2027-02-02 16:10,G8,-3.1,0,-3.1,-4.8,0.24,OK
F00785,2027-02-02 16:20,G1,15.5,0,15.5,-4.6,0.58,OK
F00786,2027-02-02 16:20,G2,23.9,1,22.9,-4.6,0.63,OK
F00787,2027-02-02 16:20,G3,28.9,-1,29.9,-4.6,0.62,OK
F00788,2027-02-02 16:20,G4,29.3,0,29.3,-4.6,0.61,OK
F00789,2027-02-02 16:20,G5,40.9,2,38.9,-4.6,0.58,OK
F00790,2027-02-02 16:20,G6,232.6,187,45.6,-4.6,0.59,OK
F00791,2027-02-02 16:20,G7,32.0,-2,34.0,-4.6,0.56,OK
F00792,2027-02-02 16:20,G8,17.8,0,17.8,-4.6,0.61,OK
F00793,2027-02-02 16:30,G1,-1.6,0,-1.6,-4.3,0.18,OK
F00794,2027-02-02 16:30,G2,4.7,1,3.7,-4.3,0.18,OK
F00795,2027-02-02 16:30,G3,2.9,-1,3.9,-4.3,0.17,OK
F00796,2027-02-02 16:30,G4,-1.1,0,-1.1,-4.3,0.21,OK
F00797,2027-02-02 16:30,G5,6.2,2,4.2,-4.3,0.17,OK
F00798,2027-02-02 16:30,G6,185.9,187,-1.1,-4.3,0.24,OK
F00799,2027-02-02 16:30,G7,-2.8,-2,-0.8,-4.3,0.18,OK
F00800,2027-02-02 16:30,G8,1.0,0,1.0,-4.3,0.19,OK
F00801,2027-02-02 16:40,G1,22.1,0,22.1,-4.1,0.79,OK
F00802,2027-02-02 16:40,G2,33.1,1,32.1,-4.1,0.77,OK
F00803,2027-02-02 16:40,G3,35.6,-1,36.6,-4.1,0.75,OK
F00804,2027-02-02 16:40,G4,49.7,0,49.7,-4.1,0.79,OK
F00805,2027-02-02 16:40,G5,63.0,2,61.0,-4.1,0.77,OK
F00806,2027-02-02 16:40,G6,250.8,187,63.8,-4.1,0.76,OK
F00807,2027-02-02 16:40,G7,44.0,-2,46.0,-4.1,0.73,OK
F00808,2027-02-02 16:40,G8,28.3,0,28.3,-4.1,0.74,OK
F00809,2027-02-02 16:50,G1,0.5,0,0.5,-3.9,0.18,OK
F00810,2027-02-02 16:50,G2,2.0,1,1.0,-3.9,0.18,OK
F00811,2027-02-02 16:50,G3,-2.7,-1,-1.7,-3.9,0.19,OK
F00812,2027-02-02 16:50,G4,3.2,0,3.2,-3.9,0.23,OK
F00813,2027-02-02 16:50,G5,6.3,2,4.3,-3.9,0.21,OK
F00814,2027-02-02 16:50,G6,190.4,187,3.4,-3.9,0.17,OK
F00815,2027-02-02 16:50,G7,2.0,-2,4.0,-3.9,0.23,OK
F00816,2027-02-02 16:50,G8,0.9,0,0.9,-3.9,0.20,OK
F00817,2027-02-02 17:00,G1,45.8,0,45.8,-3.8,1.06,OK
F00818,2027-02-02 17:00,G2,56.0,1,55.0,-3.8,1.12,OK
F00819,2027-02-02 17:00,G3,60.2,-1,61.2,-3.8,1.13,OK
F00820,2027-02-02 17:00,G4,78.8,0,78.8,-3.8,1.14,OK
F00821,2027-02-02 17:00,G5,93.7,2,91.7,-3.8,1.09,OK
F00822,2027-02-02 17:00,G6,291.0,187,104.0,-3.8,1.10,OK
F00823,2027-02-02 17:00,G7,71.5,-2,73.5,-3.8,1.09,OK
F00824,2027-02-02 17:00,G8,46.4,0,46.4,-3.8,1.07,OK
F00825,2027-02-02 17:10,G1,0.0,0,0.0,-3.6,0.23,OK
F00826,2027-02-02 17:10,G2,3.3,1,2.3,-3.6,0.17,OK
F00827,2027-02-02 17:10,G3,0.7,-1,1.7,-3.6,0.19,OK
F00828,2027-02-02 17:10,G4,1.7,0,1.7,-3.6,0.22,OK
F00829,2027-02-02 17:10,G5,9.9,2,7.9,-3.6,0.23,OK
F00830,2027-02-02 17:10,G6,186.7,187,-0.3,-3.6,0.21,OK
F00831,2027-02-02 17:10,G7,4.6,-2,6.6,-3.6,0.17,OK
F00832,2027-02-02 17:10,G8,8.4,0,8.4,-3.6,0.21,OK
F00833,2027-02-02 17:20,G1,24.4,0,24.4,-3.4,0.66,OK
F00834,2027-02-02 17:20,G2,30.1,1,29.1,-3.4,0.64,OK
F00835,2027-02-02 17:20,G3,35.8,-1,36.8,-3.4,0.65,OK
F00836,2027-02-02 17:20,G4,40.1,0,40.1,-3.4,0.68,OK
F00837,2027-02-02 17:20,G5,51.6,2,49.6,-3.4,0.67,OK
F00838,2027-02-02 17:20,G6,243.4,187,56.4,-3.4,0.65,OK
F00839,2027-02-02 17:20,G7,32.5,-2,34.5,-3.4,0.64,OK
F00840,2027-02-02 17:20,G8,22.8,0,22.8,-3.4,0.64,OK
F00841,2027-02-02 17:30,G1,8.1,0,8.1,-3.2,0.24,OK
F00842,2027-02-02 17:30,G2,4.5,1,3.5,-3.2,0.23,OK
F00843,2027-02-02 17:30,G3,2.6,-1,3.6,-3.2,0.18,OK
F00844,2027-02-02 17:30,G4,3.7,0,3.7,-3.2,0.22,OK
F00845,2027-02-02 17:30,G5,8.3,2,6.3,-3.2,0.18,OK
F00846,2027-02-02 17:30,G6,196.2,187,9.2,-3.2,0.21,OK
F00847,2027-02-02 17:30,G7,2.6,-2,4.6,-3.2,0.24,OK
F00848,2027-02-02 17:30,G8,5.3,0,5.3,-3.2,0.17,OK
F00849,2027-02-02 17:40,G1,27.6,0,27.6,-3.1,0.86,OK
F00850,2027-02-02 17:40,G2,41.9,1,40.9,-3.1,0.84,OK
F00851,2027-02-02 17:40,G3,42.3,-1,43.3,-3.1,0.79,OK
F00852,2027-02-02 17:40,G4,59.0,0,59.0,-3.1,0.82,OK
F00853,2027-02-02 17:40,G5,64.8,2,62.8,-3.1,0.82,OK
F00854,2027-02-02 17:40,G6,266.1,187,79.1,-3.1,0.80,OK
F00855,2027-02-02 17:40,G7,51.6,-2,53.6,-3.1,0.81,OK
F00856,2027-02-02 17:40,G8,36.1,0,36.1,-3.1,0.83,OK
F00857,2027-02-02 17:50,G1,5.9,0,5.9,-2.9,0.18,OK
F00858,2027-02-02 17:50,G2,4.8,1,3.8,-2.9,0.18,OK
F00859,2027-02-02 17:50,G3,4.3,-1,5.3,-2.9,0.17,OK
F00860,2027-02-02 17:50,G4,3.9,0,3.9,-2.9,0.24,OK
F00861,2027-02-02 17:50,G5,9.1,2,7.1,-2.9,0.18,OK
F00862,2027-02-02 17:50,G6,189.6,187,2.6,-2.9,0.21,OK
F00863,2027-02-02 17:50,G7,0.3,-2,2.3,-2.9,0.16,OK
F00864,2027-02-02 17:50,G8,9.3,0,9.3,-2.9,0.21,OK
F00865,2027-02-02 18:00,G1,20.3,0,20.3,-2.8,0.51,OK
F00866,2027-02-02 18:00,G2,27.3,1,26.3,-2.8,0.53,OK
F00867,2027-02-02 18:00,G3,22.6,-1,23.6,-2.8,0.51,OK
F00868,2027-02-02 18:00,G4,32.3,0,32.3,-2.8,0.51,OK
F00869,2027-02-02 18:00,G5,40.4,2,38.4,-2.8,0.57,OK
F00870,2027-02-02 18:00,G6,236.1,187,49.1,-2.8,0.54,OK
F00871,2027-02-02 18:00,G7,33.1,-2,35.1,-2.8,0.52,OK
F00872,2027-02-02 18:00,G8,22.8,0,22.8,-2.8,0.54,OK
F00873,2027-02-02 18:10,G1,4.7,0,4.7,-2.7,0.21,OK
F00874,2027-02-02 18:10,G2,10.6,1,9.6,-2.7,0.17,OK
F00875,2027-02-02 18:10,G3,7.8,-1,8.8,-2.7,0.22,OK
F00876,2027-02-02 18:10,G4,9.4,0,9.4,-2.7,0.17,OK
F00877,2027-02-02 18:10,G5,7.4,2,5.4,-2.7,0.21,OK
F00878,2027-02-02 18:10,G6,191.8,187,4.8,-2.7,0.19,OK
F00879,2027-02-02 18:10,G7,4.3,-2,6.3,-2.7,0.18,OK
F00880,2027-02-02 18:10,G8,7.8,0,7.8,-2.7,0.21,OK
F00881,2027-02-02 18:20,G1,25.8,0,25.8,-2.6,0.73,OK
F00882,2027-02-02 18:20,G2,30.7,1,29.7,-2.6,0.73,OK
F00883,2027-02-02 18:20,G3,36.9,-1,37.9,-2.6,0.67,OK
F00884,2027-02-02 18:20,G4,48.0,0,48.0,-2.6,0.73,OK
F00885,2027-02-02 18:20,G5,55.4,2,53.4,-2.6,0.69,OK
F00886,2027-02-02 18:20,G6,251.1,187,64.1,-2.6,0.69,OK
F00887,2027-02-02 18:20,G7,39.0,-2,41.0,-2.6,0.70,OK
F00888,2027-02-02 18:20,G8,33.5,0,33.5,-2.6,0.71,OK
F00889,2027-02-02 18:30,G1,1.7,0,1.7,-2.5,0.17,OK
F00890,2027-02-02 18:30,G2,9.4,1,8.4,-2.5,0.22,OK
F00891,2027-02-02 18:30,G3,7.9,-1,8.9,-2.5,0.17,OK
F00892,2027-02-02 18:30,G4,3.8,0,3.8,-2.5,0.21,OK
F00893,2027-02-02 18:30,G5,8.1,2,6.1,-2.5,0.22,OK
F00894,2027-02-02 18:30,G6,197.8,187,10.8,-2.5,0.19,OK
F00895,2027-02-02 18:30,G7,6.7,-2,8.7,-2.5,0.22,OK
F00896,2027-02-02 18:30,G8,5.4,0,5.4,-2.5,0.19,OK
F00897,2027-02-02 18:40,G1,35.9,0,35.9,-2.4,0.93,OK
F00898,2027-02-02 18:40,G2,48.4,1,47.4,-2.4,0.88,OK
F00899,2027-02-02 18:40,G3,47.2,-1,48.2,-2.4,0.85,OK
F00900,2027-02-02 18:40,G4,64.8,0,64.8,-2.4,0.86,OK
F00901,2027-02-02 18:40,G5,78.4,2,76.4,-2.4,0.91,OK
F00902,2027-02-02 18:40,G6,273.7,187,86.7,-2.4,0.86,OK
F00903,2027-02-02 18:40,G7,52.5,-2,54.5,-2.4,0.88,OK
F00904,2027-02-02 18:40,G8,44.2,0,44.2,-2.4,0.89,OK
F00905,2027-02-02 18:50,G1,3.1,0,3.1,-2.3,0.17,OK
F00906,2027-02-02 18:50,G2,7.2,1,6.2,-2.3,0.19,OK
F00907,2027-02-02 18:50,G3,2.7,-1,3.7,-2.3,0.16,OK
F00908,2027-02-02 18:50,G4,3.1,0,3.1,-2.3,0.18,OK
F00909,2027-02-02 18:50,G5,11.3,2,9.3,-2.3,0.17,OK
F00910,2027-02-02 18:50,G6,198.8,187,11.8,-2.3,0.20,OK
F00911,2027-02-02 18:50,G7,5.6,-2,7.6,-2.3,0.21,OK
F00912,2027-02-02 18:50,G8,7.7,0,7.7,-2.3,0.21,OK
F00913,2027-02-02 19:00,G1,27.0,0,27.0,-2.2,0.61,OK
F00914,2027-02-02 19:00,G2,29.5,1,28.5,-2.2,0.64,OK
F00915,2027-02-02 19:00,G3,30.3,-1,31.3,-2.2,0.60,OK
F00916,2027-02-02 19:00,G4,43.4,0,43.4,-2.2,0.62,OK
F00917,2027-02-02 19:00,G5,51.2,2,49.2,-2.2,0.62,OK
F00918,2027-02-02 19:00,G6,241.7,187,54.7,-2.2,0.62,OK
F00919,2027-02-02 19:00,G7,31.3,-2,33.3,-2.2,0.60,OK
F00920,2027-02-02 19:00,G8,23.6,0,23.6,-2.2,0.63,OK
F00921,2027-02-02 19:10,G1,6.9,0,6.9,-2.1,0.21,OK
F00922,2027-02-02 19:10,G2,7.8,1,6.8,-2.1,0.21,OK
F00923,2027-02-02 19:10,G3,3.5,-1,4.5,-2.1,0.20,OK
F00924,2027-02-02 19:10,G4,4.2,0,4.2,-2.1,0.22,OK
F00925,2027-02-02 19:10,G5,7.3,2,5.3,-2.1,0.16,OK
F00926,2027-02-02 19:10,G6,191.7,187,4.7,-2.1,0.20,OK
F00927,2027-02-02 19:10,G7,9.9,-2,11.9,-2.1,0.21,OK
F00928,2027-02-02 19:10,G8,4.3,0,4.3,-2.1,0.21,OK
F00929,2027-02-02 19:20,G1,31.2,0,31.2,-2.1,0.76,OK
F00930,2027-02-02 19:20,G2,36.6,1,35.6,-2.1,0.79,OK
F00931,2027-02-02 19:20,G3,47.1,-1,48.1,-2.1,0.79,OK
F00932,2027-02-02 19:20,G4,58.4,0,58.4,-2.1,0.76,OK
F00933,2027-02-02 19:20,G5,63.5,2,61.5,-2.1,0.77,OK
F00934,2027-02-02 19:20,G6,264.2,187,77.2,-2.1,0.75,OK
F00935,2027-02-02 19:20,G7,44.5,-2,46.5,-2.1,0.80,OK
F00936,2027-02-02 19:20,G8,34.4,0,34.4,-2.1,0.74,OK
F00937,2027-02-02 19:30,G1,6.2,0,6.2,-2.1,0.23,OK
F00938,2027-02-02 19:30,G2,8.0,1,7.0,-2.1,0.22,OK
F00939,2027-02-02 19:30,G3,1.5,-1,2.5,-2.1,0.17,OK
F00940,2027-02-02 19:30,G4,9.0,0,9.0,-2.1,0.16,OK
F00941,2027-02-02 19:30,G5,10.0,2,8.0,-2.1,0.21,OK
F00942,2027-02-02 19:30,G6,192.8,187,5.8,-2.1,0.20,OK
F00943,2027-02-02 19:30,G7,7.2,-2,9.2,-2.1,0.20,OK
F00944,2027-02-02 19:30,G8,6.1,0,6.1,-2.1,0.21,OK
F00945,2027-02-02 19:40,G1,39.4,0,39.4,-2.0,0.91,OK
F00946,2027-02-02 19:40,G2,49.1,1,48.1,-2.0,0.91,OK
F00947,2027-02-02 19:40,G3,59.5,-1,60.5,-2.0,0.96,OK
F00948,2027-02-02 19:40,G4,72.7,0,72.7,-2.0,0.99,OK
F00949,2027-02-02 19:40,G5,82.8,2,80.8,-2.0,0.95,OK
F00950,2027-02-02 19:40,G6,283.7,187,96.7,-2.0,0.95,OK
F00951,2027-02-02 19:40,G7,61.4,-2,63.4,-2.0,0.92,OK
F00952,2027-02-02 19:40,G8,44.9,0,44.9,-2.0,0.91,OK
F00953,2027-02-02 19:50,G1,8.4,0,8.4,-2.0,0.23,OK
F00954,2027-02-02 19:50,G2,7.0,1,6.0,-2.0,0.21,OK
F00955,2027-02-02 19:50,G3,5.4,-1,6.4,-2.0,0.17,OK
F00956,2027-02-02 19:50,G4,8.8,0,8.8,-2.0,0.24,OK
F00957,2027-02-02 19:50,G5,13.2,2,11.2,-2.0,0.20,OK
F00958,2027-02-02 19:50,G6,198.8,187,11.8,-2.0,0.18,OK
F00959,2027-02-02 19:50,G7,3.1,-2,5.1,-2.0,0.19,OK
F00960,2027-02-02 19:50,G8,5.5,0,5.5,-2.0,0.18,OK
F00961,2027-02-02 20:00,G1,30.2,0,30.2,-2.0,0.68,OK
F00962,2027-02-02 20:00,G2,31.7,1,30.7,-2.0,0.67,OK
F00963,2027-02-02 20:00,G3,39.9,-1,40.9,-2.0,0.66,OK
F00964,2027-02-02 20:00,G4,49.5,0,49.5,-2.0,0.70,OK
F00965,2027-02-02 20:00,G5,58.2,2,56.2,-2.0,0.63,OK
F00966,2027-02-02 20:00,G6,247.5,187,60.5,-2.0,0.70,OK
F00967,2027-02-02 20:00,G7,36.1,-2,38.1,-2.0,0.63,OK
F00968,2027-02-02 20:00,G8,27.9,0,27.9,-2.0,0.69,OK
F00969,2027-02-02 20:10,G1,7.7,0,7.7,-2.0,0.18,OK
F00970,2027-02-02 20:10,G2,4.1,1,3.1,-2.0,0.21,OK
F00971,2027-02-02 20:10,G3,2.4,-1,3.4,-2.0,0.18,OK
F00972,2027-02-02 20:10,G4,10.4,0,10.4,-2.0,0.23,OK
F00973,2027-02-02 20:10,G5,13.0,2,11.0,-2.0,0.17,OK
F00974,2027-02-02 20:10,G6,192.2,187,5.2,-2.0,0.19,OK
F00975,2027-02-02 20:10,G7,6.7,-2,8.7,-2.0,0.23,OK
F00976,2027-02-02 20:10,G8,9.0,0,9.0,-2.0,0.17,OK
F00977,2027-02-02 20:20,G1,35.5,0,35.5,-2.0,0.86,OK
F00978,2027-02-02 20:20,G2,40.0,1,39.0,-2.0,0.82,OK
F00979,2027-02-02 20:20,G3,51.4,-1,52.4,-2.0,0.84,OK
F00980,2027-02-02 20:20,G4,58.8,0,58.8,-2.0,0.87,OK
F00981,2027-02-02 20:20,G5,72.7,2,70.7,-2.0,0.84,OK
F00982,2027-02-02 20:20,G6,271.5,187,84.5,-2.0,0.87,OK
F00983,2027-02-02 20:20,G7,51.7,-2,53.7,-2.0,0.82,OK
F00984,2027-02-02 20:20,G8,36.8,0,36.8,-2.0,0.85,OK
F00985,2027-02-02 20:30,G1,4.6,0,4.6,-2.1,0.17,OK
F00986,2027-02-02 20:30,G2,10.2,1,9.2,-2.1,0.22,OK
F00987,2027-02-02 20:30,G3,5.4,-1,6.4,-2.1,0.20,OK
F00988,2027-02-02 20:30,G4,5.2,0,5.2,-2.1,0.22,OK
F00989,2027-02-02 20:30,G5,10.5,2,8.5,-2.1,0.19,OK
F00990,2027-02-02 20:30,G6,190.8,187,3.8,-2.1,0.22,OK
F00991,2027-02-02 20:30,G7,4.2,-2,6.2,-2.1,0.20,OK
F00992,2027-02-02 20:30,G8,11.9,0,11.9,-2.1,0.21,OK
F00993,2027-02-02 20:40,G1,40.5,0,40.5,-2.1,1.03,OK
F00994,2027-02-02 20:40,G2,52.5,1,51.5,-2.1,0.97,OK
F00995,2027-02-02 20:40,G3,62.9,-1,63.9,-2.1,1.01,OK
F00996,2027-02-02 20:40,G4,70.2,0,70.2,-2.1,1.02,OK
F00997,2027-02-02 20:40,G5,91.4,2,89.4,-2.1,0.99,OK
F00998,2027-02-02 20:40,G6,287.8,187,100.8,-2.1,1.01,OK
F00999,2027-02-02 20:40,G7,67.3,-2,69.3,-2.1,1.04,OK
F01000,2027-02-02 20:40,G8,50.3,0,50.3,-2.1,1.02,OK
F01001,2027-02-02 20:50,G1,8.3,0,8.3,-2.1,0.18,OK
F01002,2027-02-02 20:50,G2,3.3,1,2.3,-2.1,0.16,OK
F01003,2027-02-02 20:50,G3,9.8,-1,10.8,-2.1,0.22,OK
F01004,2027-02-02 20:50,G4,3.7,0,3.7,-2.1,0.23,OK
F01005,2027-02-02 20:50,G5,8.5,2,6.5,-2.1,0.20,OK
F01006,2027-02-02 20:50,G6,192.5,187,5.5,-2.1,0.22,OK
F01007,2027-02-02 20:50,G7,5.8,-2,7.8,-2.1,0.23,OK
F01008,2027-02-02 20:50,G8,11.3,0,11.3,-2.1,0.18,OK
F01009,2027-02-02 21:00,G1,29.6,0,29.6,-2.2,0.71,OK
F01010,2027-02-02 21:00,G2,37.6,1,36.6,-2.2,0.72,OK
F01011,2027-02-02 21:00,G3,42.0,-1,43.0,-2.2,0.72,OK
F01012,2027-02-02 21:00,G4,54.6,0,54.6,-2.2,0.73,OK
F01013,2027-02-02 21:00,G5,63.4,2,61.4,-2.2,0.73,OK
F01014,2027-02-02 21:00,G6,257.5,187,70.5,-2.2,0.76,OK
F01015,2027-02-02 21:00,G7,43.1,-2,45.1,-2.2,0.70,OK
F01016,2027-02-02 21:00,G8,35.5,0,35.5,-2.2,0.70,OK
F01017,2027-02-02 21:10,G1,4.8,0,4.8,-2.3,0.18,OK
F01018,2027-02-02 21:10,G2,9.7,1,8.7,-2.3,0.16,OK
F01019,2027-02-02 21:10,G3,5.7,-1,6.7,-2.3,0.23,OK
F01020,2027-02-02 21:10,G4,6.8,0,6.8,-2.3,0.18,OK
F01021,2027-02-02 21:10,G5,9.1,2,7.1,-2.3,0.20,OK
F01022,2027-02-02 21:10,G6,192.7,187,5.7,-2.3,0.20,OK
F01023,2027-02-02 21:10,G7,7.2,-2,9.2,-2.3,0.22,OK
F01024,2027-02-02 21:10,G8,9.1,0,9.1,-2.3,0.20,OK
F01025,2027-02-02 21:20,G1,35.5,0,35.5,-2.4,0.87,OK
F01026,2027-02-02 21:20,G2,48.1,1,47.1,-2.4,0.89,OK
F01027,2027-02-02 21:20,G3,55.2,-1,56.2,-2.4,0.86,OK
F01028,2027-02-02 21:20,G4,68.1,0,68.1,-2.4,0.92,OK
F01029,2027-02-02 21:20,G5,78.5,2,76.5,-2.4,0.86,OK
F01030,2027-02-02 21:20,G6,270.5,187,83.5,-2.4,0.86,OK
F01031,2027-02-02 21:20,G7,57.6,-2,59.6,-2.4,0.90,OK
F01032,2027-02-02 21:20,G8,43.1,0,43.1,-2.4,0.93,OK
F01033,2027-02-02 21:30,G1,2.8,0,2.8,-2.5,0.22,OK
F01034,2027-02-02 21:30,G2,3.3,1,2.3,-2.5,0.21,OK
F01035,2027-02-02 21:30,G3,5.9,-1,6.9,-2.5,0.16,OK
F01036,2027-02-02 21:30,G4,7.6,0,7.6,-2.5,0.21,OK
F01037,2027-02-02 21:30,G5,10.1,2,8.1,-2.5,0.17,OK
F01038,2027-02-02 21:30,G6,192.3,187,5.3,-2.5,0.22,OK
F01039,2027-02-02 21:30,G7,3.8,-2,5.8,-2.5,0.23,OK
F01040,2027-02-02 21:30,G8,3.8,0,3.8,-2.5,0.23,OK
F01041,2027-02-02 21:40,G1,40.2,0,40.2,-2.6,1.08,OK
F01042,2027-02-02 21:40,G2,53.4,1,52.4,-2.6,1.04,OK
F01043,2027-02-02 21:40,G3,61.8,-1,62.8,-2.6,1.09,OK
F01044,2027-02-02 21:40,G4,78.6,0,78.6,-2.6,1.07,OK
F01045,2027-02-02 21:40,G5,97.1,2,95.1,-2.6,1.04,OK
F01046,2027-02-02 21:40,G6,290.4,187,103.4,-2.6,1.09,OK
F01047,2027-02-02 21:40,G7,65.7,-2,67.7,-2.6,1.09,OK
F01048,2027-02-02 21:40,G8,51.2,0,51.2,-2.6,1.09,OK
F01049,2027-02-02 21:50,G1,1.4,0,1.4,-2.7,0.21,OK
F01050,2027-02-02 21:50,G2,8.5,1,7.5,-2.7,0.19,OK
F01051,2027-02-02 21:50,G3,5.8,-1,6.8,-2.7,0.18,OK
F01052,2027-02-02 21:50,G4,8.9,0,8.9,-2.7,0.24,OK
F01053,2027-02-02 21:50,G5,8.9,2,6.9,-2.7,0.21,OK
F01054,2027-02-02 21:50,G6,193.6,187,6.6,-2.7,0.24,OK
F01055,2027-02-02 21:50,G7,0.4,-2,2.4,-2.7,0.21,OK
F01056,2027-02-02 21:50,G8,4.5,0,4.5,-2.7,0.17,OK
F01057,2027-02-02 22:00,G1,3.6,0,3.6,-2.8,0.18,OK
F01058,2027-02-02 22:00,G2,8.0,1,7.0,-2.8,0.19,OK
F01059,2027-02-02 22:00,G3,0.0,-1,1.0,-2.8,0.19,OK
F01060,2027-02-02 22:00,G4,5.5,0,5.5,-2.8,0.18,OK
F01061,2027-02-02 22:00,G5,10.5,2,8.5,-2.8,0.22,OK
F01062,2027-02-02 22:00,G6,189.9,187,2.9,-2.8,0.16,OK
F01063,2027-02-02 22:00,G7,4.3,-2,6.3,-2.8,0.17,OK
F01064,2027-02-02 22:00,G8,6.8,0,6.8,-2.8,0.19,OK
F01065,2027-02-02 22:10,G1,7.2,0,7.2,-2.9,0.24,OK
F01066,2027-02-02 22:10,G2,9.0,1,8.0,-2.9,0.24,OK
F01067,2027-02-02 22:10,G3,3.0,-1,4.0,-2.9,0.23,OK
F01068,2027-02-02 22:10,G4,7.1,0,7.1,-2.9,0.20,OK
F01069,2027-02-02 22:10,G5,10.9,2,8.9,-2.9,0.19,OK
F01070,2027-02-02 22:10,G6,189.6,187,2.6,-2.9,0.23,OK
F01071,2027-02-02 22:10,G7,7.0,-2,9.0,-2.9,0.17,OK
F01072,2027-02-02 22:10,G8,6.1,0,6.1,-2.9,0.23,OK
F01073,2027-02-02 22:20,G1,0.7,0,0.7,-3.1,0.21,OK
F01074,2027-02-02 22:20,G2,9.4,1,8.4,-3.1,0.24,OK
F01075,2027-02-02 22:20,G3,5.6,-1,6.6,-3.1,0.22,OK
F01076,2027-02-02 22:20,G4,7.1,0,7.1,-3.1,0.18,OK
F01077,2027-02-02 22:20,G5,4.6,2,2.6,-3.1,0.23,OK
F01078,2027-02-02 22:20,G6,195.4,187,8.4,-3.1,0.24,OK
F01079,2027-02-02 22:20,G7,5.5,-2,7.5,-3.1,0.17,OK
F01080,2027-02-02 22:20,G8,6.2,0,6.2,-3.1,0.23,OK
F01081,2027-02-02 22:30,G1,5.4,0,5.4,-3.2,0.21,OK
F01082,2027-02-02 22:30,G2,7.4,1,6.4,-3.2,0.23,OK
F01083,2027-02-02 22:30,G3,3.4,-1,4.4,-3.2,0.23,OK
F01084,2027-02-02 22:30,G4,0.4,0,0.4,-3.2,0.17,OK
F01085,2027-02-02 22:30,G5,8.5,2,6.5,-3.2,0.20,OK
F01086,2027-02-02 22:30,G6,191.1,187,4.1,-3.2,0.22,OK
F01087,2027-02-02 22:30,G7,1.4,-2,3.4,-3.2,0.20,OK
F01088,2027-02-02 22:30,G8,3.9,0,3.9,-3.2,0.21,OK
F01089,2027-02-02 22:40,G1,6.6,0,6.6,-3.4,0.23,OK
F01090,2027-02-02 22:40,G2,1.1,1,0.1,-3.4,0.20,OK
F01091,2027-02-02 22:40,G3,3.8,-1,4.8,-3.4,0.23,OK
F01092,2027-02-02 22:40,G4,4.1,0,4.1,-3.4,0.20,OK
F01093,2027-02-02 22:40,G5,8.8,2,6.8,-3.4,0.21,OK
F01094,2027-02-02 22:40,G6,189.5,187,2.5,-3.4,0.21,OK
F01095,2027-02-02 22:40,G7,-1.1,-2,0.9,-3.4,0.23,OK
F01096,2027-02-02 22:40,G8,3.9,0,3.9,-3.4,0.21,OK
F01097,2027-02-02 22:50,G1,6.7,0,6.7,-3.6,0.17,OK
F01098,2027-02-02 22:50,G2,-0.2,1,-1.2,-3.6,0.16,OK
F01099,2027-02-02 22:50,G3,-0.3,-1,0.7,-3.6,0.22,OK
F01100,2027-02-02 22:50,G4,4.8,0,4.8,-3.6,0.16,OK
F01101,2027-02-02 22:50,G5,2.8,2,0.8,-3.6,0.18,OK
F01102,2027-02-02 22:50,G6,190.1,187,3.1,-3.6,0.21,OK
F01103,2027-02-02 22:50,G7,-0.4,-2,1.6,-3.6,0.21,OK
F01104,2027-02-02 22:50,G8,5.8,0,5.8,-3.6,0.17,OK
F01105,2027-02-02 23:00,G1,2.7,0,2.7,-3.8,0.22,OK
F01106,2027-02-02 23:00,G2,5.2,1,4.2,-3.8,0.23,OK
F01107,2027-02-02 23:00,G3,-0.7,-1,0.3,-3.8,0.21,OK
F01108,2027-02-02 23:00,G4,0.7,0,0.7,-3.8,0.19,OK
F01109,2027-02-02 23:00,G5,2.1,2,0.1,-3.8,0.16,OK
F01110,2027-02-02 23:00,G6,189.9,187,2.9,-3.8,0.21,OK
F01111,2027-02-02 23:00,G7,4.7,-2,6.7,-3.8,0.20,OK
F01112,2027-02-02 23:00,G8,1.4,0,1.4,-3.8,0.18,OK
F01113,2027-02-02 23:10,G1,6.1,0,6.1,-3.9,0.19,OK
F01114,2027-02-02 23:10,G2,6.5,1,5.5,-3.9,0.20,OK
F01115,2027-02-02 23:10,G3,2.3,-1,3.3,-3.9,0.23,OK
F01116,2027-02-02 23:10,G4,2.4,0,2.4,-3.9,0.17,OK
F01117,2027-02-02 23:10,G5,3.7,2,1.7,-3.9,0.23,OK
F01118,2027-02-02 23:10,G6,186.0,187,-1.0,-3.9,0.16,OK
F01119,2027-02-02 23:10,G7,-3.4,-2,-1.4,-3.9,0.16,OK
F01120,2027-02-02 23:10,G8,5.4,0,5.4,-3.9,0.19,OK
F01121,2027-02-02 23:20,G1,-1.8,0,-1.8,-4.1,0.17,OK
F01122,2027-02-02 23:20,G2,5.4,1,4.4,-4.1,0.20,OK
F01123,2027-02-02 23:20,G3,3.2,-1,4.2,-4.1,0.22,OK
F01124,2027-02-02 23:20,G4,2.7,0,2.7,-4.1,0.22,OK
F01125,2027-02-02 23:20,G5,7.8,2,5.8,-4.1,0.17,OK
F01126,2027-02-02 23:20,G6,188.4,187,1.4,-4.1,0.23,OK
F01127,2027-02-02 23:20,G7,2.3,-2,4.3,-4.1,0.22,OK
F01128,2027-02-02 23:20,G8,7.0,0,7.0,-4.1,0.18,OK
F01129,2027-02-02 23:30,G1,5.2,0,5.2,-4.3,0.22,OK
F01130,2027-02-02 23:30,G2,1.5,1,0.5,-4.3,0.20,OK
F01131,2027-02-02 23:30,G3,1.7,-1,2.7,-4.3,0.23,OK
F01132,2027-02-02 23:30,G4,0.4,0,0.4,-4.3,0.22,OK
F01133,2027-02-02 23:30,G5,-0.1,2,-2.1,-4.3,0.19,OK
F01134,2027-02-02 23:30,G6,189.5,187,2.5,-4.3,0.23,OK
F01135,2027-02-02 23:30,G7,0.9,-2,2.9,-4.3,0.16,OK
F01136,2027-02-02 23:30,G8,1.4,0,1.4,-4.3,0.17,OK
F01137,2027-02-02 23:40,G1,-3.4,0,-3.4,-4.6,0.16,OK
F01138,2027-02-02 23:40,G2,-0.8,1,-1.8,-4.6,0.17,OK
F01139,2027-02-02 23:40,G3,0.2,-1,1.2,-4.6,0.19,OK
F01140,2027-02-02 23:40,G4,-1.3,0,-1.3,-4.6,0.23,OK
F01141,2027-02-02 23:40,G5,3.9,2,1.9,-4.6,0.18,OK
F01142,2027-02-02 23:40,G6,190.0,187,3.0,-4.6,0.17,OK
F01143,2027-02-02 23:40,G7,-4.3,-2,-2.3,-4.6,0.22,OK
F01144,2027-02-02 23:40,G8,2.3,0,2.3,-4.6,0.22,OK
F01145,2027-02-02 23:50,G1,4.2,0,4.2,-4.8,0.20,OK
F01146,2027-02-02 23:50,G2,1.6,1,0.6,-4.8,0.23,OK
F01147,2027-02-02 23:50,G3,2.0,-1,3.0,-4.8,0.17,OK
F01148,2027-02-02 23:50,G4,3.9,0,3.9,-4.8,0.20,OK
F01149,2027-02-02 23:50,G5,5.9,2,3.9,-4.8,0.18,OK
F01150,2027-02-02 23:50,G6,189.3,187,2.3,-4.8,0.21,OK
F01151,2027-02-02 23:50,G7,-5.0,-2,-3.0,-4.8,0.20,OK
F01152,2027-02-02 23:50,G8,1.3,0,1.3,-4.8,0.21,OK
F01153,2027-02-03 00:00,G1,-2.9,0,-2.9,-4.9,0.17,OK
F01154,2027-02-03 00:00,G2,-0.8,1,-1.8,-4.9,0.23,OK
F01155,2027-02-03 00:00,G3,-2.0,-1,-1.0,-4.9,0.17,OK
F01156,2027-02-03 00:00,G4,-0.8,0,-0.8,-4.9,0.20,OK
F01157,2027-02-03 00:00,G5,1.5,2,-0.5,-4.9,0.18,OK
F01158,2027-02-03 00:00,G6,190.2,187,3.2,-4.9,0.22,OK
F01159,2027-02-03 00:00,G7,-1.8,-2,0.2,-4.9,0.18,OK
F01160,2027-02-03 00:00,G8,0.1,0,0.1,-4.9,0.23,OK
F01161,2027-02-03 00:10,G1,0.7,0,0.7,-5.1,0.21,OK
F01162,2027-02-03 00:10,G2,-0.1,1,-1.1,-5.1,0.19,OK
F01163,2027-02-03 00:10,G3,0.9,-1,1.9,-5.1,0.22,OK
F01164,2027-02-03 00:10,G4,2.4,0,2.4,-5.1,0.17,OK
F01165,2027-02-03 00:10,G5,2.8,2,0.8,-5.1,0.19,OK
F01166,2027-02-03 00:10,G6,187.6,187,0.6,-5.1,0.22,OK
F01167,2027-02-03 00:10,G7,-4.8,-2,-2.8,-5.1,0.21,OK
F01168,2027-02-03 00:10,G8,-2.6,0,-2.6,-5.1,0.23,OK
F01169,2027-02-03 00:20,G1,1.6,0,1.6,-5.4,0.22,OK
F01170,2027-02-03 00:20,G2,-3.4,1,-4.4,-5.4,0.23,OK
F01171,2027-02-03 00:20,G3,2.0,-1,3.0,-5.4,0.18,OK
F01172,2027-02-03 00:20,G4,1.0,0,1.0,-5.4,0.23,OK
F01173,2027-02-03 00:20,G5,0.4,2,-1.6,-5.4,0.16,OK
F01174,2027-02-03 00:20,G6,183.9,187,-3.1,-5.4,0.23,OK
F01175,2027-02-03 00:20,G7,-6.5,-2,-4.5,-5.4,0.21,OK
F01176,2027-02-03 00:20,G8,-1.6,0,-1.6,-5.4,0.19,OK
F01177,2027-02-03 00:30,G1,-4.1,0,-4.1,-5.6,0.22,OK
F01178,2027-02-03 00:30,G2,1.0,1,-0.0,-5.6,0.19,OK
F01179,2027-02-03 00:30,G3,-5.0,-1,-4.0,-5.6,0.21,OK
F01180,2027-02-03 00:30,G4,-1.2,0,-1.2,-5.6,0.22,OK
F01181,2027-02-03 00:30,G5,-3.1,2,-5.1,-5.6,0.23,OK
F01182,2027-02-03 00:30,G6,183.5,187,-3.5,-5.6,0.17,OK
F01183,2027-02-03 00:30,G7,-7.4,-2,-5.4,-5.6,0.20,OK
F01184,2027-02-03 00:30,G8,-4.4,0,-4.4,-5.6,0.18,OK
F01185,2027-02-03 00:40,G1,1.5,0,1.5,-5.9,0.19,OK
F01186,2027-02-03 00:40,G2,-0.4,1,-1.4,-5.9,0.22,OK
F01187,2027-02-03 00:40,G3,-3.4,-1,-2.4,-5.9,0.20,OK
F01188,2027-02-03 00:40,G4,-5.9,0,-5.9,-5.9,0.19,OK
F01189,2027-02-03 00:40,G5,-2.3,2,-4.3,-5.9,0.19,OK
F01190,2027-02-03 00:40,G6,188.6,187,1.6,-5.9,0.21,OK
F01191,2027-02-03 00:40,G7,-3.5,-2,-1.5,-5.9,0.22,OK
F01192,2027-02-03 00:40,G8,1.8,0,1.8,-5.9,0.24,OK
F01193,2027-02-03 00:50,G1,-0.2,0,-0.2,-6.1,0.23,OK
F01194,2027-02-03 00:50,G2,2.9,1,1.9,-6.1,0.22,OK
F01195,2027-02-03 00:50,G3,-6.9,-1,-5.9,-6.1,0.17,OK
F01196,2027-02-03 00:50,G4,0.0,0,0.0,-6.1,0.16,OK
F01197,2027-02-03 00:50,G5,-4.7,2,-6.7,-6.1,0.17,OK
F01198,2027-02-03 00:50,G6,184.7,187,-2.3,-6.1,0.24,OK
F01199,2027-02-03 00:50,G7,-2.0,-2,0.0,-6.1,0.20,OK
F01200,2027-02-03 00:50,G8,-5.3,0,-5.3,-6.1,0.19,OK
F01201,2027-02-03 01:00,G1,-3.7,0,-3.7,-6.4,0.17,OK
F01202,2027-02-03 01:00,G2,-6.4,1,-7.4,-6.4,0.18,OK
F01203,2027-02-03 01:00,G3,-6.1,-1,-5.1,-6.4,0.24,OK
F01204,2027-02-03 01:00,G4,-5.6,0,-5.6,-6.4,0.22,OK
F01205,2027-02-03 01:00,G5,2.7,2,0.7,-6.4,0.21,OK
F01206,2027-02-03 01:00,G6,187.5,187,0.5,-6.4,0.21,OK
F01207,2027-02-03 01:00,G7,-7.4,-2,-5.4,-6.4,0.21,OK
F01208,2027-02-03 01:00,G8,-5.8,0,-5.8,-6.4,0.17,OK
F01209,2027-02-03 01:10,G1,-5.9,0,-5.9,-6.6,0.22,OK
F01210,2027-02-03 01:10,G2,0.8,1,-0.2,-6.6,0.23,OK
F01211,2027-02-03 01:10,G3,-3.1,-1,-2.1,-6.6,0.24,OK
F01212,2027-02-03 01:10,G4,-7.2,0,-7.2,-6.6,0.20,OK
F01213,2027-02-03 01:10,G5,0.5,2,-1.5,-6.6,0.22,OK
F01214,2027-02-03 01:10,G6,186.4,187,-0.6,-6.6,0.21,OK
F01215,2027-02-03 01:10,G7,-9.1,-2,-7.1,-6.6,0.22,OK
F01216,2027-02-03 01:10,G8,-1.0,0,-1.0,-6.6,0.17,OK
F01217,2027-02-03 01:20,G1,-4.6,0,-4.6,-6.9,0.17,OK
F01218,2027-02-03 01:20,G2,-4.8,1,-5.8,-6.9,0.22,OK
F01219,2027-02-03 01:20,G3,-1.0,-1,0.0,-6.9,0.17,OK
F01220,2027-02-03 01:20,G4,-7.3,0,-7.3,-6.9,0.22,OK
F01221,2027-02-03 01:20,G5,-6.1,2,-8.1,-6.9,0.18,OK
F01222,2027-02-03 01:20,G6,177.8,187,-9.2,-6.9,0.19,OK
F01223,2027-02-03 01:20,G7,-3.7,-2,-1.7,-6.9,0.18,OK
F01224,2027-02-03 01:20,G8,-1.1,0,-1.1,-6.9,0.18,OK
F01225,2027-02-03 01:30,G1,-1.0,0,-1.0,-7.1,0.21,OK
F01226,2027-02-03 01:30,G2,-4.8,1,-5.8,-7.1,0.21,OK
F01227,2027-02-03 01:30,G3,-8.7,-1,-7.7,-7.1,0.21,OK
F01228,2027-02-03 01:30,G4,-3.7,0,-3.7,-7.1,0.19,OK
F01229,2027-02-03 01:30,G5,-3.2,2,-5.2,-7.1,0.18,OK
F01230,2027-02-03 01:30,G6,176.7,187,-10.3,-7.1,0.19,OK
F01231,2027-02-03 01:30,G7,-5.8,-2,-3.8,-7.1,0.18,OK
F01232,2027-02-03 01:30,G8,-7.3,0,-7.3,-7.1,0.20,OK
F01233,2027-02-03 01:40,G1,-2.3,0,-2.3,-7.4,0.21,OK
F01234,2027-02-03 01:40,G2,-3.2,1,-4.2,-7.4,0.22,OK
F01235,2027-02-03 01:40,G3,-2.5,-1,-1.5,-7.4,0.22,OK
F01236,2027-02-03 01:40,G4,-6.9,0,-6.9,-7.4,0.22,OK
F01237,2027-02-03 01:40,G5,-6.6,2,-8.6,-7.4,0.20,OK
F01238,2027-02-03 01:40,G6,183.8,187,-3.2,-7.4,0.16,OK
F01239,2027-02-03 01:40,G7,-11.6,-2,-9.6,-7.4,0.23,OK
F01240,2027-02-03 01:40,G8,-7.3,0,-7.3,-7.4,0.19,OK
F01241,2027-02-03 01:50,G1,-1.5,0,-1.5,-7.7,0.19,OK
F01242,2027-02-03 01:50,G2,-2.3,1,-3.3,-7.7,0.20,OK
F01243,2027-02-03 01:50,G3,-11.2,-1,-10.2,-7.7,0.18,OK
F01244,2027-02-03 01:50,G4,-5.5,0,-5.5,-7.7,0.21,OK
F01245,2027-02-03 01:50,G5,-7.3,2,-9.3,-7.7,0.19,OK
F01246,2027-02-03 01:50,G6,179.1,187,-7.9,-7.7,0.19,OK
F01247,2027-02-03 01:50,G7,-8.5,-2,-6.5,-7.7,0.16,OK
F01248,2027-02-03 01:50,G8,-6.5,0,-6.5,-7.7,0.16,OK
F01249,2027-02-03 02:00,G1,-2.2,0,-2.2,-7.9,0.23,OK
F01250,2027-02-03 02:00,G2,-9.2,1,-10.2,-7.9,0.22,OK
F01251,2027-02-03 02:00,G3,-4.9,-1,-3.9,-7.9,0.18,OK
F01252,2027-02-03 02:00,G4,-8.7,0,-8.7,-7.9,0.24,OK
F01253,2027-02-03 02:00,G5,-2.7,2,-4.7,-7.9,0.16,OK
F01254,2027-02-03 02:00,G6,179.0,187,-8.0,-7.9,0.21,OK
F01255,2027-02-03 02:00,G7,-7.4,-2,-5.4,-7.9,0.21,OK
F01256,2027-02-03 02:00,G8,-11.5,0,-11.5,-7.9,0.24,OK
F01257,2027-02-03 02:10,G1,-7.5,0,-7.5,-8.2,0.21,OK
F01258,2027-02-03 02:10,G2,-9.5,1,-10.5,-8.2,0.23,OK
F01259,2027-02-03 02:10,G3,-12.1,-1,-11.1,-8.2,0.18,OK
F01260,2027-02-03 02:10,G4,-10.9,0,-10.9,-8.2,0.23,OK
F01261,2027-02-03 02:10,G5,-6.4,2,-8.4,-8.2,0.24,OK
F01262,2027-02-03 02:10,G6,176.8,187,-10.2,-8.2,0.18,OK
F01263,2027-02-03 02:10,G7,-10.4,-2,-8.4,-8.2,0.21,OK
F01264,2027-02-03 02:10,G8,-5.7,0,-5.7,-8.2,0.20,OK
F01265,2027-02-03 02:20,G1,-10.6,0,-10.6,-8.4,0.20,OK
F01266,2027-02-03 02:20,G2,-10.8,1,-11.8,-8.4,0.23,OK
F01267,2027-02-03 02:20,G3,-7.2,-1,-6.2,-8.4,0.23,OK
F01268,2027-02-03 02:20,G4,-13.0,0,-13.0,-8.4,0.23,OK
F01269,2027-02-03 02:20,G5,-4.7,2,-6.7,-8.4,0.17,OK
F01270,2027-02-03 02:20,G6,178.4,187,-8.6,-8.4,0.23,OK
F01271,2027-02-03 02:20,G7,-16.0,-2,-14.0,-8.4,0.19,OK
F01272,2027-02-03 02:20,G8,-12.7,0,-12.7,-8.4,0.17,OK
F01273,2027-02-03 02:30,G1,-5.1,0,-5.1,-8.7,0.21,OK
F01274,2027-02-03 02:30,G2,-4.1,1,-5.1,-8.7,0.21,OK
F01275,2027-02-03 02:30,G3,-9.3,-1,-8.3,-8.7,0.23,OK
F01276,2027-02-03 02:30,G4,-13.1,0,-13.1,-8.7,0.16,OK
F01277,2027-02-03 02:30,G5,-6.2,2,-8.2,-8.7,0.23,OK
F01278,2027-02-03 02:30,G6,177.8,187,-9.2,-8.7,0.24,OK
F01279,2027-02-03 02:30,G7,-16.0,-2,-14.0,-8.7,0.22,OK
F01280,2027-02-03 02:30,G8,-12.8,0,-12.8,-8.7,0.21,OK
F01281,2027-02-03 02:40,G1,-4.5,0,-4.5,-9.0,0.20,OK
F01282,2027-02-03 02:40,G2,-5.7,1,-6.7,-9.0,0.17,OK
F01283,2027-02-03 02:40,G3,-9.7,-1,-8.7,-9.0,0.20,OK
F01284,2027-02-03 02:40,G4,-7.7,0,-7.7,-9.0,0.23,OK
F01285,2027-02-03 02:40,G5,-6.4,2,-8.4,-9.0,0.22,OK
F01286,2027-02-03 02:40,G6,175.2,187,-11.8,-9.0,0.22,OK
F01287,2027-02-03 02:40,G7,-10.0,-2,-8.0,-9.0,0.20,OK
F01288,2027-02-03 02:40,G8,-16.0,0,-16.0,-9.0,0.21,OK
F01289,2027-02-03 02:50,G1,-11.4,0,-11.4,-9.2,0.21,OK
F01290,2027-02-03 02:50,G2,-6.3,1,-7.3,-9.2,0.19,OK
F01291,2027-02-03 02:50,G3,-9.1,-1,-8.1,-9.2,0.19,OK
F01292,2027-02-03 02:50,G4,-6.8,0,-6.8,-9.2,0.16,OK
F01293,2027-02-03 02:50,G5,-12.5,2,-14.5,-9.2,0.22,OK
F01294,2027-02-03 02:50,G6,171.9,187,-15.1,-9.2,0.24,OK
F01295,2027-02-03 02:50,G7,-10.8,-2,-8.8,-9.2,0.23,OK
F01296,2027-02-03 02:50,G8,-15.1,0,-15.1,-9.2,0.23,OK
F01297,2027-02-03 03:00,G1,-13.8,0,-13.8,-9.5,0.24,OK
F01298,2027-02-03 03:00,G2,-8.5,1,-9.5,-9.5,0.19,OK
F01299,2027-02-03 03:00,G3,-9.3,-1,-8.3,-9.5,0.16,OK
F01300,2027-02-03 03:00,G4,-11.0,0,-11.0,-9.5,0.18,OK
F01301,2027-02-03 03:00,G5,-8.3,2,-10.3,-9.5,0.21,OK
F01302,2027-02-03 03:00,G6,172.9,187,-14.1,-9.5,0.19,OK
F01303,2027-02-03 03:00,G7,-16.8,-2,-14.8,-9.5,0.16,OK
F01304,2027-02-03 03:00,G8,-10.5,0,-10.5,-9.5,0.23,OK
F01305,2027-02-03 03:10,G1,-8.8,0,-8.8,-9.7,0.19,OK
F01306,2027-02-03 03:10,G2,-12.5,1,-13.5,-9.7,0.20,OK
F01307,2027-02-03 03:10,G3,-9.7,-1,-8.7,-9.7,0.16,OK
F01308,2027-02-03 03:10,G4,-13.4,0,-13.4,-9.7,0.20,OK
F01309,2027-02-03 03:10,G5,-9.7,2,-11.7,-9.7,0.23,OK
F01310,2027-02-03 03:10,G6,173.4,187,-13.6,-9.7,0.20,OK
F01311,2027-02-03 03:10,G7,-14.2,-2,-12.2,-9.7,0.19,OK
F01312,2027-02-03 03:10,G8,-12.5,0,-12.5,-9.7,0.20,OK
F01313,2027-02-03 03:20,G1,-7.2,0,-7.2,-10.0,0.16,OK
F01314,2027-02-03 03:20,G2,-7.6,1,-8.6,-10.0,0.22,OK
F01315,2027-02-03 03:20,G3,-11.3,-1,-10.3,-10.0,0.17,OK
F01316,2027-02-03 03:20,G4,-11.5,0,-11.5,-10.0,0.21,OK
F01317,2027-02-03 03:20,G5,-8.1,2,-10.1,-10.0,0.17,OK
F01318,2027-02-03 03:20,G6,176.3,187,-10.7,-10.0,0.17,OK
F01319,2027-02-03 03:20,G7,-20.3,-2,-18.3,-10.0,0.18,OK
F01320,2027-02-03 03:20,G8,-11.2,0,-11.2,-10.0,0.24,OK
F01321,2027-02-03 03:30,G1,-11.1,0,-11.1,-10.2,0.19,OK
F01322,2027-02-03 03:30,G2,-9.2,1,-10.2,-10.2,0.24,OK
F01323,2027-02-03 03:30,G3,-17.5,-1,-16.5,-10.2,0.20,OK
F01324,2027-02-03 03:30,G4,-9.4,0,-9.4,-10.2,0.17,OK
F01325,2027-02-03 03:30,G5,-12.0,2,-14.0,-10.2,0.17,OK
F01326,2027-02-03 03:30,G6,168.4,187,-18.6,-10.2,0.17,OK
F01327,2027-02-03 03:30,G7,-13.8,-2,-11.8,-10.2,0.16,OK
F01328,2027-02-03 03:30,G8,-12.1,0,-12.1,-10.2,0.22,OK
F01329,2027-02-03 03:40,G1,-11.8,0,-11.8,-10.5,0.24,OK
F01330,2027-02-03 03:40,G2,-10.1,1,-11.1,-10.5,0.20,OK
F01331,2027-02-03 03:40,G3,-15.8,-1,-14.8,-10.5,0.23,OK
F01332,2027-02-03 03:40,G4,-16.1,0,-16.1,-10.5,0.24,OK
F01333,2027-02-03 03:40,G5,-10.9,2,-12.9,-10.5,0.17,OK
F01334,2027-02-03 03:40,G6,171.6,187,-15.4,-10.5,0.18,OK
F01335,2027-02-03 03:40,G7,-16.5,-2,-14.5,-10.5,0.19,OK
F01336,2027-02-03 03:40,G8,-14.6,0,-14.6,-10.5,0.18,OK
F01337,2027-02-03 03:50,G1,-15.0,0,-15.0,-10.7,0.22,OK
F01338,2027-02-03 03:50,G2,-15.3,1,-16.3,-10.7,0.19,OK
F01339,2027-02-03 03:50,G3,-12.7,-1,-11.7,-10.7,0.18,OK
F01340,2027-02-03 03:50,G4,-17.7,0,-17.7,-10.7,0.24,OK
F01341,2027-02-03 03:50,G5,-12.7,2,-14.7,-10.7,0.18,OK
F01342,2027-02-03 03:50,G6,175.6,187,-11.4,-10.7,0.18,OK
F01343,2027-02-03 03:50,G7,-14.8,-2,-12.8,-10.7,0.20,OK
F01344,2027-02-03 03:50,G8,-20.0,0,-20.0,-10.7,0.18,OK
F01345,2027-02-03 04:00,G1,-11.6,0,-11.6,-10.9,0.19,OK
F01346,2027-02-03 04:00,G2,-16.1,1,-17.1,-10.9,0.16,OK
F01347,2027-02-03 04:00,G3,-19.3,-1,-18.3,-10.9,0.21,OK
F01348,2027-02-03 04:00,G4,-15.0,0,-15.0,-10.9,0.20,OK
F01349,2027-02-03 04:00,G5,-13.3,2,-15.3,-10.9,0.16,OK
F01350,2027-02-03 04:00,G6,171.9,187,-15.1,-10.9,0.19,OK
F01351,2027-02-03 04:00,G7,-18.9,-2,-16.9,-10.9,0.21,OK
F01352,2027-02-03 04:00,G8,-15.2,0,-15.2,-10.9,0.20,OK
F01353,2027-02-03 04:10,G1,-12.1,0,-12.1,-11.1,0.21,OK
F01354,2027-02-03 04:10,G2,-11.0,1,-12.0,-11.1,0.19,OK
F01355,2027-02-03 04:10,G3,-16.1,-1,-15.1,-11.1,0.23,OK
F01356,2027-02-03 04:10,G4,-16.2,0,-16.2,-11.1,0.20,OK
F01357,2027-02-03 04:10,G5,-16.9,2,-18.9,-11.1,0.22,OK
F01358,2027-02-03 04:10,G6,171.2,187,-15.8,-11.1,0.22,OK
F01359,2027-02-03 04:10,G7,-17.6,-2,-15.6,-11.1,0.23,OK
F01360,2027-02-03 04:10,G8,-21.7,0,-21.7,-11.1,0.21,OK
F01361,2027-02-03 04:20,G1,-15.3,0,-15.3,-11.4,0.21,OK
F01362,2027-02-03 04:20,G2,-9.7,1,-10.7,-11.4,0.22,OK
F01363,2027-02-03 04:20,G3,-12.1,-1,-11.1,-11.4,0.20,OK
F01364,2027-02-03 04:20,G4,-20.1,0,-20.1,-11.4,0.19,OK
F01365,2027-02-03 04:20,G5,-14.7,2,-16.7,-11.4,0.19,OK
F01366,2027-02-03 04:20,G6,166.4,187,-20.6,-11.4,0.19,OK
F01367,2027-02-03 04:20,G7,-24.1,-2,-22.1,-11.4,0.19,OK
F01368,2027-02-03 04:20,G8,-15.5,0,-15.5,-11.4,0.21,OK
F01369,2027-02-03 04:30,G1,-16.6,0,-16.6,-11.6,0.20,OK
F01370,2027-02-03 04:30,G2,-15.3,1,-16.3,-11.6,0.16,OK
F01371,2027-02-03 04:30,G3,-19.9,-1,-18.9,-11.6,0.24,OK
F01372,2027-02-03 04:30,G4,-17.1,0,-17.1,-11.6,0.21,OK
F01373,2027-02-03 04:30,G5,-15.8,2,-17.8,-11.6,0.19,OK
F01374,2027-02-03 04:30,G6,169.0,187,-18.0,-11.6,0.21,OK
F01375,2027-02-03 04:30,G7,-18.2,-2,-16.2,-11.6,0.24,OK
F01376,2027-02-03 04:30,G8,-15.0,0,-15.0,-11.6,0.16,OK
F01377,2027-02-03 04:40,G1,-17.9,0,-17.9,-11.8,0.19,OK
F01378,2027-02-03 04:40,G2,-13.9,1,-14.9,-11.8,0.23,OK
F01379,2027-02-03 04:40,G3,-20.6,-1,-19.6,-11.8,0.17,OK
F01380,2027-02-03 04:40,G4,-20.5,0,-20.5,-11.8,0.23,OK
F01381,2027-02-03 04:40,G5,-12.3,2,-14.3,-11.8,0.23,OK
F01382,2027-02-03 04:40,G6,173.0,187,-14.0,-11.8,0.18,OK
F01383,2027-02-03 04:40,G7,-22.4,-2,-20.4,-11.8,0.23,OK
F01384,2027-02-03 04:40,G8,-24.1,0,-24.1,-11.8,0.23,OK
F01385,2027-02-03 04:50,G1,-15.2,0,-15.2,-12.0,0.22,OK
F01386,2027-02-03 04:50,G2,-16.2,1,-17.2,-12.0,0.18,OK
F01387,2027-02-03 04:50,G3,-14.2,-1,-13.2,-12.0,0.21,OK
F01388,2027-02-03 04:50,G4,-13.5,0,-13.5,-12.0,0.22,OK
F01389,2027-02-03 04:50,G5,-16.0,2,-18.0,-12.0,0.20,OK
F01390,2027-02-03 04:50,G6,170.5,187,-16.5,-12.0,0.20,OK
F01391,2027-02-03 04:50,G7,-23.8,-2,-21.8,-12.0,0.17,OK
F01392,2027-02-03 04:50,G8,-19.9,0,-19.9,-12.0,0.19,OK
F01393,2027-02-03 05:00,G1,-17.9,0,-17.9,-12.2,0.23,OK
F01394,2027-02-03 05:00,G2,-15.8,1,-16.8,-12.2,0.18,OK
F01395,2027-02-03 05:00,G3,-19.6,-1,-18.6,-12.2,0.23,OK
F01396,2027-02-03 05:00,G4,-17.1,0,-17.1,-12.2,0.22,OK
F01397,2027-02-03 05:00,G5,-12.7,2,-14.7,-12.2,0.17,OK
F01398,2027-02-03 05:00,G6,164.3,187,-22.7,-12.2,0.17,OK
F01399,2027-02-03 05:00,G7,-19.4,-2,-17.4,-12.2,0.17,OK
F01400,2027-02-03 05:00,G8,-25.3,0,-25.3,-12.2,0.16,OK
F01401,2027-02-03 05:10,G1,-20.0,0,-20.0,-12.3,0.17,OK
F01402,2027-02-03 05:10,G2,-19.9,1,-20.9,-12.3,0.24,OK
F01403,2027-02-03 05:10,G3,-22.7,-1,-21.7,-12.3,0.24,OK
F01404,2027-02-03 05:10,G4,-22.3,0,-22.3,-12.3,0.18,OK
F01405,2027-02-03 05:10,G5,-18.6,2,-20.6,-12.3,0.20,OK
F01406,2027-02-03 05:10,G6,170.4,187,-16.6,-12.3,0.20,OK
F01407,2027-02-03 05:10,G7,-19.9,-2,-17.9,-12.3,0.23,OK
F01408,2027-02-03 05:10,G8,-18.3,0,-18.3,-12.3,0.18,OK
F01409,2027-02-03 05:20,G1,-13.6,0,-13.6,-12.5,0.20,OK
F01410,2027-02-03 05:20,G2,-15.7,1,-16.7,-12.5,0.19,OK
F01411,2027-02-03 05:20,G3,-14.5,-1,-13.5,-12.5,0.21,OK
F01412,2027-02-03 05:20,G4,-17.2,0,-17.2,-12.5,0.20,OK
F01413,2027-02-03 05:20,G5,-15.6,2,-17.6,-12.5,0.18,OK
F01414,2027-02-03 05:20,G6,165.2,187,-21.8,-12.5,0.21,OK
F01415,2027-02-03 05:20,G7,-27.7,-2,-25.7,-12.5,0.17,OK
F01416,2027-02-03 05:20,G8,-24.0,0,-24.0,-12.5,0.16,OK
F01417,2027-02-03 05:30,G1,-14.1,0,-14.1,-12.7,0.23,OK
F01418,2027-02-03 05:30,G2,-14.1,1,-15.1,-12.7,0.21,OK
F01419,2027-02-03 05:30,G3,-20.8,-1,-19.8,-12.7,0.22,OK
F01420,2027-02-03 05:30,G4,-15.4,0,-15.4,-12.7,0.18,OK
F01421,2027-02-03 05:30,G5,-16.7,2,-18.7,-12.7,0.24,OK
F01422,2027-02-03 05:30,G6,164.0,187,-23.0,-12.7,0.21,OK
F01423,2027-02-03 05:30,G7,-24.7,-2,-22.7,-12.7,0.16,OK
F01424,2027-02-03 05:30,G8,-23.6,0,-23.6,-12.7,0.19,OK
F01425,2027-02-03 05:40,G1,-12.8,0,-12.8,-12.8,0.23,OK
F01426,2027-02-03 05:40,G2,-17.0,1,-18.0,-12.8,0.18,OK
F01427,2027-02-03 05:40,G3,-21.0,-1,-20.0,-12.8,0.24,OK
F01428,2027-02-03 05:40,G4,-19.1,0,-19.1,-12.8,0.19,OK
F01429,2027-02-03 05:40,G5,-21.3,2,-23.3,-12.8,0.22,OK
F01430,2027-02-03 05:40,G6,161.8,187,-25.2,-12.8,0.22,OK
F01431,2027-02-03 05:40,G7,-28.5,-2,-26.5,-12.8,0.19,OK
F01432,2027-02-03 05:40,G8,-24.7,0,-24.7,-12.8,0.20,OK
F01433,2027-02-03 05:50,G1,-16.2,0,-16.2,-13.0,0.22,OK
F01434,2027-02-03 05:50,G2,-14.3,1,-15.3,-13.0,0.23,OK
F01435,2027-02-03 05:50,G3,-17.1,-1,-16.1,-13.0,0.18,OK
F01436,2027-02-03 05:50,G4,-23.0,0,-23.0,-13.0,0.24,OK
F01437,2027-02-03 05:50,G5,-21.1,2,-23.1,-13.0,0.16,OK
F01438,2027-02-03 05:50,G6,168.3,187,-18.7,-13.0,0.20,OK
F01439,2027-02-03 05:50,G7,-27.8,-2,-25.8,-13.0,0.19,OK
F01440,2027-02-03 05:50,G8,-26.7,0,-26.7,-13.0,0.22,OK
F01441,2027-02-03 06:00,G1,-0.5,0,-0.5,-13.1,0.51,OK
F01442,2027-02-03 06:00,G2,-3.2,1,-4.2,-13.1,0.53,OK
F01443,2027-02-03 06:00,G3,3.4,-1,4.4,-13.1,0.51,OK
F01444,2027-02-03 06:00,G4,8.8,0,8.8,-13.1,0.56,OK
F01445,2027-02-03 06:00,G5,16.4,2,14.4,-13.1,0.54,OK
F01446,2027-02-03 06:00,G6,207.0,187,20.0,-13.1,0.51,OK
F01447,2027-02-03 06:00,G7,-0.6,-2,1.4,-13.1,0.56,OK
F01448,2027-02-03 06:00,G8,-6.5,0,-6.5,-13.1,0.51,OK
F01449,2027-02-03 06:10,G1,-16.3,0,-16.3,-13.2,0.22,OK
F01450,2027-02-03 06:10,G2,-20.4,1,-21.4,-13.2,0.16,OK
F01451,2027-02-03 06:10,G3,-19.8,-1,-18.8,-13.2,0.24,OK
F01452,2027-02-03 06:10,G4,-17.8,0,-17.8,-13.2,0.16,OK
F01453,2027-02-03 06:10,G5,-17.6,2,-19.6,-13.2,0.20,OK
F01454,2027-02-03 06:10,G6,165.5,187,-21.5,-13.2,0.22,OK
F01455,2027-02-03 06:10,G7,-29.5,-2,-27.5,-13.2,0.17,OK
F01456,2027-02-03 06:10,G8,-21.8,0,-21.8,-13.2,0.18,OK
F01457,2027-02-03 06:20,G1,0.8,0,0.8,-13.4,0.68,OK
F01458,2027-02-03 06:20,G2,11.3,1,10.3,-13.4,0.74,OK
F01459,2027-02-03 06:20,G3,12.9,-1,13.9,-13.4,0.69,OK
F01460,2027-02-03 06:20,G4,21.6,0,21.6,-13.4,0.71,OK
F01461,2027-02-03 06:20,G5,27.8,2,25.8,-13.4,0.69,OK
F01462,2027-02-03 06:20,G6,222.4,187,35.4,-13.4,0.73,OK
F01463,2027-02-03 06:20,G7,15.8,-2,17.8,-13.4,0.74,OK
F01464,2027-02-03 06:20,G8,0.1,0,0.1,-13.4,0.72,OK
F01465,2027-02-03 06:30,G1,-17.8,0,-17.8,-13.5,0.18,OK
F01466,2027-02-03 06:30,G2,-18.8,1,-19.8,-13.5,0.19,OK
F01467,2027-02-03 06:30,G3,-21.5,-1,-20.5,-13.5,0.21,OK
F01468,2027-02-03 06:30,G4,-24.4,0,-24.4,-13.5,0.23,OK
F01469,2027-02-03 06:30,G5,-22.5,2,-24.5,-13.5,0.23,OK
F01470,2027-02-03 06:30,G6,161.9,187,-25.1,-13.5,0.17,OK
F01471,2027-02-03 06:30,G7,-23.1,-2,-21.1,-13.5,0.18,OK
F01472,2027-02-03 06:30,G8,-27.8,0,-27.8,-13.5,0.21,OK
F01473,2027-02-03 06:40,G1,10.1,0,10.1,-13.6,0.85,OK
F01474,2027-02-03 06:40,G2,16.4,1,15.4,-13.6,0.90,OK
F01475,2027-02-03 06:40,G3,20.0,-1,21.0,-13.6,0.85,OK
F01476,2027-02-03 06:40,G4,34.9,0,34.9,-13.6,0.84,OK
F01477,2027-02-03 06:40,G5,49.6,2,47.6,-13.6,0.89,OK
F01478,2027-02-03 06:40,G6,241.7,187,54.7,-13.6,0.91,OK
F01479,2027-02-03 06:40,G7,24.8,-2,26.8,-13.6,0.85,OK
F01480,2027-02-03 06:40,G8,11.2,0,11.2,-13.6,0.90,OK
F01481,2027-02-03 06:50,G1,-14.8,0,-14.8,-13.6,0.20,OK
F01482,2027-02-03 06:50,G2,-21.7,1,-22.7,-13.6,0.20,OK
F01483,2027-02-03 06:50,G3,-25.0,-1,-24.0,-13.6,0.19,OK
F01484,2027-02-03 06:50,G4,-20.6,0,-20.6,-13.6,0.16,OK
F01485,2027-02-03 06:50,G5,-22.6,2,-24.6,-13.6,0.24,OK
F01486,2027-02-03 06:50,G6,164.2,187,-22.8,-13.6,0.18,OK
F01487,2027-02-03 06:50,G7,-24.9,-2,-22.9,-13.6,0.23,OK
F01488,2027-02-03 06:50,G8,-23.4,0,-23.4,-13.6,0.22,OK
F01489,2027-02-03 07:00,G1,-4.1,0,-4.1,-13.7,0.63,OK
F01490,2027-02-03 07:00,G2,0.0,1,-1.0,-13.7,0.56,OK
F01491,2027-02-03 07:00,G3,3.9,-1,4.9,-13.7,0.59,OK
F01492,2027-02-03 07:00,G4,13.4,0,13.4,-13.7,0.61,OK
F01493,2027-02-03 07:00,G5,21.6,2,19.6,-13.7,0.56,OK
F01494,2027-02-03 07:00,G6,207.3,187,20.3,-13.7,0.56,OK
F01495,2027-02-03 07:00,G7,5.9,-2,7.9,-13.7,0.57,OK
F01496,2027-02-03 07:00,G8,-9.3,0,-9.3,-13.7,0.59,OK
F01497,2027-02-03 07:10,G1,-19.1,0,-19.1,-13.8,0.18,OK
F01498,2027-02-03 07:10,G2,-17.8,1,-18.8,-13.8,0.20,OK
F01499,2027-02-03 07:10,G3,-25.7,-1,-24.7,-13.8,0.19,OK
F01500,2027-02-03 07:10,G4,-20.2,0,-20.2,-13.8,0.22,OK
F01501,2027-02-03 07:10,G5,-21.6,2,-23.6,-13.8,0.23,OK
F01502,2027-02-03 07:10,G6,159.2,187,-27.8,-13.8,0.20,OK
F01503,2027-02-03 07:10,G7,-28.2,-2,-26.2,-13.8,0.24,OK
F01504,2027-02-03 07:10,G8,-29.7,0,-29.7,-13.8,0.21,OK
F01505,2027-02-03 07:20,G1,6.0,0,6.0,-13.8,0.80,OK
F01506,2027-02-03 07:20,G2,10.6,1,9.6,-13.8,0.80,OK
F01507,2027-02-03 07:20,G3,16.6,-1,17.6,-13.8,0.73,OK
F01508,2027-02-03 07:20,G4,24.9,0,24.9,-13.8,0.80,OK
F01509,2027-02-03 07:20,G5,30.7,2,28.7,-13.8,0.80,OK
F01510,2027-02-03 07:20,G6,227.8,187,40.8,-13.8,0.78,OK
F01511,2027-02-03 07:20,G7,13.1,-2,15.1,-13.8,0.76,OK
F01512,2027-02-03 07:20,G8,0.6,0,0.6,-13.8,0.75,OK
F01513,2027-02-03 07:30,G1,-14.8,0,-14.8,-13.9,0.19,OK
F01514,2027-02-03 07:30,G2,-19.3,1,-20.3,-13.9,0.22,OK
F01515,2027-02-03 07:30,G3,-18.2,-1,-17.2,-13.9,0.23,OK
F01516,2027-02-03 07:30,G4,-23.9,0,-23.9,-13.9,0.17,OK
F01517,2027-02-03 07:30,G5,-20.7,2,-22.7,-13.9,0.21,OK
F01518,2027-02-03 07:30,G6,159.4,187,-27.6,-13.9,0.17,OK
F01519,2027-02-03 07:30,G7,-30.4,-2,-28.4,-13.9,0.19,OK
F01520,2027-02-03 07:30,G8,-29.3,0,-29.3,-13.9,0.21,OK
F01521,2027-02-03 07:40,G1,13.7,0,13.7,-13.9,0.95,OK
F01522,2027-02-03 07:40,G2,21.2,1,20.2,-13.9,0.95,OK
F01523,2027-02-03 07:40,G3,24.5,-1,25.5,-13.9,0.98,OK
F01524,2027-02-03 07:40,G4,35.8,0,35.8,-13.9,0.94,OK
F01525,2027-02-03 07:40,G5,51.9,2,49.9,-13.9,0.92,OK
F01526,2027-02-03 07:40,G6,247.9,187,60.9,-13.9,0.93,OK
F01527,2027-02-03 07:40,G7,30.7,-2,32.7,-13.9,0.96,OK
F01528,2027-02-03 07:40,G8,11.0,0,11.0,-13.9,0.93,OK
F01529,2027-02-03 07:50,G1,-14.9,0,-14.9,-13.9,0.22,OK
F01530,2027-02-03 07:50,G2,-20.2,1,-21.2,-13.9,0.20,OK
F01531,2027-02-03 07:50,G3,-24.0,-1,-23.0,-13.9,0.16,OK
F01532,2027-02-03 07:50,G4,-20.7,0,-20.7,-13.9,0.18,OK
F01533,2027-02-03 07:50,G5,-22.1,2,-24.1,-13.9,0.20,OK
F01534,2027-02-03 07:50,G6,162.7,187,-24.3,-13.9,0.24,OK
F01535,2027-02-03 07:50,G7,-23.5,-2,-21.5,-13.9,0.23,OK
F01536,2027-02-03 07:50,G8,-25.3,0,-25.3,-13.9,0.23,OK
F01537,2027-02-03 08:00,G1,-2.0,0,-2.0,-13.9,0.63,OK
F01538,2027-02-03 08:00,G2,1.7,1,0.7,-13.9,0.68,OK
F01539,2027-02-03 08:00,G3,3.2,-1,4.2,-13.9,0.63,OK
F01540,2027-02-03 08:00,G4,16.0,0,16.0,-13.9,0.67,OK
F01541,2027-02-03 08:00,G5,22.4,2,20.4,-13.9,0.66,OK
F01542,2027-02-03 08:00,G6,215.3,187,28.3,-13.9,0.63,OK
F01543,2027-02-03 08:00,G7,1.9,-2,3.9,-13.9,0.67,OK
F01544,2027-02-03 08:00,G8,-3.5,0,-3.5,-13.9,0.68,OK
F01545,2027-02-03 08:10,G1,-22.2,0,-22.2,-13.9,0.19,OK
F01546,2027-02-03 08:10,G2,-23.4,1,-24.4,-13.9,0.18,OK
F01547,2027-02-03 08:10,G3,-19.3,-1,-18.3,-13.9,0.18,OK
F01548,2027-02-03 08:10,G4,-23.8,0,-23.8,-13.9,0.17,OK
F01549,2027-02-03 08:10,G5,-17.9,2,-19.9,-13.9,0.22,OK
F01550,2027-02-03 08:10,G6,166.6,187,-20.4,-13.9,0.24,OK
F01551,2027-02-03 08:10,G7,-28.8,-2,-26.8,-13.9,0.20,OK
F01552,2027-02-03 08:10,G8,-30.3,0,-30.3,-13.9,0.19,OK
F01553,2027-02-03 08:20,G1,10.1,0,10.1,-13.9,0.86,OK
F01554,2027-02-03 08:20,G2,13.1,1,12.1,-13.9,0.82,OK
F01555,2027-02-03 08:20,G3,20.5,-1,21.5,-13.9,0.82,OK
F01556,2027-02-03 08:20,G4,29.9,0,29.9,-13.9,0.80,OK
F01557,2027-02-03 08:20,G5,39.1,2,37.1,-13.9,0.81,OK
F01558,2027-02-03 08:20,G6,236.3,187,49.3,-13.9,0.82,OK
F01559,2027-02-03 08:20,G7,15.5,-2,17.5,-13.9,0.85,OK
F01560,2027-02-03 08:20,G8,3.7,0,3.7,-13.9,0.79,OK
F01561,2027-02-03 08:30,G1,-15.9,0,-15.9,-13.9,0.23,OK
F01562,2027-02-03 08:30,G2,-18.2,1,-19.2,-13.9,0.23,OK
F01563,2027-02-03 08:30,G3,-19.7,-1,-18.7,-13.9,0.19,OK
F01564,2027-02-03 08:30,G4,-19.4,0,-19.4,-13.9,0.17,OK
F01565,2027-02-03 08:30,G5,-23.5,2,-25.5,-13.9,0.24,OK
F01566,2027-02-03 08:30,G6,158.5,187,-28.5,-13.9,0.23,OK
F01567,2027-02-03 08:30,G7,-31.2,-2,-29.2,-13.9,0.23,OK
F01568,2027-02-03 08:30,G8,-28.2,0,-28.2,-13.9,0.19,OK
F01569,2027-02-03 08:40,G1,20.2,0,20.2,-13.8,1.00,OK
F01570,2027-02-03 08:40,G2,26.8,1,25.8,-13.8,0.98,OK
F01571,2027-02-03 08:40,G3,29.5,-1,30.5,-13.8,1.00,OK
F01572,2027-02-03 08:40,G4,47.3,0,47.3,-13.8,0.98,OK
F01573,2027-02-03 08:40,G5,60.9,2,58.9,-13.8,0.98,OK
F01574,2027-02-03 08:40,G6,256.0,187,69.0,-13.8,0.97,OK
F01575,2027-02-03 08:40,G7,29.0,-2,31.0,-13.8,0.97,OK
F01576,2027-02-03 08:40,G8,13.4,0,13.4,-13.8,0.99,OK
F01577,2027-02-03 08:50,G1,-17.7,0,-17.7,-13.8,0.20,OK
F01578,2027-02-03 08:50,G2,-20.7,1,-21.7,-13.8,0.23,OK
F01579,2027-02-03 08:50,G3,-17.3,-1,-16.3,-13.8,0.20,OK
F01580,2027-02-03 08:50,G4,-18.1,0,-18.1,-13.8,0.17,OK
F01581,2027-02-03 08:50,G5,-25.0,2,-27.0,-13.8,0.18,OK
F01582,2027-02-03 08:50,G6,162.9,187,-24.1,-13.8,0.22,OK
F01583,2027-02-03 08:50,G7,-30.5,-2,-28.5,-13.8,0.17,OK
F01584,2027-02-03 08:50,G8,-28.0,0,-28.0,-13.8,0.16,OK
F01585,2027-02-03 09:00,G1,8.0,0,8.0,-13.7,0.74,OK
F01586,2027-02-03 09:00,G2,7.2,1,6.2,-13.7,0.71,OK
F01587,2027-02-03 09:00,G3,13.5,-1,14.5,-13.7,0.68,OK
F01588,2027-02-03 09:00,G4,18.3,0,18.3,-13.7,0.75,OK
F01589,2027-02-03 09:00,G5,28.0,2,26.0,-13.7,0.68,OK
F01590,2027-02-03 09:00,G6,218.2,187,31.2,-13.7,0.72,OK
F01591,2027-02-03 09:00,G7,9.8,-2,11.8,-13.7,0.69,OK
F01592,2027-02-03 09:00,G8,-0.3,0,-0.3,-13.7,0.68,OK
F01593,2027-02-03 09:10,G1,-17.2,0,-17.2,-13.6,0.17,OK
F01594,2027-02-03 09:10,G2,-18.4,1,-19.4,-13.6,0.21,OK
F01595,2027-02-03 09:10,G3,-19.9,-1,-18.9,-13.6,0.24,OK
F01596,2027-02-03 09:10,G4,-22.6,0,-22.6,-13.6,0.21,OK
F01597,2027-02-03 09:10,G5,-22.0,2,-24.0,-13.6,0.21,OK
F01598,2027-02-03 09:10,G6,162.2,187,-24.8,-13.6,0.23,OK
F01599,2027-02-03 09:10,G7,-26.4,-2,-24.4,-13.6,0.20,OK
F01600,2027-02-03 09:10,G8,-25.9,0,-25.9,-13.6,0.23,OK
F01601,2027-02-03 09:20,G1,16.1,0,16.1,-13.6,0.85,OK
F01602,2027-02-03 09:20,G2,16.5,1,15.5,-13.6,0.91,OK
F01603,2027-02-03 09:20,G3,22.2,-1,23.2,-13.6,0.86,OK
F01604,2027-02-03 09:20,G4,37.5,0,37.5,-13.6,0.88,OK
F01605,2027-02-03 09:20,G5,46.3,2,44.3,-13.6,0.86,OK
F01606,2027-02-03 09:20,G6,241.5,187,54.5,-13.6,0.88,OK
F01607,2027-02-03 09:20,G7,22.7,-2,24.7,-13.6,0.88,OK
F01608,2027-02-03 09:20,G8,10.3,0,10.3,-13.6,0.89,OK
F01609,2027-02-03 09:30,G1,-20.6,0,-20.6,-13.5,0.22,OK
F01610,2027-02-03 09:30,G2,-20.2,1,-21.2,-13.5,0.22,OK
F01611,2027-02-03 09:30,G3,-21.6,-1,-20.6,-13.5,0.22,OK
F01612,2027-02-03 09:30,G4,-21.0,0,-21.0,-13.5,0.23,OK
F01613,2027-02-03 09:30,G5,-23.6,2,-25.6,-13.5,0.20,OK
F01614,2027-02-03 09:30,G6,163.3,187,-23.7,-13.5,0.19,OK
F01615,2027-02-03 09:30,G7,-23.3,-2,-21.3,-13.5,0.18,OK
F01616,2027-02-03 09:30,G8,-20.6,0,-20.6,-13.5,0.23,OK
F01617,2027-02-03 09:40,G1,19.4,0,19.4,-13.4,1.06,OK
F01618,2027-02-03 09:40,G2,33.6,1,32.6,-13.4,1.09,OK
F01619,2027-02-03 09:40,G3,31.5,-1,32.5,-13.4,1.05,OK
F01620,2027-02-03 09:40,G4,51.0,0,51.0,-13.4,1.03,OK
F01621,2027-02-03 09:40,G5,66.9,2,64.9,-13.4,1.06,OK
F01622,2027-02-03 09:40,G6,259.1,187,72.1,-13.4,1.09,OK
F01623,2027-02-03 09:40,G7,39.6,-2,41.6,-13.4,1.08,OK
F01624,2027-02-03 09:40,G8,16.5,0,16.5,-13.4,1.07,OK
F01625,2027-02-03 09:50,G1,-20.0,0,-20.0,-13.2,0.18,OK
F01626,2027-02-03 09:50,G2,-20.7,1,-21.7,-13.2,0.18,OK
F01627,2027-02-03 09:50,G3,-21.0,-1,-20.0,-13.2,0.19,OK
F01628,2027-02-03 09:50,G4,-21.5,0,-21.5,-13.2,0.20,OK
F01629,2027-02-03 09:50,G5,-22.6,2,-24.6,-13.2,0.17,OK
F01630,2027-02-03 09:50,G6,163.0,187,-24.0,-13.2,0.23,OK
F01631,2027-02-03 09:50,G7,-25.4,-2,-23.4,-13.2,0.19,OK
F01632,2027-02-03 09:50,G8,-22.7,0,-22.7,-13.2,0.18,OK
F01633,2027-02-03 10:00,G1,3.9,0,3.9,-13.1,0.80,OK
F01634,2027-02-03 10:00,G2,12.3,1,11.3,-13.1,0.77,OK
F01635,2027-02-03 10:00,G3,15.5,-1,16.5,-13.1,0.78,OK
F01636,2027-02-03 10:00,G4,26.7,0,26.7,-13.1,0.78,OK
F01637,2027-02-03 10:00,G5,35.8,2,33.8,-13.1,0.77,OK
F01638,2027-02-03 10:00,G6,229.8,187,42.8,-13.1,0.81,OK
F01639,2027-02-03 10:00,G7,17.6,-2,19.6,-13.1,0.80,OK
F01640,2027-02-03 10:00,G8,0.1,0,0.1,-13.1,0.78,OK
F01641,2027-02-03 10:10,G1,-15.4,0,-15.4,-13.0,0.20,OK
F01642,2027-02-03 10:10,G2,-20.7,1,-21.7,-13.0,0.16,OK
F01643,2027-02-03 10:10,G3,-21.8,-1,-20.8,-13.0,0.16,OK
F01644,2027-02-03 10:10,G4,-22.6,0,-22.6,-13.0,0.23,OK
F01645,2027-02-03 10:10,G5,-18.7,2,-20.7,-13.0,0.21,OK
F01646,2027-02-03 10:10,G6,169.3,187,-17.7,-13.0,0.23,OK
F01647,2027-02-03 10:10,G7,-26.9,-2,-24.9,-13.0,0.17,OK
F01648,2027-02-03 10:10,G8,-27.0,0,-27.0,-13.0,0.18,OK
F01649,2027-02-03 10:20,G1,14.3,0,14.3,-12.8,0.97,OK
F01650,2027-02-03 10:20,G2,28.7,1,27.7,-12.8,0.92,OK
F01651,2027-02-03 10:20,G3,31.0,-1,32.0,-12.8,0.98,OK
F01652,2027-02-03 10:20,G4,46.0,0,46.0,-12.8,0.98,OK
F01653,2027-02-03 10:20,G5,58.5,2,56.5,-12.8,0.95,OK
F01654,2027-02-03 10:20,G6,249.2,187,62.2,-12.8,0.95,OK
F01655,2027-02-03 10:20,G7,31.6,-2,33.6,-12.8,0.92,OK
F01656,2027-02-03 10:20,G8,13.8,0,13.8,-12.8,0.94,OK
F01657,2027-02-03 10:30,G1,-14.2,0,-14.2,-12.7,0.20,OK
F01658,2027-02-03 10:30,G2,-19.2,1,-20.2,-12.7,0.18,OK
F01659,2027-02-03 10:30,G3,-16.6,-1,-15.6,-12.7,0.17,OK
F01660,2027-02-03 10:30,G4,-22.7,0,-22.7,-12.7,0.18,OK
F01661,2027-02-03 10:30,G5,-18.9,2,-20.9,-12.7,0.23,OK
F01662,2027-02-03 10:30,G6,167.4,187,-19.6,-12.7,0.18,OK
F01663,2027-02-03 10:30,G7,-22.9,-2,-20.9,-12.7,0.20,OK
F01664,2027-02-03 10:30,G8,-23.5,0,-23.5,-12.7,0.18,OK
F01665,2027-02-03 10:40,G1,26.4,0,26.4,-12.5,1.09,OK
F01666,2027-02-03 10:40,G2,31.3,1,30.3,-12.5,1.10,OK
F01667,2027-02-03 10:40,G3,45.3,-1,46.3,-12.5,1.09,OK
F01668,2027-02-03 10:40,G4,56.6,0,56.6,-12.5,1.09,OK
F01669,2027-02-03 10:40,G5,75.0,2,73.0,-12.5,1.11,OK
F01670,2027-02-03 10:40,G6,273.0,187,86.0,-12.5,1.13,OK
F01671,2027-02-03 10:40,G7,43.1,-2,45.1,-12.5,1.16,OK
F01672,2027-02-03 10:40,G8,27.5,0,27.5,-12.5,1.15,OK
F01673,2027-02-03 10:50,G1,-11.4,0,-11.4,-12.3,0.20,OK
F01674,2027-02-03 10:50,G2,-13.2,1,-14.2,-12.3,0.18,OK
F01675,2027-02-03 10:50,G3,-19.3,-1,-18.3,-12.3,0.20,OK
F01676,2027-02-03 10:50,G4,-21.0,0,-21.0,-12.3,0.21,OK
F01677,2027-02-03 10:50,G5,-18.4,2,-20.4,-12.3,0.21,OK
F01678,2027-02-03 10:50,G6,168.8,187,-18.2,-12.3,0.18,OK
F01679,2027-02-03 10:50,G7,-22.8,-2,-20.8,-12.3,0.20,OK
F01680,2027-02-03 10:50,G8,-25.5,0,-25.5,-12.3,0.17,OK
F01681,2027-02-03 11:00,G1,13.3,0,13.3,-12.2,0.84,OK
F01682,2027-02-03 11:00,G2,19.7,1,18.7,-12.2,0.85,OK
F01683,2027-02-03 11:00,G3,19.8,-1,20.8,-12.2,0.85,OK
F01684,2027-02-03 11:00,G4,39.1,0,39.1,-12.2,0.81,OK
F01685,2027-02-03 11:00,G5,45.0,2,43.0,-12.2,0.84,OK
F01686,2027-02-03 11:00,G6,237.8,187,50.8,-12.2,0.86,OK
F01687,2027-02-03 11:00,G7,23.2,-2,25.2,-12.2,0.85,OK
F01688,2027-02-03 11:00,G8,6.1,0,6.1,-12.2,0.82,OK
F01689,2027-02-03 11:10,G1,-13.0,0,-13.0,-12.0,0.22,OK
F01690,2027-02-03 11:10,G2,-15.5,1,-16.5,-12.0,0.18,OK
F01691,2027-02-03 11:10,G3,-21.6,-1,-20.6,-12.0,0.19,OK
F01692,2027-02-03 11:10,G4,-18.6,0,-18.6,-12.0,0.19,OK
F01693,2027-02-03 11:10,G5,-16.7,2,-18.7,-12.0,0.24,OK
F01694,2027-02-03 11:10,G6,171.9,187,-15.1,-12.0,0.16,OK
F01695,2027-02-03 11:10,G7,-25.3,-2,-23.3,-12.0,0.18,OK
F01696,2027-02-03 11:10,G8,-17.3,0,-17.3,-12.0,0.23,OK
F01697,2027-02-03 11:20,G1,18.8,0,18.8,-11.8,0.97,OK
F01698,2027-02-03 11:20,G2,32.2,1,31.2,-11.8,1.01,OK
F01699,2027-02-03 11:20,G3,32.5,-1,33.5,-11.8,1.00,OK
F01700,2027-02-03 11:20,G4,51.0,0,51.0,-11.8,1.03,OK
F01701,2027-02-03 11:20,G5,65.0,2,63.0,-11.8,0.99,OK
F01702,2027-02-03 11:20,G6,263.9,187,76.9,-11.8,1.03,OK
F01703,2027-02-03 11:20,G7,42.0,-2,44.0,-11.8,0.97,OK
F01704,2027-02-03 11:20,G8,21.5,0,21.5,-11.8,0.98,OK
F01705,2027-02-03 11:30,G1,-11.7,0,-11.7,-11.6,0.22,OK
F01706,2027-02-03 11:30,G2,-9.8,1,-10.8,-11.6,0.17,OK
F01707,2027-02-03 11:30,G3,-18.0,-1,-17.0,-11.6,0.18,OK
F01708,2027-02-03 11:30,G4,-18.9,0,-18.9,-11.6,0.18,OK
F01709,2027-02-03 11:30,G5,-13.4,2,-15.4,-11.6,0.17,OK
F01710,2027-02-03 11:30,G6,171.9,187,-15.1,-11.6,0.19,OK
F01711,2027-02-03 11:30,G7,-22.2,-2,-20.2,-11.6,0.20,OK
F01712,2027-02-03 11:30,G8,-19.0,0,-19.0,-11.6,0.19,OK
F01713,2027-02-03 11:40,G1,5.3,0,5.3,-11.4,0.54,OK
F01714,2027-02-03 11:40,G2,4.3,1,3.3,-11.4,0.56,OK
F01715,2027-02-03 11:40,G3,7.2,-1,8.2,-11.4,0.55,OK
F01716,2027-02-03 11:40,G4,13.5,0,13.5,-11.4,0.54,OK
F01717,2027-02-03 11:40,G5,19.8,2,17.8,-11.4,0.56,OK
F01718,2027-02-03 11:40,G6,210.3,187,23.3,-11.4,0.56,OK
F01719,2027-02-03 11:40,G7,3.8,-2,5.8,-11.4,0.58,OK
F01720,2027-02-03 11:40,G8,-2.3,0,-2.3,-11.4,0.59,OK
F01721,2027-02-03 11:50,G1,-9.8,0,-9.8,-11.1,0.22,OK
F01722,2027-02-03 11:50,G2,-13.6,1,-14.6,-11.1,0.16,OK
F01723,2027-02-03 11:50,G3,-16.3,-1,-15.3,-11.1,0.22,OK
F01724,2027-02-03 11:50,G4,-15.5,0,-15.5,-11.1,0.21,OK
F01725,2027-02-03 11:50,G5,-11.8,2,-13.8,-11.1,0.17,OK
F01726,2027-02-03 11:50,G6,171.5,187,-15.5,-11.1,0.19,OK
F01727,2027-02-03 11:50,G7,-16.6,-2,-14.6,-11.1,0.23,OK
F01728,2027-02-03 11:50,G8,-20.1,0,-20.1,-11.1,0.21,OK
F01729,2027-02-03 12:00,G1,19.8,0,19.8,-10.9,0.91,OK
F01730,2027-02-03 12:00,G2,28.2,1,27.2,-10.9,0.91,OK
F01731,2027-02-03 12:00,G3,31.4,-1,32.4,-10.9,0.86,OK
F01732,2027-02-03 12:00,G4,40.8,0,40.8,-10.9,0.89,OK
F01733,2027-02-03 12:00,G5,50.9,2,48.9,-10.9,0.87,OK
F01734,2027-02-03 12:00,G6,253.2,187,66.2,-10.9,0.93,OK
F01735,2027-02-03 12:00,G7,32.1,-2,34.1,-10.9,0.92,OK
F01736,2027-02-03 12:00,G8,19.0,0,19.0,-10.9,0.93,OK
F01737,2027-02-03 12:10,G1,-12.6,0,-12.6,-10.7,0.18,OK
F01738,2027-02-03 12:10,G2,-12.6,1,-13.6,-10.7,0.22,OK
F01739,2027-02-03 12:10,G3,-17.7,-1,-16.7,-10.7,0.20,OK
F01740,2027-02-03 12:10,G4,-15.5,0,-15.5,-10.7,0.22,OK
F01741,2027-02-03 12:10,G5,-9.0,2,-11.0,-10.7,0.21,OK
F01742,2027-02-03 12:10,G6,174.1,187,-12.9,-10.7,0.24,OK
F01743,2027-02-03 12:10,G7,-22.0,-2,-20.0,-10.7,0.17,OK
F01744,2027-02-03 12:10,G8,-15.4,0,-15.4,-10.7,0.17,OK
F01745,2027-02-03 12:20,G1,23.5,0,23.5,-10.5,1.10,OK
F01746,2027-02-03 12:20,G2,40.0,1,39.0,-10.5,1.04,OK
F01747,2027-02-03 12:20,G3,45.4,-1,46.4,-10.5,1.03,OK
F01748,2027-02-03 12:20,G4,60.4,0,60.4,-10.5,1.09,OK
F01749,2027-02-03 12:20,G5,70.4,2,68.4,-10.5,1.07,OK
F01750,2027-02-03 12:20,G6,274.7,187,87.7,-10.5,1.05,OK
F01751,2027-02-03 12:20,G7,45.3,-2,47.3,-10.5,1.03,OK
F01752,2027-02-03 12:20,G8,25.1,0,25.1,-10.5,1.05,OK
F01753,2027-02-03 12:30,G1,-13.9,0,-13.9,-10.2,0.21,OK
F01754,2027-02-03 12:30,G2,-14.2,1,-15.2,-10.2,0.19,OK
F01755,2027-02-03 12:30,G3,-16.3,-1,-15.3,-10.2,0.23,OK
F01756,2027-02-03 12:30,G4,-11.4,0,-11.4,-10.2,0.24,OK
F01757,2027-02-03 12:30,G5,-10.0,2,-12.0,-10.2,0.22,OK
F01758,2027-02-03 12:30,G6,175.3,187,-11.7,-10.2,0.18,OK
F01759,2027-02-03 12:30,G7,-16.1,-2,-14.1,-10.2,0.20,OK
F01760,2027-02-03 12:30,G8,-14.3,0,-14.3,-10.2,0.19,OK
F01761,2027-02-03 12:40,G1,4.8,0,4.8,-10.0,0.59,OK
F01762,2027-02-03 12:40,G2,16.0,1,15.0,-10.0,0.65,OK
F01763,2027-02-03 12:40,G3,16.2,-1,17.2,-10.0,0.64,OK
F01764,2027-02-03 12:40,G4,23.3,0,23.3,-10.0,0.64,OK
F01765,2027-02-03 12:40,G5,32.9,2,30.9,-10.0,0.62,OK
F01766,2027-02-03 12:40,G6,218.8,187,31.8,-10.0,0.65,OK
F01767,2027-02-03 12:40,G7,12.7,-2,14.7,-10.0,0.64,OK
F01768,2027-02-03 12:40,G8,7.9,0,7.9,-10.0,0.60,OK
F01769,2027-02-03 12:50,G1,-13.6,0,-13.6,-9.7,0.16,OK
F01770,2027-02-03 12:50,G2,-5.3,1,-6.3,-9.7,0.21,OK
F01771,2027-02-03 12:50,G3,-10.8,-1,-9.8,-9.7,0.17,OK
F01772,2027-02-03 12:50,G4,-12.7,0,-12.7,-9.7,0.23,OK
F01773,2027-02-03 12:50,G5,-6.0,2,-8.0,-9.7,0.23,OK
F01774,2027-02-03 12:50,G6,170.7,187,-16.3,-9.7,0.24,OK
F01775,2027-02-03 12:50,G7,-12.3,-2,-10.3,-9.7,0.17,OK
F01776,2027-02-03 12:50,G8,-10.1,0,-10.1,-9.7,0.24,OK
F01777,2027-02-03 13:00,G1,26.1,0,26.1,-9.5,0.98,OK
F01778,2027-02-03 13:00,G2,34.9,1,33.9,-9.5,0.94,OK
F01779,2027-02-03 13:00,G3,34.5,-1,35.5,-9.5,0.96,OK
F01780,2027-02-03 13:00,G4,51.1,0,51.1,-9.5,0.99,OK
F01781,2027-02-03 13:00,G5,67.9,2,65.9,-9.5,0.95,OK
F01782,2027-02-03 13:00,G6,261.2,187,74.2,-9.5,0.96,OK
F01783,2027-02-03 13:00,G7,43.1,-2,45.1,-9.5,0.94,OK
F01784,2027-02-03 13:00,G8,25.1,0,25.1,-9.5,0.97,OK
F01785,2027-02-03 13:10,G1,-7.9,0,-7.9,-9.2,0.16,OK
F01786,2027-02-03 13:10,G2,-4.6,1,-5.6,-9.2,0.23,OK
F01787,2027-02-03 13:10,G3,-11.0,-1,-10.0,-9.2,0.19,OK
F01788,2027-02-03 13:10,G4,-8.8,0,-8.8,-9.2,0.20,OK
F01789,2027-02-03 13:10,G5,-9.4,2,-11.4,-9.2,0.19,OK
F01790,2027-02-03 13:10,G6,177.3,187,-9.7,-9.2,0.18,OK
F01791,2027-02-03 13:10,G7,-12.7,-2,-10.7,-9.2,0.19,OK
F01792,2027-02-03 13:10,G8,-8.1,0,-8.1,-9.2,0.17,OK
F01793,2027-02-03 13:20,G1,5.5,0,5.5,-9.0,0.52,OK
F01794,2027-02-03 13:20,G2,9.5,1,8.5,-9.0,0.53,OK
F01795,2027-02-03 13:20,G3,11.7,-1,12.7,-9.0,0.51,OK
F01796,2027-02-03 13:20,G4,15.7,0,15.7,-9.0,0.53,OK
F01797,2027-02-03 13:20,G5,18.2,2,16.2,-9.0,0.47,OK
F01798,2027-02-03 13:20,G6,212.7,187,25.7,-9.0,0.48,OK
F01799,2027-02-03 13:20,G7,5.5,-2,7.5,-9.0,0.52,OK
F01800,2027-02-03 13:20,G8,4.9,0,4.9,-9.0,0.54,OK
F01801,2027-02-03 13:30,G1,-4.4,0,-4.4,-8.7,0.18,OK
F01802,2027-02-03 13:30,G2,-4.0,1,-5.0,-8.7,0.17,OK
F01803,2027-02-03 13:30,G3,-6.1,-1,-5.1,-8.7,0.24,OK
F01804,2027-02-03 13:30,G4,-5.8,0,-5.8,-8.7,0.18,OK
F01805,2027-02-03 13:30,G5,-8.3,2,-10.3,-8.7,0.19,OK
F01806,2027-02-03 13:30,G6,175.2,187,-11.8,-8.7,0.20,OK
F01807,2027-02-03 13:30,G7,-13.0,-2,-11.0,-8.7,0.17,OK
F01808,2027-02-03 13:30,G8,-13.9,0,-13.9,-8.7,0.21,OK
F01809,2027-02-03 13:40,G1,16.0,0,16.0,-8.4,0.68,OK
F01810,2027-02-03 13:40,G2,20.5,1,19.5,-8.4,0.69,OK
F01811,2027-02-03 13:40,G3,22.8,-1,23.8,-8.4,0.70,OK
F01812,2027-02-03 13:40,G4,29.5,0,29.5,-8.4,0.67,OK
F01813,2027-02-03 13:40,G5,37.9,2,35.9,-8.4,0.67,OK
F01814,2027-02-03 13:40,G6,237.1,187,50.1,-8.4,0.68,OK
F01815,2027-02-03 13:40,G7,21.4,-2,23.4,-8.4,0.67,OK
F01816,2027-02-03 13:40,G8,15.7,0,15.7,-8.4,0.69,OK
F01817,2027-02-03 13:50,G1,-5.4,0,-5.4,-8.2,0.22,OK
F01818,2027-02-03 13:50,G2,-6.9,1,-7.9,-8.2,0.23,OK
F01819,2027-02-03 13:50,G3,-4.3,-1,-3.3,-8.2,0.17,OK
F01820,2027-02-03 13:50,G4,-3.8,0,-3.8,-8.2,0.20,OK
F01821,2027-02-03 13:50,G5,-9.2,2,-11.2,-8.2,0.21,OK
F01822,2027-02-03 13:50,G6,176.9,187,-10.1,-8.2,0.20,OK
F01823,2027-02-03 13:50,G7,-10.0,-2,-8.0,-8.2,0.23,OK
F01824,2027-02-03 13:50,G8,-12.1,0,-12.1,-8.2,0.20,OK
F01825,2027-02-03 14:00,G1,30.8,0,30.8,-7.9,1.04,OK
F01826,2027-02-03 14:00,G2,37.6,1,36.6,-7.9,1.04,OK
F01827,2027-02-03 14:00,G3,47.8,-1,48.8,-7.9,1.06,OK
F01828,2027-02-03 14:00,G4,59.9,0,59.9,-7.9,1.02,OK
F01829,2027-02-03 14:00,G5,76.7,2,74.7,-7.9,1.02,OK
F01830,2027-02-03 14:00,G6,268.9,187,81.9,-7.9,1.05,OK
F01831,2027-02-03 14:00,G7,45.7,-2,47.7,-7.9,1.00,OK
F01832,2027-02-03 14:00,G8,27.4,0,27.4,-7.9,1.05,OK
F01833,2027-02-03 14:10,G1,-1.1,0,-1.1,-7.7,0.20,OK
F01834,2027-02-03 14:10,G2,-1.7,1,-2.7,-7.7,0.21,OK
F01835,2027-02-03 14:10,G3,-7.3,-1,-6.3,-7.7,0.24,OK
F01836,2027-02-03 14:10,G4,-9.7,0,-9.7,-7.7,0.17,OK
F01837,2027-02-03 14:10,G5,-4.0,2,-6.0,-7.7,0.19,OK
F01838,2027-02-03 14:10,G6,181.2,187,-5.8,-7.7,0.22,OK
F01839,2027-02-03 14:10,G7,-9.5,-2,-7.5,-7.7,0.21,OK
F01840,2027-02-03 14:10,G8,-12.2,0,-12.2,-7.7,0.18,OK
F01841,2027-02-03 14:20,G1,7.9,0,7.9,-7.4,0.56,OK
F01842,2027-02-03 14:20,G2,12.1,1,11.1,-7.4,0.58,OK
F01843,2027-02-03 14:20,G3,21.0,-1,22.0,-7.4,0.54,OK
F01844,2027-02-03 14:20,G4,23.4,0,23.4,-7.4,0.55,OK
F01845,2027-02-03 14:20,G5,30.1,2,28.1,-7.4,0.53,OK
F01846,2027-02-03 14:20,G6,219.4,187,32.4,-7.4,0.59,OK
F01847,2027-02-03 14:20,G7,15.3,-2,17.3,-7.4,0.57,OK
F01848,2027-02-03 14:20,G8,11.0,0,11.0,-7.4,0.60,OK
F01849,2027-02-03 14:30,G1,-7.1,0,-7.1,-7.1,0.19,OK
F01850,2027-02-03 14:30,G2,-2.8,1,-3.8,-7.1,0.17,OK
F01851,2027-02-03 14:30,G3,-5.5,-1,-4.5,-7.1,0.17,OK
F01852,2027-02-03 14:30,G4,-9.6,0,-9.6,-7.1,0.20,OK
F01853,2027-02-03 14:30,G5,-5.9,2,-7.9,-7.1,0.18,OK
F01854,2027-02-03 14:30,G6,183.0,187,-4.0,-7.1,0.20,OK
F01855,2027-02-03 14:30,G7,-5.9,-2,-3.9,-7.1,0.23,OK
F01856,2027-02-03 14:30,G8,-3.9,0,-3.9,-7.1,0.20,OK
F01857,2027-02-03 14:40,G1,16.1,0,16.1,-6.9,0.76,OK
F01858,2027-02-03 14:40,G2,29.0,1,28.0,-6.9,0.77,OK
F01859,2027-02-03 14:40,G3,29.4,-1,30.4,-6.9,0.70,OK
F01860,2027-02-03 14:40,G4,36.0,0,36.0,-6.9,0.71,OK
F01861,2027-02-03 14:40,G5,51.4,2,49.4,-6.9,0.70,OK
F01862,2027-02-03 14:40,G6,245.9,187,58.9,-6.9,0.71,OK
F01863,2027-02-03 14:40,G7,33.6,-2,35.6,-6.9,0.73,OK
F01864,2027-02-03 14:40,G8,24.6,0,24.6,-6.9,0.76,OK
F01865,2027-02-03 14:50,G1,-4.7,0,-4.7,-6.6,0.22,OK
F01866,2027-02-03 14:50,G2,-3.9,1,-4.9,-6.6,0.20,OK
F01867,2027-02-03 14:50,G3,-3.3,-1,-2.3,-6.6,0.23,OK
F01868,2027-02-03 14:50,G4,0.0,0,0.0,-6.6,0.17,OK
F01869,2027-02-03 14:50,G5,0.4,2,-1.6,-6.6,0.19,OK
F01870,2027-02-03 14:50,G6,181.1,187,-5.9,-6.6,0.22,OK
F01871,2027-02-03 14:50,G7,-5.9,-2,-3.9,-6.6,0.16,OK
F01872,2027-02-03 14:50,G8,-4.4,0,-4.4,-6.6,0.24,OK
F01873,2027-02-03 15:00,G1,34.0,0,34.0,-6.4,1.05,OK
F01874,2027-02-03 15:00,G2,46.3,1,45.3,-6.4,1.09,OK
F01875,2027-02-03 15:00,G3,50.4,-1,51.4,-6.4,1.05,OK
F01876,2027-02-03 15:00,G4,69.3,0,69.3,-6.4,1.11,OK
F01877,2027-02-03 15:00,G5,84.8,2,82.8,-6.4,1.08,OK
F01878,2027-02-03 15:00,G6,286.8,187,99.8,-6.4,1.11,OK
F01879,2027-02-03 15:00,G7,56.1,-2,58.1,-6.4,1.08,OK
F01880,2027-02-03 15:00,G8,38.0,0,38.0,-6.4,1.04,OK
F01881,2027-02-03 15:10,G1,0.8,0,0.8,-6.1,0.18,OK
F01882,2027-02-03 15:10,G2,0.5,1,-0.5,-6.1,0.18,OK
F01883,2027-02-03 15:10,G3,-5.2,-1,-4.2,-6.1,0.20,OK
F01884,2027-02-03 15:10,G4,-2.3,0,-2.3,-6.1,0.23,OK
F01885,2027-02-03 15:10,G5,-4.8,2,-6.8,-6.1,0.23,OK
F01886,2027-02-03 15:10,G6,187.3,187,0.3,-6.1,0.24,OK
F01887,2027-02-03 15:10,G7,-3.4,-2,-1.4,-6.1,0.23,OK
F01888,2027-02-03 15:10,G8,-3.8,0,-3.8,-6.1,0.18,OK
F01889,2027-02-03 15:20,G1,14.6,0,14.6,-5.9,0.63,OK
F01890,2027-02-03 15:20,G2,23.4,1,22.4,-5.9,0.61,OK
F01891,2027-02-03 15:20,G3,25.6,-1,26.6,-5.9,0.63,OK
F01892,2027-02-03 15:20,G4,36.8,0,36.8,-5.9,0.64,OK
F01893,2027-02-03 15:20,G5,40.4,2,38.4,-5.9,0.60,OK
F01894,2027-02-03 15:20,G6,229.4,187,42.4,-5.9,0.60,OK
F01895,2027-02-03 15:20,G7,29.4,-2,31.4,-5.9,0.64,OK
F01896,2027-02-03 15:20,G8,16.4,0,16.4,-5.9,0.61,OK
F01897,2027-02-03 15:30,G1,0.2,0,0.2,-5.6,0.20,OK
F01898,2027-02-03 15:30,G2,-3.9,1,-4.9,-5.6,0.18,OK
F01899,2027-02-03 15:30,G3,-4.6,-1,-3.6,-5.6,0.23,OK
F01900,2027-02-03 15:30,G4,-5.1,0,-5.1,-5.6,0.23,OK
F01901,2027-02-03 15:30,G5,3.2,2,1.2,-5.6,0.21,OK
F01902,2027-02-03 15:30,G6,189.6,187,2.6,-5.6,0.21,OK
F01903,2027-02-03 15:30,G7,0.6,-2,2.6,-5.6,0.17,OK
F01904,2027-02-03 15:30,G8,-2.1,0,-2.1,-5.6,0.19,OK
F01905,2027-02-03 15:40,G1,21.0,0,21.0,-5.4,0.82,OK
F01906,2027-02-03 15:40,G2,37.4,1,36.4,-5.4,0.84,OK
F01907,2027-02-03 15:40,G3,33.9,-1,34.9,-5.4,0.77,OK
F01908,2027-02-03 15:40,G4,50.5,0,50.5,-5.4,0.80,OK
F01909,2027-02-03 15:40,G5,56.2,2,54.2,-5.4,0.77,OK
F01910,2027-02-03 15:40,G6,251.6,187,64.6,-5.4,0.76,OK
F01911,2027-02-03 15:40,G7,45.2,-2,47.2,-5.4,0.78,OK
F01912,2027-02-03 15:40,G8,26.8,0,26.8,-5.4,0.76,OK
F01913,2027-02-03 15:50,G1,-3.5,0,-3.5,-5.1,0.21,OK
F01914,2027-02-03 15:50,G2,0.8,1,-0.2,-5.1,0.17,OK
F01915,2027-02-03 15:50,G3,-2.5,-1,-1.5,-5.1,0.18,OK
F01916,2027-02-03 15:50,G4,-4.7,0,-4.7,-5.1,0.21,OK
F01917,2027-02-03 15:50,G5,4.0,2,2.0,-5.1,0.20,OK
F01918,2027-02-03 15:50,G6,189.7,187,2.7,-5.1,0.24,OK
F01919,2027-02-03 15:50,G7,-2.4,-2,-0.4,-5.1,0.21,OK
F01920,2027-02-03 15:50,G8,4.1,0,4.1,-5.1,0.18,OK
F01921,2027-02-03 16:00,G1,13.3,0,13.3,-4.9,0.51,OK
F01922,2027-02-03 16:00,G2,14.9,1,13.9,-4.9,0.47,OK
F01923,2027-02-03 16:00,G3,22.2,-1,23.2,-4.9,0.48,OK
F01924,2027-02-03 16:00,G4,28.5,0,28.5,-4.9,0.55,OK
F01925,2027-02-03 16:00,G5,37.5,2,35.5,-4.9,0.50,OK
F01926,2027-02-03 16:00,G6,220.9,187,33.9,-4.9,0.49,OK
F01927,2027-02-03 16:00,G7,20.0,-2,22.0,-4.9,0.53,OK
F01928,2027-02-03 16:00,G8,17.0,0,17.0,-4.9,0.52,OK
F01929,2027-02-03 16:10,G1,4.1,0,4.1,-4.7,0.21,OK
F01930,2027-02-03 16:10,G2,-1.0,1,-2.0,-4.7,0.18,OK
F01931,2027-02-03 16:10,G3,3.5,-1,4.5,-4.7,0.22,OK
F01932,2027-02-03 16:10,G4,4.1,0,4.1,-4.7,0.20,OK
F01933,2027-02-03 16:10,G5,6.7,2,4.7,-4.7,0.18,OK
F01934,2027-02-03 16:10,G6,189.2,187,2.2,-4.7,0.23,OK
F01935,2027-02-03 16:10,G7,1.8,-2,3.8,-4.7,0.17,OK
F01936,2027-02-03 16:10,G8,4.4,0,4.4,-4.7,0.17,OK
F01937,2027-02-03 16:20,G1,21.5,0,21.5,-4.5,0.71,OK
F01938,2027-02-03 16:20,G2,28.9,1,27.9,-4.5,0.68,OK
F01939,2027-02-03 16:20,G3,34.8,-1,35.8,-4.5,0.69,OK
F01940,2027-02-03 16:20,G4,45.8,0,45.8,-4.5,0.69,OK
F01941,2027-02-03 16:20,G5,52.5,2,50.5,-4.5,0.69,OK
F01942,2027-02-03 16:20,G6,241.4,187,54.4,-4.5,0.71,OK
F01943,2027-02-03 16:20,G7,35.7,-2,37.7,-4.5,0.71,OK
F01944,2027-02-03 16:20,G8,28.4,0,28.4,-4.5,0.66,OK
F01945,2027-02-03 16:30,G1,-1.7,0,-1.7,-4.3,0.18,OK
F01946,2027-02-03 16:30,G2,-1.2,1,-2.2,-4.3,0.24,OK
F01947,2027-02-03 16:30,G3,-1.6,-1,-0.6,-4.3,0.23,OK
F01948,2027-02-03 16:30,G4,1.6,0,1.6,-4.3,0.22,OK
F01949,2027-02-03 16:30,G5,3.3,2,1.3,-4.3,0.18,OK
F01950,2027-02-03 16:30,G6,188.4,187,1.4,-4.3,0.23,OK
F01951,2027-02-03 16:30,G7,0.9,-2,2.9,-4.3,0.16,OK
F01952,2027-02-03 16:30,G8,3.5,0,3.5,-4.3,0.21,OK
F01953,2027-02-03 16:40,G1,30.7,0,30.7,-4.1,0.86,OK
F01954,2027-02-03 16:40,G2,39.8,1,38.8,-4.1,0.85,OK
F01955,2027-02-03 16:40,G3,44.0,-1,45.0,-4.1,0.88,OK
F01956,2027-02-03 16:40,G4,58.6,0,58.6,-4.1,0.85,OK
F01957,2027-02-03 16:40,G5,72.0,2,70.0,-4.1,0.90,OK
F01958,2027-02-03 16:40,G6,269.9,187,82.9,-4.1,0.90,OK
F01959,2027-02-03 16:40,G7,52.4,-2,54.4,-4.1,0.86,OK
F01960,2027-02-03 16:40,G8,36.3,0,36.3,-4.1,0.85,OK
F01961,2027-02-03 16:50,G1,6.5,0,6.5,-3.9,0.24,OK
F01962,2027-02-03 16:50,G2,3.4,1,2.4,-3.9,0.19,OK
F01963,2027-02-03 16:50,G3,-2.7,-1,-1.7,-3.9,0.20,OK
F01964,2027-02-03 16:50,G4,4.2,0,4.2,-3.9,0.22,OK
F01965,2027-02-03 16:50,G5,7.3,2,5.3,-3.9,0.20,OK
F01966,2027-02-03 16:50,G6,188.4,187,1.4,-3.9,0.17,OK
F01967,2027-02-03 16:50,G7,1.2,-2,3.2,-3.9,0.20,OK
F01968,2027-02-03 16:50,G8,1.4,0,1.4,-3.9,0.19,OK
F01969,2027-02-03 17:00,G1,17.8,0,17.8,-3.7,0.58,OK
F01970,2027-02-03 17:00,G2,20.8,1,19.8,-3.7,0.60,OK
F01971,2027-02-03 17:00,G3,24.6,-1,25.6,-3.7,0.55,OK
F01972,2027-02-03 17:00,G4,33.8,0,33.8,-3.7,0.57,OK
F01973,2027-02-03 17:00,G5,42.6,2,40.6,-3.7,0.61,OK
F01974,2027-02-03 17:00,G6,229.5,187,42.5,-3.7,0.58,OK
F01975,2027-02-03 17:00,G7,27.6,-2,29.6,-3.7,0.61,OK
F01976,2027-02-03 17:00,G8,24.9,0,24.9,-3.7,0.57,OK
F01977,2027-02-03 17:10,G1,3.7,0,3.7,-3.5,0.23,OK
F01978,2027-02-03 17:10,G2,4.2,1,3.2,-3.5,0.21,OK
F01979,2027-02-03 17:10,G3,-0.5,-1,0.5,-3.5,0.17,OK
F01980,2027-02-03 17:10,G4,1.2,0,1.2,-3.5,0.18,OK
F01981,2027-02-03 17:10,G5,3.5,2,1.5,-3.5,0.17,OK
F01982,2027-02-03 17:10,G6,192.2,187,5.2,-3.5,0.23,OK
F01983,2027-02-03 17:10,G7,4.7,-2,6.7,-3.5,0.20,OK
F01984,2027-02-03 17:10,G8,1.5,0,1.5,-3.5,0.19,OK
F01985,2027-02-03 17:20,G1,28.3,0,28.3,-3.3,0.74,OK
F01986,2027-02-03 17:20,G2,30.8,1,29.8,-3.3,0.74,OK
F01987,2027-02-03 17:20,G3,41.7,-1,42.7,-3.3,0.75,OK
F01988,2027-02-03 17:20,G4,48.7,0,48.7,-3.3,0.71,OK
F01989,2027-02-03 17:20,G5,62.9,2,60.9,-3.3,0.72,OK
F01990,2027-02-03 17:20,G6,253.9,187,66.9,-3.3,0.77,OK
F01991,2027-02-03 17:20,G7,40.1,-2,42.1,-3.3,0.74,OK
F01992,2027-02-03 17:20,G8,36.1,0,36.1,-3.3,0.74,OK
F01993,2027-02-03 17:30,G1,0.8,0,0.8,-3.2,0.16,OK
F01994,2027-02-03 17:30,G2,3.7,1,2.7,-3.2,0.22,OK
F01995,2027-02-03 17:30,G3,0.5,-1,1.5,-3.2,0.24,OK
F01996,2027-02-03 17:30,G4,5.6,0,5.6,-3.2,0.20,OK
F01997,2027-02-03 17:30,G5,4.3,2,2.3,-3.2,0.16,OK
F01998,2027-02-03 17:30,G6,188.6,187,1.6,-3.2,0.24,OK
F01999,2027-02-03 17:30,G7,5.2,-2,7.2,-3.2,0.23,OK
F02000,2027-02-03 17:30,G8,6.7,0,6.7,-3.2,0.22,OK
F02001,2027-02-03 17:40,G1,35.4,0,35.4,-3.0,0.89,OK
F02002,2027-02-03 17:40,G2,45.5,1,44.5,-3.0,0.88,OK
F02003,2027-02-03 17:40,G3,47.3,-1,48.3,-3.0,0.89,OK
F02004,2027-02-03 17:40,G4,63.6,0,63.6,-3.0,0.90,OK
F02005,2027-02-03 17:40,G5,74.7,2,72.7,-3.0,0.94,OK
F02006,2027-02-03 17:40,G6,278.9,187,91.9,-3.0,0.91,OK
F02007,2027-02-03 17:40,G7,55.8,-2,57.8,-3.0,0.96,OK
F02008,2027-02-03 17:40,G8,39.9,0,39.9,-3.0,0.94,OK
F02009,2027-02-03 17:50,G1,6.9,0,6.9,-2.9,0.22,OK
F02010,2027-02-03 17:50,G2,2.3,1,1.3,-2.9,0.19,OK
F02011,2027-02-03 17:50,G3,0.9,-1,1.9,-2.9,0.23,OK
F02012,2027-02-03 17:50,G4,2.5,0,2.5,-2.9,0.19,OK
F02013,2027-02-03 17:50,G5,7.7,2,5.7,-2.9,0.19,OK
F02014,2027-02-03 17:50,G6,194.7,187,7.7,-2.9,0.17,OK
F02015,2027-02-03 17:50,G7,6.7,-2,8.7,-2.9,0.21,OK
F02016,2027-02-03 17:50,G8,7.2,0,7.2,-2.9,0.19,OK
F02017,2027-02-03 18:00,G1,22.7,0,22.7,-2.7,0.66,OK
F02018,2027-02-03 18:00,G2,33.8,1,32.8,-2.7,0.67,OK
F02019,2027-02-03 18:00,G3,32.0,-1,33.0,-2.7,0.61,OK
F02020,2027-02-03 18:00,G4,38.2,0,38.2,-2.7,0.64,OK
F02021,2027-02-03 18:00,G5,54.8,2,52.8,-2.7,0.62,OK
F02022,2027-02-03 18:00,G6,243.5,187,56.5,-2.7,0.65,OK
F02023,2027-02-03 18:00,G7,39.7,-2,41.7,-2.7,0.60,OK
F02024,2027-02-03 18:00,G8,23.8,0,23.8,-2.7,0.64,OK
F02025,2027-02-03 18:10,G1,6.6,0,6.6,-2.6,0.18,OK
F02026,2027-02-03 18:10,G2,5.9,1,4.9,-2.6,0.17,OK
F02027,2027-02-03 18:10,G3,6.5,-1,7.5,-2.6,0.19,OK
F02028,2027-02-03 18:10,G4,8.8,0,8.8,-2.6,0.21,OK
F02029,2027-02-03 18:10,G5,12.0,2,10.0,-2.6,0.21,OK
F02030,2027-02-03 18:10,G6,189.1,187,2.1,-2.6,0.23,OK
F02031,2027-02-03 18:10,G7,4.6,-2,6.6,-2.6,0.18,OK
F02032,2027-02-03 18:10,G8,6.4,0,6.4,-2.6,0.23,OK
F02033,2027-02-03 18:20,G1,29.8,0,29.8,-2.5,0.81,OK
F02034,2027-02-03 18:20,G2,42.3,1,41.3,-2.5,0.83,OK
F02035,2027-02-03 18:20,G3,47.6,-1,48.6,-2.5,0.77,OK
F02036,2027-02-03 18:20,G4,53.8,0,53.8,-2.5,0.85,OK
F02037,2027-02-03 18:20,G5,72.1,2,70.1,-2.5,0.78,OK
F02038,2027-02-03 18:20,G6,261.0,187,74.0,-2.5,0.79,OK
F02039,2027-02-03 18:20,G7,52.4,-2,54.4,-2.5,0.84,OK
F02040,2027-02-03 18:20,G8,35.7,0,35.7,-2.5,0.78,OK
F02041,2027-02-03 18:30,G1,6.4,0,6.4,-2.4,0.16,OK
F02042,2027-02-03 18:30,G2,3.4,1,2.4,-2.4,0.18,OK
F02043,2027-02-03 18:30,G3,8.5,-1,9.5,-2.4,0.23,OK
F02044,2027-02-03 18:30,G4,2.9,0,2.9,-2.4,0.24,OK
F02045,2027-02-03 18:30,G5,6.2,2,4.2,-2.4,0.18,OK
F02046,2027-02-03 18:30,G6,196.4,187,9.4,-2.4,0.21,OK
F02047,2027-02-03 18:30,G7,2.2,-2,4.2,-2.4,0.23,OK
F02048,2027-02-03 18:30,G8,10.3,0,10.3,-2.4,0.22,OK
F02049,2027-02-03 18:40,G1,36.5,0,36.5,-2.3,0.99,OK
F02050,2027-02-03 18:40,G2,50.1,1,49.1,-2.3,0.99,OK
F02051,2027-02-03 18:40,G3,54.3,-1,55.3,-2.3,1.00,OK
F02052,2027-02-03 18:40,G4,75.0,0,75.0,-2.3,0.99,OK
F02053,2027-02-03 18:40,G5,83.4,2,81.4,-2.3,0.95,OK
F02054,2027-02-03 18:40,G6,283.8,187,96.8,-2.3,1.02,OK
F02055,2027-02-03 18:40,G7,62.4,-2,64.4,-2.3,0.97,OK
F02056,2027-02-03 18:40,G8,43.1,0,43.1,-2.3,0.98,OK
F02057,2027-02-03 18:50,G1,2.2,0,2.2,-2.2,0.18,OK
F02058,2027-02-03 18:50,G2,6.5,1,5.5,-2.2,0.24,OK
F02059,2027-02-03 18:50,G3,7.7,-1,8.7,-2.2,0.19,OK
F02060,2027-02-03 18:50,G4,5.2,0,5.2,-2.2,0.19,OK
F02061,2027-02-03 18:50,G5,13.3,2,11.3,-2.2,0.17,OK
F02062,2027-02-03 18:50,G6,196.2,187,9.2,-2.2,0.17,OK
F02063,2027-02-03 18:50,G7,2.0,-2,4.0,-2.2,0.23,OK
F02064,2027-02-03 18:50,G8,11.3,0,11.3,-2.2,0.20,OK
F02065,2027-02-03 19:00,G1,23.5,0,23.5,-2.1,0.71,OK
F02066,2027-02-03 19:00,G2,36.2,1,35.2,-2.1,0.71,OK
F02067,2027-02-03 19:00,G3,35.9,-1,36.9,-2.1,0.73,OK
F02068,2027-02-03 19:00,G4,45.0,0,45.0,-2.1,0.73,OK
F02069,2027-02-03 19:00,G5,61.7,2,59.7,-2.1,0.66,OK
F02070,2027-02-03 19:00,G6,247.5,187,60.5,-2.1,0.73,OK
F02071,2027-02-03 19:00,G7,45.2,-2,47.2,-2.1,0.72,OK
F02072,2027-02-03 19:00,G8,35.3,0,35.3,-2.1,0.69,OK
F02073,2027-02-03 19:10,G1,3.3,0,3.3,-2.1,0.22,OK
F02074,2027-02-03 19:10,G2,6.3,1,5.3,-2.1,0.18,OK
F02075,2027-02-03 19:10,G3,1.5,-1,2.5,-2.1,0.22,OK
F02076,2027-02-03 19:10,G4,5.5,0,5.5,-2.1,0.21,OK
F02077,2027-02-03 19:10,G5,7.9,2,5.9,-2.1,0.20,OK
F02078,2027-02-03 19:10,G6,199.0,187,12.0,-2.1,0.18,OK
F02079,2027-02-03 19:10,G7,3.7,-2,5.7,-2.1,0.17,OK
F02080,2027-02-03 19:10,G8,10.5,0,10.5,-2.1,0.18,OK
F02081,2027-02-03 19:20,G1,36.7,0,36.7,-2.0,0.85,OK
F02082,2027-02-03 19:20,G2,48.6,1,47.6,-2.0,0.90,OK
F02083,2027-02-03 19:20,G3,51.5,-1,52.5,-2.0,0.91,OK
F02084,2027-02-03 19:20,G4,61.8,0,61.8,-2.0,0.83,OK
F02085,2027-02-03 19:20,G5,73.7,2,71.7,-2.0,0.89,OK
F02086,2027-02-03 19:20,G6,270.1,187,83.1,-2.0,0.85,OK
F02087,2027-02-03 19:20,G7,53.3,-2,55.3,-2.0,0.85,OK
F02088,2027-02-03 19:20,G8,38.4,0,38.4,-2.0,0.83,OK
F02089,2027-02-03 19:30,G1,3.5,0,3.5,-2.0,0.24,OK
F02090,2027-02-03 19:30,G2,10.1,1,9.1,-2.0,0.19,OK
F02091,2027-02-03 19:30,G3,9.3,-1,10.3,-2.0,0.21,OK
F02092,2027-02-03 19:30,G4,9.1,0,9.1,-2.0,0.23,OK
F02093,2027-02-03 19:30,G5,6.5,2,4.5,-2.0,0.23,OK
F02094,2027-02-03 19:30,G6,194.8,187,7.8,-2.0,0.19,OK
F02095,2027-02-03 19:30,G7,6.1,-2,8.1,-2.0,0.20,OK
F02096,2027-02-03 19:30,G8,10.5,0,10.5,-2.0,0.19,OK
F02097,2027-02-03 19:40,G1,41.4,0,41.4,-1.9,1.04,OK
F02098,2027-02-03 19:40,G2,51.1,1,50.1,-1.9,1.08,OK
F02099,2027-02-03 19:40,G3,59.0,-1,60.0,-1.9,1.05,OK
F02100,2027-02-03 19:40,G4,79.8,0,79.8,-1.9,1.06,OK
F02101,2027-02-03 19:40,G5,91.9,2,89.9,-1.9,1.08,OK
F02102,2027-02-03 19:40,G6,293.2,187,106.2,-1.9,1.05,OK
F02103,2027-02-03 19:40,G7,70.5,-2,72.5,-1.9,1.00,OK
F02104,2027-02-03 19:40,G8,47.1,0,47.1,-1.9,1.01,OK
F02105,2027-02-03 19:50,G1,2.3,0,2.3,-1.9,0.22,OK
F02106,2027-02-03 19:50,G2,4.7,1,3.7,-1.9,0.22,OK
F02107,2027-02-03 19:50,G3,2.6,-1,3.6,-1.9,0.17,OK
F02108,2027-02-03 19:50,G4,6.0,0,6.0,-1.9,0.19,OK
F02109,2027-02-03 19:50,G5,11.3,2,9.3,-1.9,0.18,OK
F02110,2027-02-03 19:50,G6,198.7,187,11.7,-1.9,0.18,OK
F02111,2027-02-03 19:50,G7,8.6,-2,10.6,-1.9,0.22,OK
F02112,2027-02-03 19:50,G8,6.2,0,6.2,-1.9,0.19,OK
F02113,2027-02-03 20:00,G1,34.0,0,34.0,-1.9,0.80,OK
F02114,2027-02-03 20:00,G2,36.6,1,35.6,-1.9,0.79,OK
F02115,2027-02-03 20:00,G3,40.9,-1,41.9,-1.9,0.74,OK
F02116,2027-02-03 20:00,G4,52.4,0,52.4,-1.9,0.77,OK
F02117,2027-02-03 20:00,G5,62.4,2,60.4,-1.9,0.79,OK
F02118,2027-02-03 20:00,G6,263.5,187,76.5,-1.9,0.73,OK
F02119,2027-02-03 20:00,G7,46.5,-2,48.5,-1.9,0.75,OK
F02120,2027-02-03 20:00,G8,34.9,0,34.9,-1.9,0.72,OK
F02121,2027-02-03 20:10,G1,6.5,0,6.5,-1.9,0.16,OK
F02122,2027-02-03 20:10,G2,3.6,1,2.6,-1.9,0.17,OK
F02123,2027-02-03 20:10,G3,6.6,-1,7.6,-1.9,0.24,OK
F02124,2027-02-03 20:10,G4,9.0,0,9.0,-1.9,0.18,OK
F02125,2027-02-03 20:10,G5,9.9,2,7.9,-1.9,0.20,OK
F02126,2027-02-03 20:10,G6,198.4,187,11.4,-1.9,0.21,OK
F02127,2027-02-03 20:10,G7,8.8,-2,10.8,-1.9,0.20,OK
F02128,2027-02-03 20:10,G8,5.9,0,5.9,-1.9,0.20,OK
F02129,2027-02-03 20:20,G1,35.7,0,35.7,-1.9,0.94,OK
F02130,2027-02-03 20:20,G2,51.0,1,50.0,-1.9,0.92,OK
F02131,2027-02-03 20:20,G3,50.8,-1,51.8,-1.9,0.95,OK
F02132,2027-02-03 20:20,G4,67.4,0,67.4,-1.9,0.94,OK
F02133,2027-02-03 20:20,G5,81.1,2,79.1,-1.9,0.95,OK
F02134,2027-02-03 20:20,G6,281.8,187,94.8,-1.9,0.97,OK
F02135,2027-02-03 20:20,G7,60.3,-2,62.3,-1.9,0.97,OK
F02136,2027-02-03 20:20,G8,47.2,0,47.2,-1.9,0.94,OK
F02137,2027-02-03 20:30,G1,3.5,0,3.5,-2.0,0.23,OK
F02138,2027-02-03 20:30,G2,6.1,1,5.1,-2.0,0.23,OK
F02139,2027-02-03 20:30,G3,6.0,-1,7.0,-2.0,0.18,OK
F02140,2027-02-03 20:30,G4,7.0,0,7.0,-2.0,0.17,OK
F02141,2027-02-03 20:30,G5,9.5,2,7.5,-2.0,0.16,OK
F02142,2027-02-03 20:30,G6,196.1,187,9.1,-2.0,0.19,OK
F02143,2027-02-03 20:30,G7,6.4,-2,8.4,-2.0,0.19,OK
F02144,2027-02-03 20:30,G8,10.9,0,10.9,-2.0,0.22,OK
F02145,2027-02-03 20:40,G1,46.1,0,46.1,-2.0,1.10,OK
F02146,2027-02-03 20:40,G2,59.0,1,58.0,-2.0,1.12,OK
F02147,2027-02-03 20:40,G3,67.4,-1,68.4,-2.0,1.11,OK
F02148,2027-02-03 20:40,G4,84.8,0,84.8,-2.0,1.10,OK
F02149,2027-02-03 20:40,G5,102.2,2,100.2,-2.0,1.12,OK
F02150,2027-02-03 20:40,G6,295.3,187,108.3,-2.0,1.12,OK
F02151,2027-02-03 20:40,G7,69.4,-2,71.4,-2.0,1.14,OK
F02152,2027-02-03 20:40,G8,51.2,0,51.2,-2.0,1.14,OK
F02153,2027-02-03 20:50,G1,4.8,0,4.8,-2.1,0.17,OK
F02154,2027-02-03 20:50,G2,4.0,1,3.0,-2.1,0.19,OK
F02155,2027-02-03 20:50,G3,7.0,-1,8.0,-2.1,0.24,OK
F02156,2027-02-03 20:50,G4,10.2,0,10.2,-2.1,0.21,OK
F02157,2027-02-03 20:50,G5,12.5,2,10.5,-2.1,0.21,OK
F02158,2027-02-03 20:50,G6,194.8,187,7.8,-2.1,0.17,OK
F02159,2027-02-03 20:50,G7,2.1,-2,4.1,-2.1,0.19,OK
F02160,2027-02-03 20:50,G8,4.3,0,4.3,-2.1,0.24,OK
F02161,2027-02-03 21:00,G1,33.9,0,33.9,-2.1,0.86,OK
F02162,2027-02-03 21:00,G2,39.1,1,38.1,-2.1,0.79,OK
F02163,2027-02-03 21:00,G3,48.2,-1,49.2,-2.1,0.82,OK
F02164,2027-02-03 21:00,G4,57.3,0,57.3,-2.1,0.82,OK
F02165,2027-02-03 21:00,G5,69.6,2,67.6,-2.1,0.80,OK
F02166,2027-02-03 21:00,G6,264.3,187,77.3,-2.1,0.82,OK
F02167,2027-02-03 21:00,G7,50.2,-2,52.2,-2.1,0.81,OK
F02168,2027-02-03 21:00,G8,38.8,0,38.8,-2.1,0.81,OK
F02169,2027-02-03 21:10,G1,8.4,0,8.4,-2.2,0.18,OK
F02170,2027-02-03 21:10,G2,3.2,1,2.2,-2.2,0.23,OK
F02171,2027-02-03 21:10,G3,4.8,-1,5.8,-2.2,0.21,OK
F02172,2027-02-03 21:10,G4,5.1,0,5.1,-2.2,0.22,OK
F02173,2027-02-03 21:10,G5,10.0,2,8.0,-2.2,0.19,OK
F02174,2027-02-03 21:10,G6,197.4,187,10.4,-2.2,0.21,OK
F02175,2027-02-03 21:10,G7,2.0,-2,4.0,-2.2,0.20,OK
F02176,2027-02-03 21:10,G8,7.6,0,7.6,-2.2,0.18,OK
F02177,2027-02-03 21:20,G1,38.5,0,38.5,-2.3,0.98,OK
F02178,2027-02-03 21:20,G2,53.2,1,52.2,-2.3,1.00,OK
F02179,2027-02-03 21:20,G3,55.4,-1,56.4,-2.3,0.96,OK
F02180,2027-02-03 21:20,G4,74.2,0,74.2,-2.3,1.02,OK
F02181,2027-02-03 21:20,G5,86.1,2,84.1,-2.3,0.99,OK
F02182,2027-02-03 21:20,G6,287.9,187,100.9,-2.3,0.96,OK
F02183,2027-02-03 21:20,G7,60.9,-2,62.9,-2.3,0.97,OK
F02184,2027-02-03 21:20,G8,42.9,0,42.9,-2.3,1.03,OK
F02185,2027-02-03 21:30,G1,5.0,0,5.0,-2.4,0.23,OK
F02186,2027-02-03 21:30,G2,5.6,1,4.6,-2.4,0.22,OK
F02187,2027-02-03 21:30,G3,3.2,-1,4.2,-2.4,0.21,OK
F02188,2027-02-03 21:30,G4,5.7,0,5.7,-2.4,0.21,OK
F02189,2027-02-03 21:30,G5,12.9,2,10.9,-2.4,0.19,OK
F02190,2027-02-03 21:30,G6,193.5,187,6.5,-2.4,0.16,OK
F02191,2027-02-03 21:30,G7,8.9,-2,10.9,-2.4,0.22,OK
F02192,2027-02-03 21:30,G8,5.3,0,5.3,-2.4,0.18,OK
F02193,2027-02-03 21:40,G1,21.7,0,21.7,-2.5,0.54,OK
F02194,2027-02-03 21:40,G2,29.8,1,28.8,-2.5,0.56,OK
F02195,2027-02-03 21:40,G3,31.3,-1,32.3,-2.5,0.52,OK
F02196,2027-02-03 21:40,G4,37.0,0,37.0,-2.5,0.56,OK
F02197,2027-02-03 21:40,G5,38.3,2,36.3,-2.5,0.57,OK
F02198,2027-02-03 21:40,G6,234.0,187,47.0,-2.5,0.50,OK
F02199,2027-02-03 21:40,G7,28.9,-2,30.9,-2.5,0.58,OK
F02200,2027-02-03 21:40,G8,23.2,0,23.2,-2.5,0.54,OK
F02201,2027-02-03 21:50,G1,8.9,0,8.9,-2.6,0.22,OK
F02202,2027-02-03 21:50,G2,6.8,1,5.8,-2.6,0.21,OK
F02203,2027-02-03 21:50,G3,3.6,-1,4.6,-2.6,0.19,OK
F02204,2027-02-03 21:50,G4,7.5,0,7.5,-2.6,0.22,OK
F02205,2027-02-03 21:50,G5,12.7,2,10.7,-2.6,0.16,OK
F02206,2027-02-03 21:50,G6,192.5,187,5.5,-2.6,0.22,OK
F02207,2027-02-03 21:50,G7,7.8,-2,9.8,-2.6,0.19,OK
F02208,2027-02-03 21:50,G8,3.6,0,3.6,-2.6,0.22,OK
F02209,2027-02-03 22:00,G1,0.7,0,0.7,-2.7,0.17,OK
F02210,2027-02-03 22:00,G2,6.2,1,5.2,-2.7,0.18,OK
F02211,2027-02-03 22:00,G3,5.2,-1,6.2,-2.7,0.22,OK
F02212,2027-02-03 22:00,G4,7.2,0,7.2,-2.7,0.21,OK
F02213,2027-02-03 22:00,G5,8.7,2,6.7,-2.7,0.19,OK
F02214,2027-02-03 22:00,G6,189.9,187,2.9,-2.7,0.21,OK
F02215,2027-02-03 22:00,G7,2.0,-2,4.0,-2.7,0.18,OK
F02216,2027-02-03 22:00,G8,4.7,0,4.7,-2.7,0.17,OK
F02217,2027-02-03 22:10,G1,8.7,0,8.7,-2.9,0.23,OK
F02218,2027-02-03 22:10,G2,5.2,1,4.2,-2.9,0.22,OK
F02219,2027-02-03 22:10,G3,3.7,-1,4.7,-2.9,0.21,OK
F02220,2027-02-03 22:10,G4,9.5,0,9.5,-2.9,0.18,OK
F02221,2027-02-03 22:10,G5,4.2,2,2.2,-2.9,0.24,OK
F02222,2027-02-03 22:10,G6,190.1,187,3.1,-2.9,0.23,OK
F02223,2027-02-03 22:10,G7,6.1,-2,8.1,-2.9,0.20,OK
F02224,2027-02-03 22:10,G8,10.2,0,10.2,-2.9,0.22,OK
F02225,2027-02-03 22:20,G1,4.6,0,4.6,-3.0,0.22,OK
F02226,2027-02-03 22:20,G2,9.3,1,8.3,-3.0,0.16,OK
F02227,2027-02-03 22:20,G3,7.1,-1,8.1,-3.0,0.23,OK
F02228,2027-02-03 22:20,G4,8.3,0,8.3,-3.0,0.20,OK
F02229,2027-02-03 22:20,G5,9.2,2,7.2,-3.0,0.17,OK
F02230,2027-02-03 22:20,G6,188.0,187,1.0,-3.0,0.21,OK
F02231,2027-02-03 22:20,G7,5.4,-2,7.4,-3.0,0.21,OK
F02232,2027-02-03 22:20,G8,4.7,0,4.7,-3.0,0.22,OK
F02233,2027-02-03 22:30,G1,5.6,0,5.6,-3.2,0.19,OK
F02234,2027-02-03 22:30,G2,8.1,1,7.1,-3.2,0.24,OK
F02235,2027-02-03 22:30,G3,7.4,-1,8.4,-3.2,0.18,OK
F02236,2027-02-03 22:30,G4,6.9,0,6.9,-3.2,0.20,OK
F02237,2027-02-03 22:30,G5,10.4,2,8.4,-3.2,0.22,OK
F02238,2027-02-03 22:30,G6,196.5,187,9.5,-3.2,0.16,OK
F02239,2027-02-03 22:30,G7,6.8,-2,8.8,-3.2,0.24,OK
F02240,2027-02-03 22:30,G8,7.5,0,7.5,-3.2,0.19,OK
F02241,2027-02-03 22:40,G1,7.6,0,7.6,-3.3,0.23,OK
F02242,2027-02-03 22:40,G2,3.9,1,2.9,-3.3,0.17,OK
F02243,2027-02-03 22:40,G3,2.8,-1,3.8,-3.3,0.20,OK
F02244,2027-02-03 22:40,G4,-0.3,0,-0.3,-3.3,0.21,OK
F02245,2027-02-03 22:40,G5,5.3,2,3.3,-3.3,0.17,OK
F02246,2027-02-03 22:40,G6,189.7,187,2.7,-3.3,0.23,OK
F02247,2027-02-03 22:40,G7,7.1,-2,9.1,-3.3,0.17,OK
F02248,2027-02-03 22:40,G8,7.7,0,7.7,-3.3,0.17,OK
F02249,2027-02-03 22:50,G1,0.0,0,0.0,-3.5,0.22,OK
F02250,2027-02-03 22:50,G2,0.6,1,-0.4,-3.5,0.19,OK
F02251,2027-02-03 22:50,G3,2.0,-1,3.0,-3.5,0.18,OK
F02252,2027-02-03 22:50,G4,0.3,0,0.3,-3.5,0.17,OK
F02253,2027-02-03 22:50,G5,8.8,2,6.8,-3.5,0.21,OK
F02254,2027-02-03 22:50,G6,193.7,187,6.7,-3.5,0.16,OK
F02255,2027-02-03 22:50,G7,-2.2,-2,-0.2,-3.5,0.17,OK
F02256,2027-02-03 22:50,G8,3.6,0,3.6,-3.5,0.18,OK
F02257,2027-02-03 23:00,G1,7.2,0,7.2,-3.7,0.18,OK
F02258,2027-02-03 23:00,G2,6.1,1,5.1,-3.7,0.23,OK
F02259,2027-02-03 23:00,G3,-0.9,-1,0.1,-3.7,0.18,OK
F02260,2027-02-03 23:00,G4,0.6,0,0.6,-3.7,0.21,OK
F02261,2027-02-03 23:00,G5,8.5,2,6.5,-3.7,0.22,OK
F02262,2027-02-03 23:00,G6,189.3,187,2.3,-3.7,0.22,OK
F02263,2027-02-03 23:00,G7,0.5,-2,2.5,-3.7,0.18,OK
F02264,2027-02-03 23:00,G8,4.1,0,4.1,-3.7,0.19,OK
F02265,2027-02-03 23:10,G1,-0.2,0,-0.2,-3.9,0.18,OK
F02266,2027-02-03 23:10,G2,2.7,1,1.7,-3.9,0.22,OK
F02267,2027-02-03 23:10,G3,5.5,-1,6.5,-3.9,0.19,OK
F02268,2027-02-03 23:10,G4,1.8,0,1.8,-3.9,0.17,OK
F02269,2027-02-03 23:10,G5,0.9,2,-1.1,-3.9,0.16,OK
F02270,2027-02-03 23:10,G6,193.6,187,6.6,-3.9,0.20,OK
F02271,2027-02-03 23:10,G7,2.3,-2,4.3,-3.9,0.24,OK
F02272,2027-02-03 23:10,G8,3.3,0,3.3,-3.9,0.17,OK
F02273,2027-02-03 23:20,G1,4.2,0,4.2,-4.1,0.24,OK
F02274,2027-02-03 23:20,G2,5.2,1,4.2,-4.1,0.17,OK
F02275,2027-02-03 23:20,G3,1.8,-1,2.8,-4.1,0.18,OK
F02276,2027-02-03 23:20,G4,3.3,0,3.3,-4.1,0.20,OK
F02277,2027-02-03 23:20,G5,0.4,2,-1.6,-4.1,0.21,OK
F02278,2027-02-03 23:20,G6,192.4,187,5.4,-4.1,0.16,OK
F02279,2027-02-03 23:20,G7,2.3,-2,4.3,-4.1,0.22,OK
F02280,2027-02-03 23:20,G8,-0.4,0,-0.4,-4.1,0.18,OK
F02281,2027-02-03 23:30,G1,2.3,0,2.3,-4.3,0.20,OK
F02282,2027-02-03 23:30,G2,-1.0,1,-2.0,-4.3,0.22,OK
F02283,2027-02-03 23:30,G3,4.0,-1,5.0,-4.3,0.24,OK
F02284,2027-02-03 23:30,G4,4.8,0,4.8,-4.3,0.17,OK
F02285,2027-02-03 23:30,G5,2.1,2,0.1,-4.3,0.18,OK
F02286,2027-02-03 23:30,G6,189.9,187,2.9,-4.3,0.17,OK
F02287,2027-02-03 23:30,G7,-2.0,-2,-0.0,-4.3,0.20,OK
F02288,2027-02-03 23:30,G8,0.6,0,0.6,-4.3,0.20,OK
F02289,2027-02-03 23:40,G1,2.0,0,2.0,-4.5,0.17,OK
F02290,2027-02-03 23:40,G2,0.9,1,-0.1,-4.5,0.17,OK
F02291,2027-02-03 23:40,G3,-3.2,-1,-2.2,-4.5,0.21,OK
F02292,2027-02-03 23:40,G4,3.2,0,3.2,-4.5,0.17,OK
F02293,2027-02-03 23:40,G5,-0.4,2,-2.4,-4.5,0.20,OK
F02294,2027-02-03 23:40,G6,192.7,187,5.7,-4.5,0.21,OK
F02295,2027-02-03 23:40,G7,3.3,-2,5.3,-4.5,0.23,OK
F02296,2027-02-03 23:40,G8,1.5,0,1.5,-4.5,0.17,OK
F02297,2027-02-03 23:50,G1,4.4,0,4.4,-4.7,0.20,OK
F02298,2027-02-03 23:50,G2,2.0,1,1.0,-4.7,0.18,OK
F02299,2027-02-03 23:50,G3,-2.0,-1,-1.0,-4.7,0.21,OK
F02300,2027-02-03 23:50,G4,2.1,0,2.1,-4.7,0.21,OK
F02301,2027-02-03 23:50,G5,1.7,2,-0.3,-4.7,0.23,OK
F02302,2027-02-03 23:50,G6,191.2,187,4.2,-4.7,0.24,OK
F02303,2027-02-03 23:50,G7,-3.7,-2,-1.7,-4.7,0.22,OK
F02304,2027-02-03 23:50,G8,1.0,0,1.0,-4.7,0.20,OK
F02305,2027-02-04 00:00,G1,-2.9,0,-2.9,-4.8,0.21,OK
F02306,2027-02-04 00:00,G2,1.2,1,0.2,-4.8,0.16,OK
F02307,2027-02-04 00:00,G3,-4.6,-1,-3.6,-4.8,0.18,OK
F02308,2027-02-04 00:00,G4,2.1,0,2.1,-4.8,0.21,OK
F02309,2027-02-04 00:00,G5,0.6,2,-1.4,-4.8,0.24,OK
F02310,2027-02-04 00:00,G6,183.5,187,-3.5,-4.8,0.20,OK
F02311,2027-02-04 00:00,G7,1.0,-2,3.0,-4.8,0.24,OK
F02312,2027-02-04 00:00,G8,-2.4,0,-2.4,-4.8,0.17,OK
F02313,2027-02-04 00:10,G1,3.7,0,3.7,-5.1,0.16,OK
F02314,2027-02-04 00:10,G2,2.3,1,1.3,-5.1,0.23,OK
F02315,2027-02-04 00:10,G3,-3.9,-1,-2.9,-5.1,0.18,OK
F02316,2027-02-04 00:10,G4,0.2,0,0.2,-5.1,0.16,OK
F02317,2027-02-04 00:10,G5,0.7,2,-1.3,-5.1,0.24,OK
F02318,2027-02-04 00:10,G6,190.1,187,3.1,-5.1,0.17,OK
F02319,2027-02-04 00:10,G7,-1.6,-2,0.4,-5.1,0.21,OK
F02320,2027-02-04 00:10,G8,-1.9,0,-1.9,-5.1,0.19,OK
F02321,2027-02-04 00:20,G1,1.4,0,1.4,-5.3,0.22,OK
F02322,2027-02-04 00:20,G2,4.7,1,3.7,-5.3,0.20,OK
F02323,2027-02-04 00:20,G3,-6.0,-1,-5.0,-5.3,0.23,OK
F02324,2027-02-04 00:20,G4,0.3,0,0.3,-5.3,0.22,OK
F02325,2027-02-04 00:20,G5,-2.1,2,-4.1,-5.3,0.23,OK
F02326,2027-02-04 00:20,G6,188.8,187,1.8,-5.3,0.23,OK
F02327,2027-02-04 00:20,G7,-6.3,-2,-4.3,-5.3,0.19,OK
F02328,2027-02-04 00:20,G8,-2.5,0,-2.5,-5.3,0.21,OK
F02329,2027-02-04 00:30,G1,-0.0,0,-0.0,-5.5,0.20,OK
F02330,2027-02-04 00:30,G2,-2.8,1,-3.8,-5.5,0.21,OK
F02331,2027-02-04 00:30,G3,-0.8,-1,0.2,-5.5,0.20,OK
F02332,2027-02-04 00:30,G4,0.4,0,0.4,-5.5,0.24,OK
F02333,2027-02-04 00:30,G5,0.8,2,-1.2,-5.5,0.17,OK
F02334,2027-02-04 00:30,G6,181.5,187,-5.5,-5.5,0.22,OK
F02335,2027-02-04 00:30,G7,-0.8,-2,1.2,-5.5,0.23,OK
F02336,2027-02-04 00:30,G8,-3.9,0,-3.9,-5.5,0.24,OK
F02337,2027-02-04 00:40,G1,-5.9,0,-5.9,-5.8,0.21,OK
F02338,2027-02-04 00:40,G2,2.0,1,1.0,-5.8,0.21,OK
F02339,2027-02-04 00:40,G3,-6.2,-1,-5.2,-5.8,0.21,OK
F02340,2027-02-04 00:40,G4,-0.3,0,-0.3,-5.8,0.22,OK
F02341,2027-02-04 00:40,G5,-0.9,2,-2.9,-5.8,0.21,OK
F02342,2027-02-04 00:40,G6,182.5,187,-4.5,-5.8,0.24,OK
F02343,2027-02-04 00:40,G7,-4.7,-2,-2.7,-5.8,0.17,OK
F02344,2027-02-04 00:40,G8,0.8,0,0.8,-5.8,0.16,OK
F02345,2027-02-04 00:50,G1,-3.8,0,-3.8,-6.0,0.24,OK
F02346,2027-02-04 00:50,G2,2.2,1,1.2,-6.0,0.23,OK
F02347,2027-02-04 00:50,G3,-4.3,-1,-3.3,-6.0,0.18,OK
F02348,2027-02-04 00:50,G4,-3.8,0,-3.8,-6.0,0.23,OK
F02349,2027-02-04 00:50,G5,1.8,2,-0.2,-6.0,0.18,OK
F02350,2027-02-04 00:50,G6,187.3,187,0.3,-6.0,0.20,OK
F02351,2027-02-04 00:50,G7,-4.0,-2,-2.0,-6.0,0.23,OK
F02352,2027-02-04 00:50,G8,0.9,0,0.9,-6.0,0.16,OK
F02353,2027-02-04 01:00,G1,-1.7,0,-1.7,-6.3,0.21,OK
F02354,2027-02-04 01:00,G2,-2.0,1,-3.0,-6.3,0.22,OK
F02355,2027-02-04 01:00,G3,0.2,-1,1.2,-6.3,0.21,OK
F02356,2027-02-04 01:00,G4,-5.5,0,-5.5,-6.3,0.22,OK
F02357,2027-02-04 01:00,G5,-4.2,2,-6.2,-6.3,0.20,OK
F02358,2027-02-04 01:00,G6,181.5,187,-5.5,-6.3,0.19,OK
F02359,2027-02-04 01:00,G7,-5.8,-2,-3.8,-6.3,0.20,OK
F02360,2027-02-04 01:00,G8,-2.7,0,-2.7,-6.3,0.16,OK
F02361,2027-02-04 01:10,G1,0.1,0,0.1,-6.5,0.21,OK
F02362,2027-02-04 01:10,G2,-0.9,1,-1.9,-6.5,0.24,OK
F02363,2027-02-04 01:10,G3,-1.7,-1,-0.7,-6.5,0.20,OK
F02364,2027-02-04 01:10,G4,-7.4,0,-7.4,-6.5,0.22,OK
F02365,2027-02-04 01:10,G5,-1.5,2,-3.5,-6.5,0.22,OK
F02366,2027-02-04 01:10,G6,183.9,187,-3.1,-6.5,0.17,OK
F02367,2027-02-04 01:10,G7,-4.8,-2,-2.8,-6.5,0.20,OK
F02368,2027-02-04 01:10,G8,-2.8,0,-2.8,-6.5,0.23,OK
F02369,2027-02-04 01:20,G1,-2.1,0,-2.1,-6.8,0.24,OK
F02370,2027-02-04 01:20,G2,-7.1,1,-8.1,-6.8,0.21,OK
F02371,2027-02-04 01:20,G3,-3.4,-1,-2.4,-6.8,0.18,OK
F02372,2027-02-04 01:20,G4,-2.3,0,-2.3,-6.8,0.18,OK
F02373,2027-02-04 01:20,G5,-6.2,2,-8.2,-6.8,0.21,OK
F02374,2027-02-04 01:20,G6,186.4,187,-0.6,-6.8,0.21,OK
F02375,2027-02-04 01:20,G7,-4.1,-2,-2.1,-6.8,0.17,OK
F02376,2027-02-04 01:20,G8,-6.2,0,-6.2,-6.8,0.20,OK
F02377,2027-02-04 01:30,G1,-7.6,0,-7.6,-7.1,0.18,OK
F02378,2027-02-04 01:30,G2,-1.1,1,-2.1,-7.1,0.22,OK
F02379,2027-02-04 01:30,G3,-1.8,-1,-0.8,-7.1,0.18,OK
F02380,2027-02-04 01:30,G4,-1.2,0,-1.2,-7.1,0.24,OK
F02381,2027-02-04 01:30,G5,-3.1,2,-5.1,-7.1,0.22,OK
F02382,2027-02-04 01:30,G6,183.6,187,-3.4,-7.1,0.24,OK
F02383,2027-02-04 01:30,G7,-5.0,-2,-3.0,-7.1,0.20,OK
F02384,2027-02-04 01:30,G8,-3.9,0,-3.9,-7.1,0.19,OK
F02385,2027-02-04 01:40,G1,-3.7,0,-3.7,-7.3,0.20,OK
F02386,2027-02-04 01:40,G2,-7.1,1,-8.1,-7.3,0.17,OK
F02387,2027-02-04 01:40,G3,-6.2,-1,-5.2,-7.3,0.16,OK
F02388,2027-02-04 01:40,G4,-9.8,0,-9.8,-7.3,0.20,OK
F02389,2027-02-04 01:40,G5,-7.1,2,-9.1,-7.3,0.20,OK
F02390,2027-02-04 01:40,G6,177.0,187,-10.0,-7.3,0.20,OK
F02391,2027-02-04 01:40,G7,-5.8,-2,-3.8,-7.3,0.21,OK
F02392,2027-02-04 01:40,G8,-8.4,0,-8.4,-7.3,0.24,OK
F02393,2027-02-04 01:50,G1,-4.8,0,-4.8,-7.6,0.19,OK
F02394,2027-02-04 01:50,G2,-2.9,1,-3.9,-7.6,0.19,OK
F02395,2027-02-04 01:50,G3,-3.6,-1,-2.6,-7.6,0.19,OK
F02396,2027-02-04 01:50,G4,-6.6,0,-6.6,-7.6,0.17,OK
F02397,2027-02-04 01:50,G5,-3.2,2,-5.2,-7.6,0.23,OK
F02398,2027-02-04 01:50,G6,177.2,187,-9.8,-7.6,0.21,OK
F02399,2027-02-04 01:50,G7,-8.9,-2,-6.9,-7.6,0.19,OK
F02400,2027-02-04 01:50,G8,-6.2,0,-6.2,-7.6,0.19,OK
F02401,2027-02-04 02:00,G1,-6.7,0,-6.7,-7.8,0.21,OK
F02402,2027-02-04 02:00,G2,-5.2,1,-6.2,-7.8,0.18,OK
F02403,2027-02-04 02:00,G3,-3.9,-1,-2.9,-7.8,0.21,OK
F02404,2027-02-04 02:00,G4,-10.0,0,-10.0,-7.8,0.18,OK
F02405,2027-02-04 02:00,G5,-7.9,2,-9.9,-7.8,0.22,OK
F02406,2027-02-04 02:00,G6,175.5,187,-11.5,-7.8,0.17,OK
F02407,2027-02-04 02:00,G7,-5.7,-2,-3.7,-7.8,0.20,OK
F02408,2027-02-04 02:00,G8,-11.0,0,-11.0,-7.8,0.19,OK
F02409,2027-02-04 02:10,G1,-10.8,0,-10.8,-8.1,0.23,OK
F02410,2027-02-04 02:10,G2,-5.9,1,-6.9,-8.1,0.23,OK
F02411,2027-02-04 02:10,G3,-11.7,-1,-10.7,-8.1,0.22,OK
F02412,2027-02-04 02:10,G4,-10.0,0,-10.0,-8.1,0.23,OK
F02413,2027-02-04 02:10,G5,-3.8,2,-5.8,-8.1,0.21,OK
F02414,2027-02-04 02:10,G6,177.7,187,-9.3,-8.1,0.18,OK
F02415,2027-02-04 02:10,G7,-15.3,-2,-13.3,-8.1,0.22,OK
F02416,2027-02-04 02:10,G8,-5.0,0,-5.0,-8.1,0.22,OK
F02417,2027-02-04 02:20,G1,-7.9,0,-7.9,-8.4,0.21,OK
F02418,2027-02-04 02:20,G2,-8.7,1,-9.7,-8.4,0.19,OK
F02419,2027-02-04 02:20,G3,-10.7,-1,-9.7,-8.4,0.19,OK
F02420,2027-02-04 02:20,G4,-9.1,0,-9.1,-8.4,0.22,OK
F02421,2027-02-04 02:20,G5,-9.4,2,-11.4,-8.4,0.24,OK
F02422,2027-02-04 02:20,G6,176.7,187,-10.3,-8.4,0.23,OK
F02423,2027-02-04 02:20,G7,-11.3,-2,-9.3,-8.4,0.19,OK
F02424,2027-02-04 02:20,G8,-8.4,0,-8.4,-8.4,0.24,OK
F02425,2027-02-04 02:30,G1,-11.1,0,-11.1,-8.6,0.17,OK
F02426,2027-02-04 02:30,G2,-7.1,1,-8.1,-8.6,0.18,OK
F02427,2027-02-04 02:30,G3,-6.8,-1,-5.8,-8.6,0.16,OK
F02428,2027-02-04 02:30,G4,-13.2,0,-13.2,-8.6,0.17,OK
F02429,2027-02-04 02:30,G5,-3.4,2,-5.4,-8.6,0.20,OK
F02430,2027-02-04 02:30,G6,175.2,187,-11.8,-8.6,0.22,OK
F02431,2027-02-04 02:30,G7,-14.9,-2,-12.9,-8.6,0.16,OK
F02432,2027-02-04 02:30,G8,-8.7,0,-8.7,-8.6,0.22,OK
F02433,2027-02-04 02:40,G1,-12.1,0,-12.1,-8.9,0.19,OK
F02434,2027-02-04 02:40,G2,-10.3,1,-11.3,-8.9,0.21,OK
F02435,2027-02-04 02:40,G3,-7.0,-1,-6.0,-8.9,0.19,OK
F02436,2027-02-04 02:40,G4,-13.6,0,-13.6,-8.9,0.22,OK
F02437,2027-02-04 02:40,G5,-12.4,2,-14.4,-8.9,0.18,OK
F02438,2027-02-04 02:40,G6,173.5,187,-13.5,-8.9,0.19,OK
F02439,2027-02-04 02:40,G7,-11.2,-2,-9.2,-8.9,0.17,OK
F02440,2027-02-04 02:40,G8,-8.4,0,-8.4,-8.9,0.22,OK
F02441,2027-02-04 02:50,G1,-7.4,0,-7.4,-9.1,0.22,OK
F02442,2027-02-04 02:50,G2,-10.7,1,-11.7,-9.1,0.17,OK
F02443,2027-02-04 02:50,G3,-14.3,-1,-13.3,-9.1,0.20,OK
F02444,2027-02-04 02:50,G4,-11.4,0,-11.4,-9.1,0.18,OK
F02445,2027-02-04 02:50,G5,-7.1,2,-9.1,-9.1,0.24,OK
F02446,2027-02-04 02:50,G6,173.5,187,-13.5,-9.1,0.24,OK
F02447,2027-02-04 02:50,G7,-13.8,-2,-11.8,-9.1,0.20,OK
F02448,2027-02-04 02:50,G8,-16.4,0,-16.4,-9.1,0.18,OK
F02449,2027-02-04 03:00,G1,-6.3,0,-6.3,-9.4,0.24,OK
F02450,2027-02-04 03:00,G2,-6.3,1,-7.3,-9.4,0.21,OK
F02451,2027-02-04 03:00,G3,-6.9,-1,-5.9,-9.4,0.21,OK
F02452,2027-02-04 03:00,G4,-10.0,0,-10.0,-9.4,0.23,OK
F02453,2027-02-04 03:00,G5,-11.2,2,-13.2,-9.4,0.18,OK
F02454,2027-02-04 03:00,G6,178.3,187,-8.7,-9.4,0.17,OK
F02455,2027-02-04 03:00,G7,-12.8,-2,-10.8,-9.4,0.24,OK
F02456,2027-02-04 03:00,G8,-10.7,0,-10.7,-9.4,0.23,OK
F02457,2027-02-04 03:10,G1,-7.8,0,-7.8,-9.6,0.17,OK
F02458,2027-02-04 03:10,G2,-11.6,1,-12.6,-9.6,0.20,OK
F02459,2027-02-04 03:10,G3,-11.2,-1,-10.2,-9.6,0.18,OK
F02460,2027-02-04 03:10,G4,-9.9,0,-9.9,-9.6,0.19,OK
F02461,2027-02-04 03:10,G5,-10.2,2,-12.2,-9.6,0.22,OK
F02462,2027-02-04 03:10,G6,178.6,187,-8.4,-9.6,0.20,OK
F02463,2027-02-04 03:10,G7,-17.7,-2,-15.7,-9.6,0.20,OK
F02464,2027-02-04 03:10,G8,-11.9,0,-11.9,-9.6,0.19,OK
F02465,2027-02-04 03:20,G1,-12.2,0,-12.2,-9.9,0.23,OK
F02466,2027-02-04 03:20,G2,-6.4,1,-7.4,-9.9,0.19,OK
F02467,2027-02-04 03:20,G3,-9.4,-1,-8.4,-9.9,0.17,OK
F02468,2027-02-04 03:20,G4,-16.6,0,-16.6,-9.9,0.23,OK
F02469,2027-02-04 03:20,G5,-8.7,2,-10.7,-9.9,0.22,OK
F02470,2027-02-04 03:20,G6,171.0,187,-16.0,-9.9,0.17,OK
F02471,2027-02-04 03:20,G7,-15.0,-2,-13.0,-9.9,0.19,OK
F02472,2027-02-04 03:20,G8,-11.1,0,-11.1,-9.9,0.16,OK
F02473,2027-02-04 03:30,G1,-7.3,0,-7.3,-10.1,0.18,OK
F02474,2027-02-04 03:30,G2,-13.0,1,-14.0,-10.1,0.17,OK
F02475,2027-02-04 03:30,G3,-11.5,-1,-10.5,-10.1,0.21,OK
F02476,2027-02-04 03:30,G4,-12.9,0,-12.9,-10.1,0.19,OK
F02477,2027-02-04 03:30,G5,-7.5,2,-9.5,-10.1,0.17,OK
F02478,2027-02-04 03:30,G6,171.3,187,-15.7,-10.1,0.17,OK
F02479,2027-02-04 03:30,G7,-16.7,-2,-14.7,-10.1,0.23,OK
F02480,2027-02-04 03:30,G8,-17.1,0,-17.1,-10.1,0.18,OK
F02481,2027-02-04 03:40,G1,-8.1,0,-8.1,-10.4,0.20,OK
F02482,2027-02-04 03:40,G2,-9.4,1,-10.4,-10.4,0.20,OK
F02483,2027-02-04 03:40,G3,-9.4,-1,-8.4,-10.4,0.17,OK
F02484,2027-02-04 03:40,G4,-16.0,0,-16.0,-10.4,0.22,OK
F02485,2027-02-04 03:40,G5,-10.7,2,-12.7,-10.4,0.22,OK
F02486,2027-02-04 03:40,G6,174.8,187,-12.2,-10.4,0.18,OK
F02487,2027-02-04 03:40,G7,-17.1,-2,-15.1,-10.4,0.20,OK
F02488,2027-02-04 03:40,G8,-17.7,0,-17.7,-10.4,0.20,OK
F02489,2027-02-04 03:50,G1,-9.0,0,-9.0,-10.6,0.24,OK
F02490,2027-02-04 03:50,G2,-15.7,1,-16.7,-10.6,0.23,OK
F02491,2027-02-04 03:50,G3,-11.7,-1,-10.7,-10.6,0.22,OK
F02492,2027-02-04 03:50,G4,-18.3,0,-18.3,-10.6,0.17,OK
F02493,2027-02-04 03:50,G5,-8.1,2,-10.1,-10.6,0.16,OK
F02494,2027-02-04 03:50,G6,169.9,187,-17.1,-10.6,0.18,OK
F02495,2027-02-04 03:50,G7,-15.0,-2,-13.0,-10.6,0.17,OK
F02496,2027-02-04 03:50,G8,-17.3,0,-17.3,-10.6,0.23,OK
F02497,2027-02-04 04:00,G1,-11.7,0,-11.7,-10.8,0.20,OK
F02498,2027-02-04 04:00,G2,-16.6,1,-17.6,-10.8,0.18,OK
F02499,2027-02-04 04:00,G3,-15.3,-1,-14.3,-10.8,0.22,OK
F02500,2027-02-04 04:00,G4,-18.0,0,-18.0,-10.8,0.19,OK
F02501,2027-02-04 04:00,G5,-14.0,2,-16.0,-10.8,0.19,OK
F02502,2027-02-04 04:00,G6,169.2,187,-17.8,-10.8,0.20,OK
F02503,2027-02-04 04:00,G7,-17.8,-2,-15.8,-10.8,0.16,OK
F02504,2027-02-04 04:00,G8,-19.7,0,-19.7,-10.8,0.24,OK
F02505,2027-02-04 04:10,G1,-12.8,0,-12.8,-11.1,0.20,OK
F02506,2027-02-04 04:10,G2,-9.6,1,-10.6,-11.1,0.23,OK
F02507,2027-02-04 04:10,G3,-18.4,-1,-17.4,-11.1,0.21,OK
F02508,2027-02-04 04:10,G4,-12.6,0,-12.6,-11.1,0.23,OK
F02509,2027-02-04 04:10,G5,-15.2,2,-17.2,-11.1,0.20,OK
F02510,2027-02-04 04:10,G6,167.2,187,-19.8,-11.1,0.20,OK
F02511,2027-02-04 04:10,G7,-17.1,-2,-15.1,-11.1,0.17,OK
F02512,2027-02-04 04:10,G8,-16.2,0,-16.2,-11.1,0.16,OK
F02513,2027-02-04 04:20,G1,-11.9,0,-11.9,-11.3,0.16,OK
F02514,2027-02-04 04:20,G2,-8.9,1,-9.9,-11.3,0.21,OK
F02515,2027-02-04 04:20,G3,-13.9,-1,-12.9,-11.3,0.23,OK
F02516,2027-02-04 04:20,G4,-12.1,0,-12.1,-11.3,0.16,OK
F02517,2027-02-04 04:20,G5,-16.4,2,-18.4,-11.3,0.20,OK
F02518,2027-02-04 04:20,G6,165.6,187,-21.4,-11.3,0.22,OK
F02519,2027-02-04 04:20,G7,-18.6,-2,-16.6,-11.3,0.22,OK
F02520,2027-02-04 04:20,G8,-19.6,0,-19.6,-11.3,0.22,OK
F02521,2027-02-04 04:30,G1,-12.2,0,-12.2,-11.5,0.24,OK
F02522,2027-02-04 04:30,G2,-9.1,1,-10.1,-11.5,0.16,OK
F02523,2027-02-04 04:30,G3,-12.6,-1,-11.6,-11.5,0.19,OK
F02524,2027-02-04 04:30,G4,-17.5,0,-17.5,-11.5,0.24,OK
F02525,2027-02-04 04:30,G5,-17.6,2,-19.6,-11.5,0.20,OK
F02526,2027-02-04 04:30,G6,173.7,187,-13.3,-11.5,0.22,OK
F02527,2027-02-04 04:30,G7,-17.2,-2,-15.2,-11.5,0.19,OK
F02528,2027-02-04 04:30,G8,-18.6,0,-18.6,-11.5,0.23,OK
F02529,2027-02-04 04:40,G1,-16.8,0,-16.8,-11.7,0.23,OK
F02530,2027-02-04 04:40,G2,-12.4,1,-13.4,-11.7,0.17,OK
F02531,2027-02-04 04:40,G3,-15.4,-1,-14.4,-11.7,0.18,OK
F02532,2027-02-04 04:40,G4,-18.8,0,-18.8,-11.7,0.22,OK
F02533,2027-02-04 04:40,G5,-13.6,2,-15.6,-11.7,0.17,OK
F02534,2027-02-04 04:40,G6,171.6,187,-15.4,-11.7,0.22,OK
F02535,2027-02-04 04:40,G7,-16.8,-2,-14.8,-11.7,0.21,OK
F02536,2027-02-04 04:40,G8,-23.4,0,-23.4,-11.7,0.18,OK
F02537,2027-02-04 04:50,G1,-18.5,0,-18.5,-11.9,0.16,OK
F02538,2027-02-04 04:50,G2,-17.8,1,-18.8,-11.9,0.20,OK
F02539,2027-02-04 04:50,G3,-16.9,-1,-15.9,-11.9,0.21,OK
F02540,2027-02-04 04:50,G4,-13.1,0,-13.1,-11.9,0.21,OK
F02541,2027-02-04 04:50,G5,-17.0,2,-19.0,-11.9,0.16,OK
F02542,2027-02-04 04:50,G6,167.1,187,-19.9,-11.9,0.23,OK
F02543,2027-02-04 04:50,G7,-19.9,-2,-17.9,-11.9,0.19,OK
F02544,2027-02-04 04:50,G8,-17.0,0,-17.0,-11.9,0.18,OK
F02545,2027-02-04 05:00,G1,-18.9,0,-18.9,-12.1,0.24,OK
F02546,2027-02-04 05:00,G2,-14.1,1,-15.1,-12.1,0.17,OK
F02547,2027-02-04 05:00,G3,-20.7,-1,-19.7,-12.1,0.21,OK
F02548,2027-02-04 05:00,G4,-19.0,0,-19.0,-12.1,0.22,OK
F02549,2027-02-04 05:00,G5,-20.1,2,-22.1,-12.1,0.23,OK
F02550,2027-02-04 05:00,G6,166.8,187,-20.2,-12.1,0.19,OK
F02551,2027-02-04 05:00,G7,-21.5,-2,-19.5,-12.1,0.23,OK
F02552,2027-02-04 05:00,G8,-17.3,0,-17.3,-12.1,0.17,OK
F02553,2027-02-04 05:10,G1,-17.9,0,-17.9,-12.3,0.24,OK
F02554,2027-02-04 05:10,G2,-14.4,1,-15.4,-12.3,0.21,OK
F02555,2027-02-04 05:10,G3,-19.4,-1,-18.4,-12.3,0.22,OK
F02556,2027-02-04 05:10,G4,-15.9,0,-15.9,-12.3,0.18,OK
F02557,2027-02-04 05:10,G5,-12.8,2,-14.8,-12.3,0.19,OK
F02558,2027-02-04 05:10,G6,163.8,187,-23.2,-12.3,0.24,OK
F02559,2027-02-04 05:10,G7,-21.8,-2,-19.8,-12.3,0.18,OK
F02560,2027-02-04 05:10,G8,-20.5,0,-20.5,-12.3,0.19,OK
F02561,2027-02-04 05:20,G1,-18.1,0,-18.1,-12.4,0.24,OK
F02562,2027-02-04 05:20,G2,-12.9,1,-13.9,-12.4,0.20,OK
F02563,2027-02-04 05:20,G3,-16.5,-1,-15.5,-12.4,0.21,OK
F02564,2027-02-04 05:20,G4,-14.1,0,-14.1,-12.4,0.19,OK
F02565,2027-02-04 05:20,G5,-17.0,2,-19.0,-12.4,0.19,OK
F02566,2027-02-04 05:20,G6,169.5,187,-17.5,-12.4,0.23,OK
F02567,2027-02-04 05:20,G7,-22.4,-2,-20.4,-12.4,0.23,OK
F02568,2027-02-04 05:20,G8,-25.5,0,-25.5,-12.4,0.18,OK
F02569,2027-02-04 05:30,G1,-13.9,0,-13.9,-12.6,0.19,OK
F02570,2027-02-04 05:30,G2,-15.2,1,-16.2,-12.6,0.24,OK
F02571,2027-02-04 05:30,G3,-19.3,-1,-18.3,-12.6,0.17,OK
F02572,2027-02-04 05:30,G4,-15.0,0,-15.0,-12.6,0.19,OK
F02573,2027-02-04 05:30,G5,-14.4,2,-16.4,-12.6,0.21,OK
F02574,2027-02-04 05:30,G6,166.5,187,-20.5,-12.6,0.17,OK
F02575,2027-02-04 05:30,G7,-19.1,-2,-17.1,-12.6,0.22,OK
F02576,2027-02-04 05:30,G8,-18.1,0,-18.1,-12.6,0.20,OK
F02577,2027-02-04 05:40,G1,-18.9,0,-18.9,-12.8,0.17,OK
F02578,2027-02-04 05:40,G2,-12.1,1,-13.1,-12.8,0.24,OK
F02579,2027-02-04 05:40,G3,-21.9,-1,-20.9,-12.8,0.16,OK
F02580,2027-02-04 05:40,G4,-19.4,0,-19.4,-12.8,0.18,OK
F02581,2027-02-04 05:40,G5,-14.2,2,-16.2,-12.8,0.23,OK
F02582,2027-02-04 05:40,G6,169.9,187,-17.1,-12.8,0.19,OK
F02583,2027-02-04 05:40,G7,-26.9,-2,-24.9,-12.8,0.22,OK
F02584,2027-02-04 05:40,G8,-19.2,0,-19.2,-12.8,0.18,OK
F02585,2027-02-04 05:50,G1,-13.0,0,-13.0,-12.9,0.21,OK
F02586,2027-02-04 05:50,G2,-12.6,1,-13.6,-12.9,0.22,OK
F02587,2027-02-04 05:50,G3,-21.6,-1,-20.6,-12.9,0.19,OK
F02588,2027-02-04 05:50,G4,-21.8,0,-21.8,-12.9,0.23,OK
F02589,2027-02-04 05:50,G5,-17.5,2,-19.5,-12.9,0.23,OK
F02590,2027-02-04 05:50,G6,166.4,187,-20.6,-12.9,0.22,OK
F02591,2027-02-04 05:50,G7,-26.1,-2,-24.1,-12.9,0.23,OK
F02592,2027-02-04 05:50,G8,-25.6,0,-25.6,-12.9,0.19,OK
F02593,2027-02-04 06:00,G1,1.2,0,1.2,-13.0,0.62,OK
F02594,2027-02-04 06:00,G2,2.2,1,1.2,-13.0,0.60,OK
F02595,2027-02-04 06:00,G3,9.9,-1,10.9,-13.0,0.63,OK
F02596,2027-02-04 06:00,G4,15.5,0,15.5,-13.0,0.65,OK
F02597,2027-02-04 06:00,G5,26.3,2,24.3,-13.0,0.64,OK
F02598,2027-02-04 06:00,G6,210.4,187,23.4,-13.0,0.61,OK
F02599,2027-02-04 06:00,G7,8.1,-2,10.1,-13.0,0.61,OK
F02600,2027-02-04 06:00,G8,-6.1,0,-6.1,-13.0,0.64,OK
F02601,2027-02-04 06:10,G1,-19.8,0,-19.8,-13.2,0.21,OK
F02602,2027-02-04 06:10,G2,-13.6,1,-14.6,-13.2,0.23,OK
F02603,2027-02-04 06:10,G3,-15.9,-1,-14.9,-13.2,0.19,OK
F02604,2027-02-04 06:10,G4,-21.0,0,-21.0,-13.2,0.20,OK
F02605,2027-02-04 06:10,G5,-23.5,2,-25.5,-13.2,0.20,OK
F02606,2027-02-04 06:10,G6,165.1,187,-21.9,-13.2,0.22,OK
F02607,2027-02-04 06:10,G7,-22.5,-2,-20.5,-13.2,0.22,OK
F02608,2027-02-04 06:10,G8,-23.6,0,-23.6,-13.2,0.19,OK
F02609,2027-02-04 06:20,G1,5.6,0,5.6,-13.3,0.81,OK
F02610,2027-02-04 06:20,G2,11.4,1,10.4,-13.3,0.82,OK
F02611,2027-02-04 06:20,G3,21.0,-1,22.0,-13.3,0.79,OK
F02612,2027-02-04 06:20,G4,33.0,0,33.0,-13.3,0.78,OK
F02613,2027-02-04 06:20,G5,42.5,2,40.5,-13.3,0.82,OK
F02614,2027-02-04 06:20,G6,232.3,187,45.3,-13.3,0.80,OK
F02615,2027-02-04 06:20,G7,19.5,-2,21.5,-13.3,0.83,OK
F02616,2027-02-04 06:20,G8,9.5,0,9.5,-13.3,0.76,OK
F02617,2027-02-04 06:30,G1,-14.2,0,-14.2,-13.4,0.18,OK
F02618,2027-02-04 06:30,G2,-17.3,1,-18.3,-13.4,0.23,OK
F02619,2027-02-04 06:30,G3,-23.6,-1,-22.6,-13.4,0.24,OK
F02620,2027-02-04 06:30,G4,-24.5,0,-24.5,-13.4,0.20,OK
F02621,2027-02-04 06:30,G5,-17.1,2,-19.1,-13.4,0.16,OK
F02622,2027-02-04 06:30,G6,167.4,187,-19.6,-13.4,0.24,OK
F02623,2027-02-04 06:30,G7,-28.8,-2,-26.8,-13.4,0.17,OK
F02624,2027-02-04 06:30,G8,-28.4,0,-28.4,-13.4,0.18,OK
F02625,2027-02-04 06:40,G1,18.4,0,18.4,-13.5,1.01,OK
F02626,2027-02-04 06:40,G2,23.9,1,22.9,-13.5,0.99,OK
F02627,2027-02-04 06:40,G3,31.1,-1,32.1,-13.5,0.99,OK
F02628,2027-02-04 06:40,G4,41.2,0,41.2,-13.5,0.94,OK
F02629,2027-02-04 06:40,G5,56.4,2,54.4,-13.5,0.96,OK
F02630,2027-02-04 06:40,G6,256.6,187,69.6,-13.5,0.95,OK
F02631,2027-02-04 06:40,G7,30.9,-2,32.9,-13.5,0.99,OK
F02632,2027-02-04 06:40,G8,10.2,0,10.2,-13.5,0.97,OK
F02633,2027-02-04 06:50,G1,-14.2,0,-14.2,-13.6,0.23,OK
F02634,2027-02-04 06:50,G2,-22.3,1,-23.3,-13.6,0.19,OK
F02635,2027-02-04 06:50,G3,-21.7,-1,-20.7,-13.6,0.17,OK
F02636,2027-02-04 06:50,G4,-25.7,0,-25.7,-13.6,0.19,OK
F02637,2027-02-04 06:50,G5,-19.8,2,-21.8,-13.6,0.17,OK
F02638,2027-02-04 06:50,G6,165.4,187,-21.6,-13.6,0.18,OK
F02639,2027-02-04 06:50,G7,-23.5,-2,-21.5,-13.6,0.20,OK
F02640,2027-02-04 06:50,G8,-25.1,0,-25.1,-13.6,0.22,OK
F02641,2027-02-04 07:00,G1,4.9,0,4.9,-13.6,0.66,OK
F02642,2027-02-04 07:00,G2,7.2,1,6.2,-13.6,0.67,OK
F02643,2027-02-04 07:00,G3,12.7,-1,13.7,-13.6,0.67,OK
F02644,2027-02-04 07:00,G4,18.3,0,18.3,-13.6,0.65,OK
F02645,2027-02-04 07:00,G5,32.1,2,30.1,-13.6,0.71,OK
F02646,2027-02-04 07:00,G6,217.1,187,30.1,-13.6,0.70,OK
F02647,2027-02-04 07:00,G7,6.4,-2,8.4,-13.6,0.68,OK
F02648,2027-02-04 07:00,G8,0.1,0,0.1,-13.6,0.71,OK
F02649,2027-02-04 07:10,G1,-22.2,0,-22.2,-13.7,0.21,OK
F02650,2027-02-04 07:10,G2,-19.0,1,-20.0,-13.7,0.18,OK
F02651,2027-02-04 07:10,G3,-25.9,-1,-24.9,-13.7,0.20,OK
F02652,2027-02-04 07:10,G4,-21.9,0,-21.9,-13.7,0.18,OK
F02653,2027-02-04 07:10,G5,-19.4,2,-21.4,-13.7,0.19,OK
F02654,2027-02-04 07:10,G6,160.7,187,-26.3,-13.7,0.21,OK
F02655,2027-02-04 07:10,G7,-25.4,-2,-23.4,-13.7,0.23,OK
F02656,2027-02-04 07:10,G8,-26.3,0,-26.3,-13.7,0.20,OK
F02657,2027-02-04 07:20,G1,8.6,0,8.6,-13.7,0.85,OK
F02658,2027-02-04 07:20,G2,18.0,1,17.0,-13.7,0.85,OK
F02659,2027-02-04 07:20,G3,17.8,-1,18.8,-13.7,0.88,OK
F02660,2027-02-04 07:20,G4,28.7,0,28.7,-13.7,0.89,OK
F02661,2027-02-04 07:20,G5,48.4,2,46.4,-13.7,0.86,OK
F02662,2027-02-04 07:20,G6,243.5,187,56.5,-13.7,0.86,OK
F02663,2027-02-04 07:20,G7,22.1,-2,24.1,-13.7,0.87,OK
F02664,2027-02-04 07:20,G8,3.6,0,3.6,-13.7,0.82,OK
F02665,2027-02-04 07:30,G1,-22.4,0,-22.4,-13.8,0.16,OK
F02666,2027-02-04 07:30,G2,-21.5,1,-22.5,-13.8,0.18,OK
F02667,2027-02-04 07:30,G3,-18.0,-1,-17.0,-13.8,0.20,OK
F02668,2027-02-04 07:30,G4,-26.1,0,-26.1,-13.8,0.17,OK
F02669,2027-02-04 07:30,G5,-17.9,2,-19.9,-13.8,0.21,OK
F02670,2027-02-04 07:30,G6,162.5,187,-24.5,-13.8,0.23,OK
F02671,2027-02-04 07:30,G7,-26.1,-2,-24.1,-13.8,0.19,OK
F02672,2027-02-04 07:30,G8,-26.8,0,-26.8,-13.8,0.16,OK
F02673,2027-02-04 07:40,G1,17.6,0,17.6,-13.8,1.03,OK
F02674,2027-02-04 07:40,G2,25.1,1,24.1,-13.8,1.06,OK
F02675,2027-02-04 07:40,G3,33.2,-1,34.2,-13.8,1.07,OK
F02676,2027-02-04 07:40,G4,49.7,0,49.7,-13.8,1.02,OK
F02677,2027-02-04 07:40,G5,63.3,2,61.3,-13.8,1.02,OK
F02678,2027-02-04 07:40,G6,261.9,187,74.9,-13.8,1.04,OK
F02679,2027-02-04 07:40,G7,38.2,-2,40.2,-13.8,1.07,OK
F02680,2027-02-04 07:40,G8,11.8,0,11.8,-13.8,1.05,OK
F02681,2027-02-04 07:50,G1,-22.8,0,-22.8,-13.8,0.18,OK
F02682,2027-02-04 07:50,G2,-21.4,1,-22.4,-13.8,0.17,OK
F02683,2027-02-04 07:50,G3,-18.8,-1,-17.8,-13.8,0.23,OK
F02684,2027-02-04 07:50,G4,-21.0,0,-21.0,-13.8,0.20,OK
F02685,2027-02-04 07:50,G5,-23.0,2,-25.0,-13.8,0.19,OK
F02686,2027-02-04 07:50,G6,162.8,187,-24.2,-13.8,0.22,OK
F02687,2027-02-04 07:50,G7,-29.2,-2,-27.2,-13.8,0.24,OK
F02688,2027-02-04 07:50,G8,-28.3,0,-28.3,-13.8,0.23,OK
F02689,2027-02-04 08:00,G1,1.2,0,1.2,-13.8,0.76,OK
F02690,2027-02-04 08:00,G2,10.5,1,9.5,-13.8,0.78,OK
F02691,2027-02-04 08:00,G3,17.4,-1,18.4,-13.8,0.74,OK
F02692,2027-02-04 08:00,G4,23.9,0,23.9,-13.8,0.73,OK
F02693,2027-02-04 08:00,G5,36.2,2,34.2,-13.8,0.76,OK
F02694,2027-02-04 08:00,G6,230.5,187,43.5,-13.8,0.71,OK
F02695,2027-02-04 08:00,G7,13.4,-2,15.4,-13.8,0.71,OK
F02696,2027-02-04 08:00,G8,-2.5,0,-2.5,-13.8,0.76,OK
F02697,2027-02-04 08:10,G1,-22.0,0,-22.0,-13.8,0.21,OK
F02698,2027-02-04 08:10,G2,-23.0,1,-24.0,-13.8,0.21,OK
F02699,2027-02-04 08:10,G3,-17.8,-1,-16.8,-13.8,0.18,OK
F02700,2027-02-04 08:10,G4,-18.2,0,-18.2,-13.8,0.20,OK
F02701,2027-02-04 08:10,G5,-22.5,2,-24.5,-13.8,0.17,OK
F02702,2027-02-04 08:10,G6,165.2,187,-21.8,-13.8,0.20,OK
F02703,2027-02-04 08:10,G7,-24.0,-2,-22.0,-13.8,0.24,OK
F02704,2027-02-04 08:10,G8,-23.4,0,-23.4,-13.8,0.24,OK
F02705,2027-02-04 08:20,G1,12.4,0,12.4,-13.8,0.94,OK
F02706,2027-02-04 08:20,G2,22.6,1,21.6,-13.8,0.95,OK
F02707,2027-02-04 08:20,G3,29.0,-1,30.0,-13.8,0.94,OK
F02708,2027-02-04 08:20,G4,37.2,0,37.2,-13.8,0.89,OK
F02709,2027-02-04 08:20,G5,54.2,2,52.2,-13.8,0.91,OK
F02710,2027-02-04 08:20,G6,242.2,187,55.2,-13.8,0.90,OK
F02711,2027-02-04 08:20,G7,28.6,-2,30.6,-13.8,0.96,OK
F02712,2027-02-04 08:20,G8,6.1,0,6.1,-13.8,0.89,OK
F02713,2027-02-04 08:30,G1,-15.1,0,-15.1,-13.8,0.22,OK
F02714,2027-02-04 08:30,G2,-15.3,1,-16.3,-13.8,0.18,OK
F02715,2027-02-04 08:30,G3,-21.5,-1,-20.5,-13.8,0.20,OK
F02716,2027-02-04 08:30,G4,-22.7,0,-22.7,-13.8,0.22,OK
F02717,2027-02-04 08:30,G5,-20.2,2,-22.2,-13.8,0.22,OK
F02718,2027-02-04 08:30,G6,166.7,187,-20.3,-13.8,0.22,OK
F02719,2027-02-04 08:30,G7,-23.1,-2,-21.1,-13.8,0.18,OK
F02720,2027-02-04 08:30,G8,-28.1,0,-28.1,-13.8,0.23,OK
F02721,2027-02-04 08:40,G1,19.6,0,19.6,-13.7,1.11,OK
F02722,2027-02-04 08:40,G2,32.5,1,31.5,-13.7,1.10,OK
F02723,2027-02-04 08:40,G3,34.6,-1,35.6,-13.7,1.12,OK
F02724,2027-02-04 08:40,G4,49.6,0,49.6,-13.7,1.10,OK
F02725,2027-02-04 08:40,G5,70.6,2,68.6,-13.7,1.07,OK
F02726,2027-02-04 08:40,G6,267.7,187,80.7,-13.7,1.08,OK
F02727,2027-02-04 08:40,G7,39.6,-2,41.6,-13.7,1.08,OK
F02728,2027-02-04 08:40,G8,19.3,0,19.3,-13.7,1.08,OK
F02729,2027-02-04 08:50,G1,-20.4,0,-20.4,-13.7,0.18,OK
F02730,2027-02-04 08:50,G2,-17.3,1,-18.3,-13.7,0.18,OK
F02731,2027-02-04 08:50,G3,-17.8,-1,-16.8,-13.7,0.24,OK
F02732,2027-02-04 08:50,G4,-19.2,0,-19.2,-13.7,0.20,OK
F02733,2027-02-04 08:50,G5,-17.7,2,-19.7,-13.7,0.21,OK
F02734,2027-02-04 08:50,G6,166.2,187,-20.8,-13.7,0.17,OK
F02735,2027-02-04 08:50,G7,-24.5,-2,-22.5,-13.7,0.16,OK
F02736,2027-02-04 08:50,G8,-23.5,0,-23.5,-13.7,0.18,OK
F02737,2027-02-04 09:00,G1,6.8,0,6.8,-13.6,0.81,OK
F02738,2027-02-04 09:00,G2,11.6,1,10.6,-13.6,0.80,OK
F02739,2027-02-04 09:00,G3,21.8,-1,22.8,-13.6,0.77,OK
F02740,2027-02-04 09:00,G4,31.4,0,31.4,-13.6,0.84,OK
F02741,2027-02-04 09:00,G5,41.3,2,39.3,-13.6,0.84,OK
F02742,2027-02-04 09:00,G6,234.6,187,47.6,-13.6,0.84,OK
F02743,2027-02-04 09:00,G7,15.0,-2,17.0,-13.6,0.84,OK
F02744,2027-02-04 09:00,G8,3.4,0,3.4,-13.6,0.81,OK
F02745,2027-02-04 09:10,G1,-14.8,0,-14.8,-13.6,0.20,OK
F02746,2027-02-04 09:10,G2,-20.4,1,-21.4,-13.6,0.18,OK
F02747,2027-02-04 09:10,G3,-21.0,-1,-20.0,-13.6,0.21,OK
F02748,2027-02-04 09:10,G4,-25.6,0,-25.6,-13.6,0.22,OK
F02749,2027-02-04 09:10,G5,-23.4,2,-25.4,-13.6,0.21,OK
F02750,2027-02-04 09:10,G6,166.1,187,-20.9,-13.6,0.24,OK
F02751,2027-02-04 09:10,G7,-24.4,-2,-22.4,-13.6,0.18,OK
F02752,2027-02-04 09:10,G8,-23.4,0,-23.4,-13.6,0.23,OK
F02753,2027-02-04 09:20,G1,17.7,0,17.7,-13.5,0.96,OK
F02754,2027-02-04 09:20,G2,22.6,1,21.6,-13.5,0.96,OK
F02755,2027-02-04 09:20,G3,30.1,-1,31.1,-13.5,0.99,OK
F02756,2027-02-04 09:20,G4,41.1,0,41.1,-13.5,1.00,OK
F02757,2027-02-04 09:20,G5,56.5,2,54.5,-13.5,0.95,OK
F02758,2027-02-04 09:20,G6,257.5,187,70.5,-13.5,0.95,OK
F02759,2027-02-04 09:20,G7,30.5,-2,32.5,-13.5,0.97,OK
F02760,2027-02-04 09:20,G8,17.1,0,17.1,-13.5,0.94,OK
F02761,2027-02-04 09:30,G1,-15.4,0,-15.4,-13.4,0.24,OK
F02762,2027-02-04 09:30,G2,-15.3,1,-16.3,-13.4,0.19,OK
F02763,2027-02-04 09:30,G3,-21.0,-1,-20.0,-13.4,0.17,OK
F02764,2027-02-04 09:30,G4,-20.3,0,-20.3,-13.4,0.17,OK
F02765,2027-02-04 09:30,G5,-21.6,2,-23.6,-13.4,0.21,OK
F02766,2027-02-04 09:30,G6,165.4,187,-21.6,-13.4,0.17,OK
F02767,2027-02-04 09:30,G7,-24.3,-2,-22.3,-13.4,0.17,OK
F02768,2027-02-04 09:30,G8,-26.8,0,-26.8,-13.4,0.17,OK
F02769,2027-02-04 09:40,G1,-0.1,0,-0.1,-13.3,0.52,OK
F02770,2027-02-04 09:40,G2,4.4,1,3.4,-13.3,0.53,OK
F02771,2027-02-04 09:40,G3,-2.2,-1,-1.2,-13.3,0.52,OK
F02772,2027-02-04 09:40,G4,9.0,0,9.0,-13.3,0.57,OK
F02773,2027-02-04 09:40,G5,15.6,2,13.6,-13.3,0.50,OK
F02774,2027-02-04 09:40,G6,199.1,187,12.1,-13.3,0.55,OK
F02775,2027-02-04 09:40,G7,-3.0,-2,-1.0,-13.3,0.51,OK
F02776,2027-02-04 09:40,G8,-6.1,0,-6.1,-13.3,0.55,OK
F02777,2027-02-04 09:50,G1,-14.2,0,-14.2,-13.2,0.23,OK
F02778,2027-02-04 09:50,G2,-21.7,1,-22.7,-13.2,0.24,OK
F02779,2027-02-04 09:50,G3,-18.3,-1,-17.3,-13.2,0.20,OK
F02780,2027-02-04 09:50,G4,-16.4,0,-16.4,-13.2,0.19,OK
F02781,2027-02-04 09:50,G5,-14.8,2,-16.8,-13.2,0.19,OK
F02782,2027-02-04 09:50,G6,162.6,187,-24.4,-13.2,0.23,OK
F02783,2027-02-04 09:50,G7,-22.3,-2,-20.3,-13.2,0.18,OK
F02784,2027-02-04 09:50,G8,-26.0,0,-26.0,-13.2,0.19,OK
F02785,2027-02-04 10:00,G1,15.7,0,15.7,-13.0,0.87,OK
F02786,2027-02-04 10:00,G2,18.2,1,17.2,-13.0,0.91,OK
F02787,2027-02-04 10:00,G3,27.7,-1,28.7,-13.0,0.89,OK
F02788,2027-02-04 10:00,G4,31.2,0,31.2,-13.0,0.85,OK
F02789,2027-02-04 10:00,G5,46.1,2,44.1,-13.0,0.83,OK
F02790,2027-02-04 10:00,G6,238.6,187,51.6,-13.0,0.87,OK
F02791,2027-02-04 10:00,G7,26.8,-2,28.8,-13.0,0.87,OK
F02792,2027-02-04 10:00,G8,6.0,0,6.0,-13.0,0.85,OK
F02793,2027-02-04 10:10,G1,-17.7,0,-17.7,-12.9,0.17,OK
F02794,2027-02-04 10:10,G2,-12.8,1,-13.8,-12.9,0.21,OK
F02795,2027-02-04 10:10,G3,-16.9,-1,-15.9,-12.9,0.17,OK
F02796,2027-02-04 10:10,G4,-19.3,0,-19.3,-12.9,0.23,OK
F02797,2027-02-04 10:10,G5,-23.0,2,-25.0,-12.9,0.19,OK
F02798,2027-02-04 10:10,G6,167.5,187,-19.5,-12.9,0.16,OK
F02799,2027-02-04 10:10,G7,-25.0,-2,-23.0,-12.9,0.16,OK
F02800,2027-02-04 10:10,G8,-26.8,0,-26.8,-12.9,0.20,OK
F02801,2027-02-04 10:20,G1,21.0,0,21.0,-12.8,1.03,OK
F02802,2027-02-04 10:20,G2,34.6,1,33.6,-12.8,1.07,OK
F02803,2027-02-04 10:20,G3,37.4,-1,38.4,-12.8,1.05,OK
F02804,2027-02-04 10:20,G4,49.7,0,49.7,-12.8,1.08,OK
F02805,2027-02-04 10:20,G5,66.0,2,64.0,-12.8,1.01,OK
F02806,2027-02-04 10:20,G6,262.6,187,75.6,-12.8,1.05,OK
F02807,2027-02-04 10:20,G7,35.0,-2,37.0,-12.8,1.07,OK
F02808,2027-02-04 10:20,G8,20.3,0,20.3,-12.8,1.04,OK
F02809,2027-02-04 10:30,G1,-20.0,0,-20.0,-12.6,0.21,OK
F02810,2027-02-04 10:30,G2,-18.0,1,-19.0,-12.6,0.18,OK
F02811,2027-02-04 10:30,G3,-15.1,-1,-14.1,-12.6,0.17,OK
F02812,2027-02-04 10:30,G4,-17.9,0,-17.9,-12.6,0.19,OK
F02813,2027-02-04 10:30,G5,-21.7,2,-23.7,-12.6,0.21,OK
F02814,2027-02-04 10:30,G6,168.3,187,-18.7,-12.6,0.22,OK
F02815,2027-02-04 10:30,G7,-23.5,-2,-21.5,-12.6,0.17,OK
F02816,2027-02-04 10:30,G8,-25.2,0,-25.2,-12.6,0.22,OK
F02817,2027-02-04 10:40,G1,-2.3,0,-2.3,-12.4,0.63,OK
F02818,2027-02-04 10:40,G2,3.3,1,2.3,-12.4,0.57,OK
F02819,2027-02-04 10:40,G3,5.3,-1,6.3,-12.4,0.60,OK
F02820,2027-02-04 10:40,G4,17.0,0,17.0,-12.4,0.63,OK
F02821,2027-02-04 10:40,G5,22.6,2,20.6,-12.4,0.62,OK
F02822,2027-02-04 10:40,G6,215.6,187,28.6,-12.4,0.60,OK
F02823,2027-02-04 10:40,G7,1.7,-2,3.7,-12.4,0.56,OK
F02824,2027-02-04 10:40,G8,0.6,0,0.6,-12.4,0.60,OK
F02825,2027-02-04 10:50,G1,-11.5,0,-11.5,-12.3,0.20,OK
F02826,2027-02-04 10:50,G2,-13.8,1,-14.8,-12.3,0.24,OK
F02827,2027-02-04 10:50,G3,-22.6,-1,-21.6,-12.3,0.17,OK
F02828,2027-02-04 10:50,G4,-21.4,0,-21.4,-12.3,0.21,OK
F02829,2027-02-04 10:50,G5,-16.1,2,-18.1,-12.3,0.21,OK
F02830,2027-02-04 10:50,G6,166.0,187,-21.0,-12.3,0.20,OK
F02831,2027-02-04 10:50,G7,-27.1,-2,-25.1,-12.3,0.21,OK
F02832,2027-02-04 10:50,G8,-18.3,0,-18.3,-12.3,0.17,OK
F02833,2027-02-04 11:00,G1,15.6,0,15.6,-12.1,0.89,OK
F02834,2027-02-04 11:00,G2,25.4,1,24.4,-12.1,0.93,OK
F02835,2027-02-04 11:00,G3,28.2,-1,29.2,-12.1,0.90,OK
F02836,2027-02-04 11:00,G4,40.0,0,40.0,-12.1,0.95,OK
F02837,2027-02-04 11:00,G5,53.2,2,51.2,-12.1,0.94,OK
F02838,2027-02-04 11:00,G6,253.5,187,66.5,-12.1,0.89,OK
F02839,2027-02-04 11:00,G7,31.8,-2,33.8,-12.1,0.92,OK
F02840,2027-02-04 11:00,G8,15.4,0,15.4,-12.1,0.93,OK
F02841,2027-02-04 11:10,G1,-18.5,0,-18.5,-11.9,0.20,OK
F02842,2027-02-04 11:10,G2,-11.5,1,-12.5,-11.9,0.22,OK
F02843,2027-02-04 11:10,G3,-20.4,-1,-19.4,-11.9,0.20,OK
F02844,2027-02-04 11:10,G4,-14.6,0,-14.6,-11.9,0.19,OK
F02845,2027-02-04 11:10,G5,-15.5,2,-17.5,-11.9,0.16,OK
F02846,2027-02-04 11:10,G6,167.5,187,-19.5,-11.9,0.23,OK
F02847,2027-02-04 11:10,G7,-18.3,-2,-16.3,-11.9,0.19,OK
F02848,2027-02-04 11:10,G8,-16.2,0,-16.2,-11.9,0.21,OK
F02849,2027-02-04 11:20,G1,20.9,0,20.9,-11.7,1.14,OK
F02850,2027-02-04 11:20,G2,38.1,1,37.1,-11.7,1.13,OK
F02851,2027-02-04 11:20,G3,45.8,-1,46.8,-11.7,1.07,OK
F02852,2027-02-04 11:20,G4,61.3,0,61.3,-11.7,1.10,OK
F02853,2027-02-04 11:20,G5,71.1,2,69.1,-11.7,1.10,OK
F02854,2027-02-04 11:20,G6,276.9,187,89.9,-11.7,1.07,OK
F02855,2027-02-04 11:20,G7,41.1,-2,43.1,-11.7,1.10,OK
F02856,2027-02-04 11:20,G8,27.1,0,27.1,-11.7,1.13,OK
F02857,2027-02-04 11:30,G1,-11.4,0,-11.4,-11.5,0.19,OK
F02858,2027-02-04 11:30,G2,-12.5,1,-13.5,-11.5,0.16,OK
F02859,2027-02-04 11:30,G3,-14.8,-1,-13.8,-11.5,0.20,OK
F02860,2027-02-04 11:30,G4,-12.6,0,-12.6,-11.5,0.17,OK
F02861,2027-02-04 11:30,G5,-14.9,2,-16.9,-11.5,0.16,OK
F02862,2027-02-04 11:30,G6,172.4,187,-14.6,-11.5,0.23,OK
F02863,2027-02-04 11:30,G7,-24.2,-2,-22.2,-11.5,0.17,OK
F02864,2027-02-04 11:30,G8,-17.8,0,-17.8,-11.5,0.22,OK
F02865,2027-02-04 11:40,G1,7.0,0,7.0,-11.3,0.66,OK
F02866,2027-02-04 11:40,G2,8.5,1,7.5,-11.3,0.67,OK
F02867,2027-02-04 11:40,G3,11.1,-1,12.1,-11.3,0.66,OK
F02868,2027-02-04 11:40,G4,24.0,0,24.0,-11.3,0.62,OK
F02869,2027-02-04 11:40,G5,32.2,2,30.2,-11.3,0.61,OK
F02870,2027-02-04 11:40,G6,221.3,187,34.3,-11.3,0.64,OK
F02871,2027-02-04 11:40,G7,16.9,-2,18.9,-11.3,0.62,OK
F02872,2027-02-04 11:40,G8,0.0,0,0.0,-11.3,0.66,OK
F02873,2027-02-04 11:50,G1,-11.5,0,-11.5,-11.1,0.19,OK
F02874,2027-02-04 11:50,G2,-14.4,1,-15.4,-11.1,0.22,OK
F02875,2027-02-04 11:50,G3,-12.9,-1,-11.9,-11.1,0.16,OK
F02876,2027-02-04 11:50,G4,-14.7,0,-14.7,-11.1,0.20,OK
F02877,2027-02-04 11:50,G5,-16.2,2,-18.2,-11.1,0.19,OK
F02878,2027-02-04 11:50,G6,168.8,187,-18.2,-11.1,0.20,OK
F02879,2027-02-04 11:50,G7,-18.5,-2,-16.5,-11.1,0.23,OK
F02880,2027-02-04 11:50,G8,-13.8,0,-13.8,-11.1,0.21,OK
F02881,2027-02-04 12:00,G1,24.0,0,24.0,-10.8,1.00,OK
F02882,2027-02-04 12:00,G2,29.0,1,28.0,-10.8,0.97,OK
F02883,2027-02-04 12:00,G3,36.4,-1,37.4,-10.8,0.95,OK
F02884,2027-02-04 12:00,G4,54.4,0,54.4,-10.8,1.00,OK
F02885,2027-02-04 12:00,G5,61.4,2,59.4,-10.8,0.99,OK
F02886,2027-02-04 12:00,G6,261.7,187,74.7,-10.8,0.96,OK
F02887,2027-02-04 12:00,G7,37.1,-2,39.1,-10.8,0.99,OK
F02888,2027-02-04 12:00,G8,18.3,0,18.3,-10.8,0.98,OK
F02889,2027-02-04 12:10,G1,-12.8,0,-12.8,-10.6,0.19,OK
F02890,2027-02-04 12:10,G2,-10.8,1,-11.8,-10.6,0.17,OK
F02891,2027-02-04 12:10,G3,-11.5,-1,-10.5,-10.6,0.22,OK
F02892,2027-02-04 12:10,G4,-17.1,0,-17.1,-10.6,0.18,OK
F02893,2027-02-04 12:10,G5,-12.8,2,-14.8,-10.6,0.17,OK
F02894,2027-02-04 12:10,G6,168.4,187,-18.6,-10.6,0.23,OK
F02895,2027-02-04 12:10,G7,-18.0,-2,-16.0,-10.6,0.19,OK
F02896,2027-02-04 12:10,G8,-20.4,0,-20.4,-10.6,0.18,OK
F02897,2027-02-04 12:20,G1,5.4,0,5.4,-10.4,0.56,OK
F02898,2027-02-04 12:20,G2,5.4,1,4.4,-10.4,0.53,OK
F02899,2027-02-04 12:20,G3,5.7,-1,6.7,-10.4,0.53,OK
F02900,2027-02-04 12:20,G4,14.5,0,14.5,-10.4,0.52,OK
F02901,2027-02-04 12:20,G5,19.6,2,17.6,-10.4,0.55,OK
F02902,2027-02-04 12:20,G6,209.1,187,22.1,-10.4,0.51,OK
F02903,2027-02-04 12:20,G7,11.5,-2,13.5,-10.4,0.55,OK
F02904,2027-02-04 12:20,G8,-1.9,0,-1.9,-10.4,0.51,OK
F02905,2027-02-04 12:30,G1,-9.1,0,-9.1,-10.1,0.21,OK
F02906,2027-02-04 12:30,G2,-8.8,1,-9.8,-10.1,0.20,OK
F02907,2027-02-04 12:30,G3,-9.8,-1,-8.8,-10.1,0.19,OK
F02908,2027-02-04 12:30,G4,-13.6,0,-13.6,-10.1,0.20,OK
F02909,2027-02-04 12:30,G5,-8.1,2,-10.1,-10.1,0.21,OK
F02910,2027-02-04 12:30,G6,169.0,187,-18.0,-10.1,0.16,OK
F02911,2027-02-04 12:30,G7,-20.2,-2,-18.2,-10.1,0.18,OK
F02912,2027-02-04 12:30,G8,-12.6,0,-12.6,-10.1,0.24,OK
F02913,2027-02-04 12:40,G1,8.5,0,8.5,-9.9,0.70,OK
F02914,2027-02-04 12:40,G2,21.4,1,20.4,-9.9,0.71,OK
F02915,2027-02-04 12:40,G3,21.6,-1,22.6,-9.9,0.70,OK
F02916,2027-02-04 12:40,G4,33.9,0,33.9,-9.9,0.71,OK
F02917,2027-02-04 12:40,G5,39.2,2,37.2,-9.9,0.72,OK
F02918,2027-02-04 12:40,G6,235.4,187,48.4,-9.9,0.70,OK
F02919,2027-02-04 12:40,G7,18.0,-2,20.0,-9.9,0.69,OK
F02920,2027-02-04 12:40,G8,13.7,0,13.7,-9.9,0.73,OK
F02921,2027-02-04 12:50,G1,-10.7,0,-10.7,-9.6,0.20,OK
F02922,2027-02-04 12:50,G2,-8.7,1,-9.7,-9.6,0.20,OK
F02923,2027-02-04 12:50,G3,-10.5,-1,-9.5,-9.6,0.16,OK
F02924,2027-02-04 12:50,G4,-15.9,0,-15.9,-9.6,0.19,OK
F02925,2027-02-04 12:50,G5,-10.6,2,-12.6,-9.6,0.20,OK
F02926,2027-02-04 12:50,G6,174.1,187,-12.9,-9.6,0.18,OK
F02927,2027-02-04 12:50,G7,-13.4,-2,-11.4,-9.6,0.22,OK
F02928,2027-02-04 12:50,G8,-16.4,0,-16.4,-9.6,0.19,OK
F02929,2027-02-04 13:00,G1,28.5,0,28.5,-9.4,1.06,OK
F02930,2027-02-04 13:00,G2,42.2,1,41.2,-9.4,1.07,OK
F02931,2027-02-04 13:00,G3,43.4,-1,44.4,-9.4,1.02,OK
F02932,2027-02-04 13:00,G4,55.8,0,55.8,-9.4,1.03,OK
F02933,2027-02-04 13:00,G5,71.0,2,69.0,-9.4,1.06,OK
F02934,2027-02-04 13:00,G6,272.6,187,85.6,-9.4,1.09,OK
F02935,2027-02-04 13:00,G7,45.5,-2,47.5,-9.4,1.08,OK
F02936,2027-02-04 13:00,G8,31.9,0,31.9,-9.4,1.08,OK
F02937,2027-02-04 13:10,G1,-8.7,0,-8.7,-9.1,0.20,OK
F02938,2027-02-04 13:10,G2,-10.3,1,-11.3,-9.1,0.18,OK
F02939,2027-02-04 13:10,G3,-13.5,-1,-12.5,-9.1,0.16,OK
F02940,2027-02-04 13:10,G4,-14.4,0,-14.4,-9.1,0.19,OK
F02941,2027-02-04 13:10,G5,-11.6,2,-13.6,-9.1,0.16,OK
F02942,2027-02-04 13:10,G6,173.1,187,-13.9,-9.1,0.24,OK
F02943,2027-02-04 13:10,G7,-11.2,-2,-9.2,-9.1,0.17,OK
F02944,2027-02-04 13:10,G8,-13.7,0,-13.7,-9.1,0.17,OK
F02945,2027-02-04 13:20,G1,10.7,0,10.7,-8.9,0.56,OK
F02946,2027-02-04 13:20,G2,12.5,1,11.5,-8.9,0.62,OK
F02947,2027-02-04 13:20,G3,17.0,-1,18.0,-8.9,0.62,OK
F02948,2027-02-04 13:20,G4,25.7,0,25.7,-8.9,0.62,OK
F02949,2027-02-04 13:20,G5,33.8,2,31.8,-8.9,0.56,OK
F02950,2027-02-04 13:20,G6,226.1,187,39.1,-8.9,0.60,OK
F02951,2027-02-04 13:20,G7,13.0,-2,15.0,-8.9,0.63,OK
F02952,2027-02-04 13:20,G8,8.6,0,8.6,-8.9,0.61,OK
F02953,2027-02-04 13:30,G1,-12.1,0,-12.1,-8.6,0.16,OK
F02954,2027-02-04 13:30,G2,-5.5,1,-6.5,-8.6,0.18,OK
F02955,2027-02-04 13:30,G3,-6.0,-1,-5.0,-8.6,0.19,OK
F02956,2027-02-04 13:30,G4,-6.0,0,-6.0,-8.6,0.16,OK
F02957,2027-02-04 13:30,G5,-9.6,2,-11.6,-8.6,0.22,OK
F02958,2027-02-04 13:30,G6,178.4,187,-8.6,-8.6,0.17,OK
F02959,2027-02-04 13:30,G7,-16.4,-2,-14.4,-8.6,0.18,OK
F02960,2027-02-04 13:30,G8,-13.3,0,-13.3,-8.6,0.19,OK
F02961,2027-02-04 13:40,G1,22.3,0,22.3,-8.4,0.76,OK
F02962,2027-02-04 13:40,G2,27.1,1,26.1,-8.4,0.76,OK
F02963,2027-02-04 13:40,G3,32.8,-1,33.8,-8.4,0.81,OK
F02964,2027-02-04 13:40,G4,37.6,0,37.6,-8.4,0.77,OK
F02965,2027-02-04 13:40,G5,49.4,2,47.4,-8.4,0.79,OK
F02966,2027-02-04 13:40,G6,240.0,187,53.0,-8.4,0.80,OK
F02967,2027-02-04 13:40,G7,26.7,-2,28.7,-8.4,0.77,OK
F02968,2027-02-04 13:40,G8,17.1,0,17.1,-8.4,0.78,OK
F02969,2027-02-04 13:50,G1,-10.7,0,-10.7,-8.1,0.20,OK
F02970,2027-02-04 13:50,G2,-1.7,1,-2.7,-8.1,0.22,OK
F02971,2027-02-04 13:50,G3,-11.9,-1,-10.9,-8.1,0.21,OK
F02972,2027-02-04 13:50,G4,-3.2,0,-3.2,-8.1,0.18,OK
F02973,2027-02-04 13:50,G5,-2.7,2,-4.7,-8.1,0.17,OK
F02974,2027-02-04 13:50,G6,182.9,187,-4.1,-8.1,0.20,OK
F02975,2027-02-04 13:50,G7,-9.5,-2,-7.5,-8.1,0.24,OK
F02976,2027-02-04 13:50,G8,-7.3,0,-7.3,-8.1,0.24,OK
F02977,2027-02-04 14:00,G1,36.9,0,36.9,-7.8,1.14,OK
F02978,2027-02-04 14:00,G2,47.9,1,46.9,-7.8,1.10,OK
F02979,2027-02-04 14:00,G3,50.5,-1,51.5,-7.8,1.12,OK
F02980,2027-02-04 14:00,G4,68.7,0,68.7,-7.8,1.13,OK
F02981,2027-02-04 14:00,G5,84.6,2,82.6,-7.8,1.09,OK
F02982,2027-02-04 14:00,G6,286.1,187,99.1,-7.8,1.10,OK
F02983,2027-02-04 14:00,G7,58.9,-2,60.9,-7.8,1.15,OK
F02984,2027-02-04 14:00,G8,33.8,0,33.8,-7.8,1.14,OK
F02985,2027-02-04 14:10,G1,-4.9,0,-4.9,-7.6,0.21,OK
F02986,2027-02-04 14:10,G2,-8.1,1,-9.1,-7.6,0.17,OK
F02987,2027-02-04 14:10,G3,-8.3,-1,-7.3,-7.6,0.17,OK
F02988,2027-02-04 14:10,G4,-10.9,0,-10.9,-7.6,0.19,OK
F02989,2027-02-04 14:10,G5,-3.6,2,-5.6,-7.6,0.22,OK
F02990,2027-02-04 14:10,G6,179.9,187,-7.1,-7.6,0.22,OK
F02991,2027-02-04 14:10,G7,-9.3,-2,-7.3,-7.6,0.17,OK
F02992,2027-02-04 14:10,G8,-6.0,0,-6.0,-7.6,0.16,OK
F02993,2027-02-04 14:20,G1,17.9,0,17.9,-7.3,0.65,OK
F02994,2027-02-04 14:20,G2,24.4,1,23.4,-7.3,0.65,OK
F02995,2027-02-04 14:20,G3,20.4,-1,21.4,-7.3,0.69,OK
F02996,2027-02-04 14:20,G4,36.4,0,36.4,-7.3,0.65,OK
F02997,2027-02-04 14:20,G5,42.6,2,40.6,-7.3,0.62,OK
F02998,2027-02-04 14:20,G6,236.6,187,49.6,-7.3,0.66,OK
F02999,2027-02-04 14:20,G7,23.4,-2,25.4,-7.3,0.69,OK
F03000,2027-02-04 14:20,G8,13.6,0,13.6,-7.3,0.65,OK
F03001,2027-02-04 14:30,G1,-2.2,0,-2.2,-7.1,0.21,OK
F03002,2027-02-04 14:30,G2,-3.9,1,-4.9,-7.1,0.18,OK
F03003,2027-02-04 14:30,G3,-5.7,-1,-4.7,-7.1,0.17,OK
F03004,2027-02-04 14:30,G4,-3.7,0,-3.7,-7.1,0.17,OK
F03005,2027-02-04 14:30,G5,0.8,2,-1.2,-7.1,0.18,OK
F03006,2027-02-04 14:30,G6,184.5,187,-2.5,-7.1,0.23,OK
F03007,2027-02-04 14:30,G7,-5.6,-2,-3.6,-7.1,0.23,OK
F03008,2027-02-04 14:30,G8,-7.4,0,-7.4,-7.1,0.23,OK
F03009,2027-02-04 14:40,G1,22.4,0,22.4,-6.8,0.87,OK
F03010,2027-02-04 14:40,G2,30.2,1,29.2,-6.8,0.84,OK
F03011,2027-02-04 14:40,G3,39.0,-1,40.0,-6.8,0.84,OK
F03012,2027-02-04 14:40,G4,44.4,0,44.4,-6.8,0.84,OK
F03013,2027-02-04 14:40,G5,55.9,2,53.9,-6.8,0.81,OK
F03014,2027-02-04 14:40,G6,259.0,187,72.0,-6.8,0.87,OK
F03015,2027-02-04 14:40,G7,37.9,-2,39.9,-6.8,0.81,OK
F03016,2027-02-04 14:40,G8,27.6,0,27.6,-6.8,0.81,OK
F03017,2027-02-04 14:50,G1,-3.8,0,-3.8,-6.5,0.19,OK
F03018,2027-02-04 14:50,G2,-6.0,1,-7.0,-6.5,0.23,OK
F03019,2027-02-04 14:50,G3,-3.7,-1,-2.7,-6.5,0.21,OK
F03020,2027-02-04 14:50,G4,-2.5,0,-2.5,-6.5,0.18,OK
F03021,2027-02-04 14:50,G5,1.8,2,-0.2,-6.5,0.23,OK
F03022,2027-02-04 14:50,G6,179.7,187,-7.3,-6.5,0.17,OK
F03023,2027-02-04 14:50,G7,-5.9,-2,-3.9,-6.5,0.19,OK
F03024,2027-02-04 14:50,G8,-1.0,0,-1.0,-6.5,0.18,OK
F03025,2027-02-04 15:00,G1,16.0,0,16.0,-6.3,0.52,OK
F03026,2027-02-04 15:00,G2,20.7,1,19.7,-6.3,0.56,OK
F03027,2027-02-04 15:00,G3,14.9,-1,15.9,-6.3,0.57,OK
F03028,2027-02-04 15:00,G4,25.5,0,25.5,-6.3,0.55,OK
F03029,2027-02-04 15:00,G5,32.0,2,30.0,-6.3,0.54,OK
F03030,2027-02-04 15:00,G6,227.1,187,40.1,-6.3,0.51,OK
F03031,2027-02-04 15:00,G7,21.7,-2,23.7,-6.3,0.54,OK
F03032,2027-02-04 15:00,G8,14.6,0,14.6,-6.3,0.59,OK
F03033,2027-02-04 15:10,G1,-6.2,0,-6.2,-6.0,0.20,OK
F03034,2027-02-04 15:10,G2,3.2,1,2.2,-6.0,0.19,OK
F03035,2027-02-04 15:10,G3,-7.7,-1,-6.7,-6.0,0.19,OK
F03036,2027-02-04 15:10,G4,0.8,0,0.8,-6.0,0.23,OK
F03037,2027-02-04 15:10,G5,-4.2,2,-6.2,-6.0,0.23,OK
F03038,2027-02-04 15:10,G6,185.7,187,-1.3,-6.0,0.21,OK
F03039,2027-02-04 15:10,G7,-2.5,-2,-0.5,-6.0,0.18,OK
F03040,2027-02-04 15:10,G8,1.2,0,1.2,-6.0,0.20,OK
F03041,2027-02-04 15:20,G1,17.2,0,17.2,-5.8,0.73,OK
F03042,2027-02-04 15:20,G2,31.7,1,30.7,-5.8,0.72,OK
F03043,2027-02-04 15:20,G3,35.4,-1,36.4,-5.8,0.75,OK
F03044,2027-02-04 15:20,G4,39.9,0,39.9,-5.8,0.74,OK
F03045,2027-02-04 15:20,G5,51.1,2,49.1,-5.8,0.72,OK
F03046,2027-02-04 15:20,G6,249.3,187,62.3,-5.8,0.68,OK
F03047,2027-02-04 15:20,G7,37.4,-2,39.4,-5.8,0.74,OK
F03048,2027-02-04 15:20,G8,25.0,0,25.0,-5.8,0.73,OK
F03049,2027-02-04 15:30,G1,-1.4,0,-1.4,-5.5,0.18,OK
F03050,2027-02-04 15:30,G2,0.0,1,-1.0,-5.5,0.18,OK
F03051,2027-02-04 15:30,G3,-3.1,-1,-2.1,-5.5,0.17,OK
F03052,2027-02-04 15:30,G4,0.4,0,0.4,-5.5,0.24,OK
F03053,2027-02-04 15:30,G5,-1.5,2,-3.5,-5.5,0.17,OK
F03054,2027-02-04 15:30,G6,189.9,187,2.9,-5.5,0.18,OK
F03055,2027-02-04 15:30,G7,0.2,-2,2.2,-5.5,0.20,OK
F03056,2027-02-04 15:30,G8,-3.2,0,-3.2,-5.5,0.22,OK
F03057,2027-02-04 15:40,G1,31.0,0,31.0,-5.3,0.89,OK
F03058,2027-02-04 15:40,G2,40.7,1,39.7,-5.3,0.90,OK
F03059,2027-02-04 15:40,G3,44.9,-1,45.9,-5.3,0.88,OK
F03060,2027-02-04 15:40,G4,58.4,0,58.4,-5.3,0.92,OK
F03061,2027-02-04 15:40,G5,69.1,2,67.1,-5.3,0.92,OK
F03062,2027-02-04 15:40,G6,269.4,187,82.4,-5.3,0.87,OK
F03063,2027-02-04 15:40,G7,46.5,-2,48.5,-5.3,0.89,OK
F03064,2027-02-04 15:40,G8,34.1,0,34.1,-5.3,0.93,OK
F03065,2027-02-04 15:50,G1,0.1,0,0.1,-5.1,0.16,OK
F03066,2027-02-04 15:50,G2,-3.6,1,-4.6,-5.1,0.17,OK
F03067,2027-02-04 15:50,G3,-1.8,-1,-0.8,-5.1,0.16,OK
F03068,2027-02-04 15:50,G4,-4.0,0,-4.0,-5.1,0.18,OK
F03069,2027-02-04 15:50,G5,-2.2,2,-4.2,-5.1,0.19,OK
F03070,2027-02-04 15:50,G6,184.8,187,-2.2,-5.1,0.17,OK
F03071,2027-02-04 15:50,G7,-4.4,-2,-2.4,-5.1,0.23,OK
F03072,2027-02-04 15:50,G8,-3.9,0,-3.9,-5.1,0.18,OK
F03073,2027-02-04 16:00,G1,21.1,0,21.1,-4.8,0.57,OK
F03074,2027-02-04 16:00,G2,25.1,1,24.1,-4.8,0.63,OK
F03075,2027-02-04 16:00,G3,26.4,-1,27.4,-4.8,0.61,OK
F03076,2027-02-04 16:00,G4,35.1,0,35.1,-4.8,0.63,OK
F03077,2027-02-04 16:00,G5,45.1,2,43.1,-4.8,0.65,OK
F03078,2027-02-04 16:00,G6,231.2,187,44.2,-4.8,0.62,OK
F03079,2027-02-04 16:00,G7,32.0,-2,34.0,-4.8,0.61,OK
F03080,2027-02-04 16:00,G8,23.1,0,23.1,-4.8,0.59,OK
F03081,2027-02-04 16:10,G1,-2.8,0,-2.8,-4.6,0.19,OK
F03082,2027-02-04 16:10,G2,2.6,1,1.6,-4.6,0.19,OK
F03083,2027-02-04 16:10,G3,-2.7,-1,-1.7,-4.6,0.21,OK
F03084,2027-02-04 16:10,G4,1.1,0,1.1,-4.6,0.19,OK
F03085,2027-02-04 16:10,G5,2.5,2,0.5,-4.6,0.17,OK
F03086,2027-02-04 16:10,G6,185.8,187,-1.2,-4.6,0.22,OK
F03087,2027-02-04 16:10,G7,-4.7,-2,-2.7,-4.6,0.20,OK
F03088,2027-02-04 16:10,G8,-0.2,0,-0.2,-4.6,0.23,OK
F03089,2027-02-04 16:20,G1,28.1,0,28.1,-4.4,0.82,OK
F03090,2027-02-04 16:20,G2,33.9,1,32.9,-4.4,0.81,OK
F03091,2027-02-04 16:20,G3,42.5,-1,43.5,-4.4,0.82,OK
F03092,2027-02-04 16:20,G4,52.0,0,52.0,-4.4,0.82,OK
F03093,2027-02-04 16:20,G5,56.9,2,54.9,-4.4,0.82,OK
F03094,2027-02-04 16:20,G6,256.7,187,69.7,-4.4,0.76,OK
F03095,2027-02-04 16:20,G7,45.7,-2,47.7,-4.4,0.80,OK
F03096,2027-02-04 16:20,G8,26.6,0,26.6,-4.4,0.79,OK
F03097,2027-02-04 16:30,G1,2.9,0,2.9,-4.2,0.18,OK
F03098,2027-02-04 16:30,G2,5.8,1,4.8,-4.2,0.24,OK
F03099,2027-02-04 16:30,G3,-0.3,-1,0.7,-4.2,0.21,OK
F03100,2027-02-04 16:30,G4,4.2,0,4.2,-4.2,0.20,OK
F03101,2027-02-04 16:30,G5,4.4,2,2.4,-4.2,0.23,OK
F03102,2027-02-04 16:30,G6,193.2,187,6.2,-4.2,0.19,OK
F03103,2027-02-04 16:30,G7,-0.3,-2,1.7,-4.2,0.18,OK
F03104,2027-02-04 16:30,G8,0.9,0,0.9,-4.2,0.20,OK
F03105,2027-02-04 16:40,G1,39.6,0,39.6,-4.0,0.92,OK
F03106,2027-02-04 16:40,G2,44.8,1,43.8,-4.0,0.92,OK
F03107,2027-02-04 16:40,G3,50.3,-1,51.3,-4.0,0.98,OK
F03108,2027-02-04 16:40,G4,66.1,0,66.1,-4.0,0.99,OK
F03109,2027-02-04 16:40,G5,76.1,2,74.1,-4.0,0.92,OK
F03110,2027-02-04 16:40,G6,278.4,187,91.4,-4.0,0.95,OK
F03111,2027-02-04 16:40,G7,60.5,-2,62.5,-4.0,0.99,OK
F03112,2027-02-04 16:40,G8,39.4,0,39.4,-4.0,0.97,OK
F03113,2027-02-04 16:50,G1,5.3,0,5.3,-3.8,0.23,OK
F03114,2027-02-04 16:50,G2,-0.6,1,-1.6,-3.8,0.22,OK
F03115,2027-02-04 16:50,G3,-1.4,-1,-0.4,-3.8,0.16,OK
F03116,2027-02-04 16:50,G4,2.3,0,2.3,-3.8,0.21,OK
F03117,2027-02-04 16:50,G5,6.8,2,4.8,-3.8,0.22,OK
F03118,2027-02-04 16:50,G6,189.2,187,2.2,-3.8,0.17,OK
F03119,2027-02-04 16:50,G7,2.6,-2,4.6,-3.8,0.17,OK
F03120,2027-02-04 16:50,G8,-0.8,0,-0.8,-3.8,0.18,OK
F03121,2027-02-04 17:00,G1,19.5,0,19.5,-3.6,0.69,OK
F03122,2027-02-04 17:00,G2,32.1,1,31.1,-3.6,0.65,OK
F03123,2027-02-04 17:00,G3,34.2,-1,35.2,-3.6,0.66,OK
F03124,2027-02-04 17:00,G4,41.5,0,41.5,-3.6,0.71,OK
F03125,2027-02-04 17:00,G5,52.7,2,50.7,-3.6,0.67,OK
F03126,2027-02-04 17:00,G6,246.9,187,59.9,-3.6,0.68,OK
F03127,2027-02-04 17:00,G7,38.5,-2,40.5,-3.6,0.65,OK
F03128,2027-02-04 17:00,G8,24.3,0,24.3,-3.6,0.67,OK
F03129,2027-02-04 17:10,G1,4.1,0,4.1,-3.4,0.22,OK
F03130,2027-02-04 17:10,G2,8.5,1,7.5,-3.4,0.23,OK
F03131,2027-02-04 17:10,G3,5.5,-1,6.5,-3.4,0.18,OK
F03132,2027-02-04 17:10,G4,3.9,0,3.9,-3.4,0.23,OK
F03133,2027-02-04 17:10,G5,5.5,2,3.5,-3.4,0.22,OK
F03134,2027-02-04 17:10,G6,189.8,187,2.8,-3.4,0.17,OK
F03135,2027-02-04 17:10,G7,6.0,-2,8.0,-3.4,0.21,OK
F03136,2027-02-04 17:10,G8,5.6,0,5.6,-3.4,0.23,OK
F03137,2027-02-04 17:20,G1,29.0,0,29.0,-3.2,0.83,OK
F03138,2027-02-04 17:20,G2,37.1,1,36.1,-3.2,0.82,OK
F03139,2027-02-04 17:20,G3,43.2,-1,44.2,-3.2,0.80,OK
F03140,2027-02-04 17:20,G4,61.0,0,61.0,-3.2,0.83,OK
F03141,2027-02-04 17:20,G5,73.9,2,71.9,-3.2,0.87,OK
F03142,2027-02-04 17:20,G6,264.7,187,77.7,-3.2,0.82,OK
F03143,2027-02-04 17:20,G7,52.8,-2,54.8,-3.2,0.85,OK
F03144,2027-02-04 17:20,G8,37.1,0,37.1,-3.2,0.81,OK
F03145,2027-02-04 17:30,G1,6.2,0,6.2,-3.1,0.20,OK
F03146,2027-02-04 17:30,G2,9.3,1,8.3,-3.1,0.17,OK
F03147,2027-02-04 17:30,G3,6.7,-1,7.7,-3.1,0.20,OK
F03148,2027-02-04 17:30,G4,3.6,0,3.6,-3.1,0.20,OK
F03149,2027-02-04 17:30,G5,10.7,2,8.7,-3.1,0.17,OK
F03150,2027-02-04 17:30,G6,188.0,187,1.0,-3.1,0.23,OK
F03151,2027-02-04 17:30,G7,-0.1,-2,1.9,-3.1,0.17,OK
F03152,2027-02-04 17:30,G8,5.6,0,5.6,-3.1,0.19,OK
F03153,2027-02-04 17:40,G1,37.8,0,37.8,-2.9,1.01,OK
F03154,2027-02-04 17:40,G2,53.9,1,52.9,-2.9,1.00,OK
F03155,2027-02-04 17:40,G3,57.6,-1,58.6,-2.9,1.03,OK
F03156,2027-02-04 17:40,G4,75.9,0,75.9,-2.9,1.00,OK
F03157,2027-02-04 17:40,G5,87.0,2,85.0,-2.9,1.01,OK
F03158,2027-02-04 17:40,G6,287.3,187,100.3,-2.9,1.03,OK
F03159,2027-02-04 17:40,G7,61.4,-2,63.4,-2.9,1.05,OK
F03160,2027-02-04 17:40,G8,48.2,0,48.2,-2.9,1.03,OK
F03161,2027-02-04 17:50,G1,8.0,0,8.0,-2.8,0.23,OK
F03162,2027-02-04 17:50,G2,5.6,1,4.6,-2.8,0.20,OK
F03163,2027-02-04 17:50,G3,5.5,-1,6.5,-2.8,0.23,OK
F03164,2027-02-04 17:50,G4,9.0,0,9.0,-2.8,0.23,OK
F03165,2027-02-04 17:50,G5,7.0,2,5.0,-2.8,0.17,OK
F03166,2027-02-04 17:50,G6,196.3,187,9.3,-2.8,0.19,OK
F03167,2027-02-04 17:50,G7,6.6,-2,8.6,-2.8,0.21,OK
F03168,2027-02-04 17:50,G8,9.9,0,9.9,-2.8,0.17,OK
F03169,2027-02-04 18:00,G1,23.9,0,23.9,-2.6,0.74,OK
F03170,2027-02-04 18:00,G2,33.8,1,32.8,-2.6,0.76,OK
F03171,2027-02-04 18:00,G3,35.1,-1,36.1,-2.6,0.71,OK
F03172,2027-02-04 18:00,G4,51.0,0,51.0,-2.6,0.70,OK
F03173,2027-02-04 18:00,G5,58.0,2,56.0,-2.6,0.72,OK
F03174,2027-02-04 18:00,G6,254.9,187,67.9,-2.6,0.75,OK
F03175,2027-02-04 18:00,G7,46.2,-2,48.2,-2.6,0.74,OK
F03176,2027-02-04 18:00,G8,30.4,0,30.4,-2.6,0.75,OK
F03177,2027-02-04 18:10,G1,2.3,0,2.3,-2.5,0.19,OK
F03178,2027-02-04 18:10,G2,3.9,1,2.9,-2.5,0.17,OK
F03179,2027-02-04 18:10,G3,4.7,-1,5.7,-2.5,0.19,OK
F03180,2027-02-04 18:10,G4,2.8,0,2.8,-2.5,0.20,OK
F03181,2027-02-04 18:10,G5,4.5,2,2.5,-2.5,0.17,OK
F03182,2027-02-04 18:10,G6,190.6,187,3.6,-2.5,0.23,OK
F03183,2027-02-04 18:10,G7,5.4,-2,7.4,-2.5,0.20,OK
F03184,2027-02-04 18:10,G8,10.2,0,10.2,-2.5,0.23,OK
F03185,2027-02-04 18:20,G1,32.2,0,32.2,-2.4,0.90,OK
F03186,2027-02-04 18:20,G2,45.6,1,44.6,-2.4,0.93,OK
F03187,2027-02-04 18:20,G3,54.0,-1,55.0,-2.4,0.94,OK
F03188,2027-02-04 18:20,G4,66.1,0,66.1,-2.4,0.89,OK
F03189,2027-02-04 18:20,G5,81.9,2,79.9,-2.4,0.93,OK
F03190,2027-02-04 18:20,G6,276.8,187,89.8,-2.4,0.87,OK
F03191,2027-02-04 18:20,G7,60.2,-2,62.2,-2.4,0.94,OK
F03192,2027-02-04 18:20,G8,40.0,0,40.0,-2.4,0.88,OK
F03193,2027-02-04 18:30,G1,6.5,0,6.5,-2.3,0.17,OK
F03194,2027-02-04 18:30,G2,5.7,1,4.7,-2.3,0.22,OK
F03195,2027-02-04 18:30,G3,1.4,-1,2.4,-2.3,0.23,OK
F03196,2027-02-04 18:30,G4,10.2,0,10.2,-2.3,0.21,OK
F03197,2027-02-04 18:30,G5,6.1,2,4.1,-2.3,0.21,OK
F03198,2027-02-04 18:30,G6,194.5,187,7.5,-2.3,0.20,OK
F03199,2027-02-04 18:30,G7,8.9,-2,10.9,-2.3,0.22,OK
F03200,2027-02-04 18:30,G8,11.3,0,11.3,-2.3,0.17,OK
F03201,2027-02-04 18:40,G1,40.0,0,40.0,-2.2,1.04,OK
F03202,2027-02-04 18:40,G2,58.6,1,57.6,-2.2,1.04,OK
F03203,2027-02-04 18:40,G3,63.4,-1,64.4,-2.2,1.09,OK
F03204,2027-02-04 18:40,G4,81.0,0,81.0,-2.2,1.11,OK
F03205,2027-02-04 18:40,G5,98.7,2,96.7,-2.2,1.11,OK
F03206,2027-02-04 18:40,G6,294.5,187,107.5,-2.2,1.04,OK
F03207,2027-02-04 18:40,G7,71.7,-2,73.7,-2.2,1.07,OK
F03208,2027-02-04 18:40,G8,49.2,0,49.2,-2.2,1.10,OK
F03209,2027-02-04 18:50,G1,2.4,0,2.4,-2.1,0.23,OK
F03210,2027-02-04 18:50,G2,10.4,1,9.4,-2.1,0.21,OK
F03211,2027-02-04 18:50,G3,1.9,-1,2.9,-2.1,0.17,OK
F03212,2027-02-04 18:50,G4,11.3,0,11.3,-2.1,0.22,OK
F03213,2027-02-04 18:50,G5,9.0,2,7.0,-2.1,0.17,OK
F03214,2027-02-04 18:50,G6,198.4,187,11.4,-2.1,0.21,OK
F03215,2027-02-04 18:50,G7,9.0,-2,11.0,-2.1,0.17,OK
F03216,2027-02-04 18:50,G8,12.8,0,12.8,-2.1,0.20,OK
F03217,2027-02-04 19:00,G1,33.7,0,33.7,-2.0,0.75,OK
F03218,2027-02-04 19:00,G2,41.5,1,40.5,-2.0,0.79,OK
F03219,2027-02-04 19:00,G3,42.9,-1,43.9,-2.0,0.82,OK
F03220,2027-02-04 19:00,G4,57.7,0,57.7,-2.0,0.81,OK
F03221,2027-02-04 19:00,G5,72.6,2,70.6,-2.0,0.81,OK
F03222,2027-02-04 19:00,G6,260.5,187,73.5,-2.0,0.76,OK
F03223,2027-02-04 19:00,G7,54.4,-2,56.4,-2.0,0.78,OK
F03224,2027-02-04 19:00,G8,42.0,0,42.0,-2.0,0.80,OK
F03225,2027-02-04 19:10,G1,5.0,0,5.0,-2.0,0.20,OK
F03226,2027-02-04 19:10,G2,5.5,1,4.5,-2.0,0.21,OK
F03227,2027-02-04 19:10,G3,3.3,-1,4.3,-2.0,0.21,OK
F03228,2027-02-04 19:10,G4,3.7,0,3.7,-2.0,0.18,OK
F03229,2027-02-04 19:10,G5,9.8,2,7.8,-2.0,0.22,OK
F03230,2027-02-04 19:10,G6,196.2,187,9.2,-2.0,0.24,OK
F03231,2027-02-04 19:10,G7,3.8,-2,5.8,-2.0,0.16,OK
F03232,2027-02-04 19:10,G8,10.8,0,10.8,-2.0,0.19,OK
F03233,2027-02-04 19:20,G1,39.5,0,39.5,-1.9,0.94,OK
F03234,2027-02-04 19:20,G2,47.0,1,46.0,-1.9,0.98,OK
F03235,2027-02-04 19:20,G3,60.3,-1,61.3,-1.9,0.96,OK
F03236,2027-02-04 19:20,G4,67.5,0,67.5,-1.9,0.93,OK
F03237,2027-02-04 19:20,G5,88.9,2,86.9,-1.9,0.93,OK
F03238,2027-02-04 19:20,G6,283.0,187,96.0,-1.9,0.95,OK
F03239,2027-02-04 19:20,G7,65.3,-2,67.3,-1.9,1.00,OK
F03240,2027-02-04 19:20,G8,43.9,0,43.9,-1.9,0.94,OK
F03241,2027-02-04 19:30,G1,11.1,0,11.1,-1.9,0.18,OK
F03242,2027-02-04 19:30,G2,10.9,1,9.9,-1.9,0.23,OK
F03243,2027-02-04 19:30,G3,10.2,-1,11.2,-1.9,0.17,OK
F03244,2027-02-04 19:30,G4,7.3,0,7.3,-1.9,0.21,OK
F03245,2027-02-04 19:30,G5,10.0,2,8.0,-1.9,0.21,OK
F03246,2027-02-04 19:30,G6,196.7,187,9.7,-1.9,0.19,OK
F03247,2027-02-04 19:30,G7,4.6,-2,6.6,-1.9,0.22,OK
F03248,2027-02-04 19:30,G8,11.0,0,11.0,-1.9,0.20,OK
F03249,2027-02-04 19:40,G1,21.5,0,21.5,-1.9,0.54,OK
F03250,2027-02-04 19:40,G2,21.0,1,20.0,-1.9,0.55,OK
F03251,2027-02-04 19:40,G3,23.1,-1,24.1,-1.9,0.53,OK
F03252,2027-02-04 19:40,G4,33.4,0,33.4,-1.9,0.49,OK
F03253,2027-02-04 19:40,G5,43.8,2,41.8,-1.9,0.49,OK
F03254,2027-02-04 19:40,G6,228.4,187,41.4,-1.9,0.55,OK
F03255,2027-02-04 19:40,G7,27.6,-2,29.6,-1.9,0.52,OK
F03256,2027-02-04 19:40,G8,22.0,0,22.0,-1.9,0.48,OK
F03257,2027-02-04 19:50,G1,7.9,0,7.9,-1.8,0.22,OK
F03258,2027-02-04 19:50,G2,8.7,1,7.7,-1.8,0.17,OK
F03259,2027-02-04 19:50,G3,8.1,-1,9.1,-1.8,0.18,OK
F03260,2027-02-04 19:50,G4,3.6,0,3.6,-1.8,0.18,OK
F03261,2027-02-04 19:50,G5,5.8,2,3.8,-1.8,0.18,OK
F03262,2027-02-04 19:50,G6,195.7,187,8.7,-1.8,0.17,OK
F03263,2027-02-04 19:50,G7,2.9,-2,4.9,-1.8,0.18,OK
F03264,2027-02-04 19:50,G8,12.9,0,12.9,-1.8,0.22,OK
F03265,2027-02-04 20:00,G1,38.0,0,38.0,-1.8,0.83,OK
F03266,2027-02-04 20:00,G2,43.2,1,42.2,-1.8,0.86,OK
F03267,2027-02-04 20:00,G3,45.7,-1,46.7,-1.8,0.86,OK
F03268,2027-02-04 20:00,G4,64.2,0,64.2,-1.8,0.85,OK
F03269,2027-02-04 20:00,G5,78.5,2,76.5,-1.8,0.82,OK
F03270,2027-02-04 20:00,G6,271.5,187,84.5,-1.8,0.81,OK
F03271,2027-02-04 20:00,G7,58.6,-2,60.6,-1.8,0.86,OK
F03272,2027-02-04 20:00,G8,42.5,0,42.5,-1.8,0.86,OK
F03273,2027-02-04 20:10,G1,5.1,0,5.1,-1.8,0.19,OK
F03274,2027-02-04 20:10,G2,11.4,1,10.4,-1.8,0.22,OK
F03275,2027-02-04 20:10,G3,10.1,-1,11.1,-1.8,0.21,OK
F03276,2027-02-04 20:10,G4,5.6,0,5.6,-1.8,0.19,OK
F03277,2027-02-04 20:10,G5,13.7,2,11.7,-1.8,0.22,OK
F03278,2027-02-04 20:10,G6,196.8,187,9.8,-1.8,0.18,OK
F03279,2027-02-04 20:10,G7,4.9,-2,6.9,-1.8,0.20,OK
F03280,2027-02-04 20:10,G8,12.3,0,12.3,-1.8,0.18,OK
F03281,2027-02-04 20:20,G1,44.8,0,44.8,-1.9,0.99,OK
F03282,2027-02-04 20:20,G2,54.0,1,53.0,-1.9,1.02,OK
F03283,2027-02-04 20:20,G3,61.0,-1,62.0,-1.9,1.06,OK
F03284,2027-02-04 20:20,G4,73.0,0,73.0,-1.9,1.04,OK
F03285,2027-02-04 20:20,G5,92.7,2,90.7,-1.9,1.00,OK
F03286,2027-02-04 20:20,G6,290.0,187,103.0,-1.9,1.04,OK
F03287,2027-02-04 20:20,G7,70.1,-2,72.1,-1.9,1.04,OK
F03288,2027-02-04 20:20,G8,50.0,0,50.0,-1.9,1.00,OK
F03289,2027-02-04 20:30,G1,10.3,0,10.3,-1.9,0.17,OK
F03290,2027-02-04 20:30,G2,8.4,1,7.4,-1.9,0.23,OK
F03291,2027-02-04 20:30,G3,2.6,-1,3.6,-1.9,0.19,OK
F03292,2027-02-04 20:30,G4,9.3,0,9.3,-1.9,0.19,OK
F03293,2027-02-04 20:30,G5,12.1,2,10.1,-1.9,0.18,OK
F03294,2027-02-04 20:30,G6,193.4,187,6.4,-1.9,0.23,OK
F03295,2027-02-04 20:30,G7,6.8,-2,8.8,-1.9,0.23,OK
F03296,2027-02-04 20:30,G8,12.7,0,12.7,-1.9,0.22,OK
F03297,2027-02-04 20:40,G1,20.3,0,20.3,-1.9,0.54,OK
F03298,2027-02-04 20:40,G2,32.8,1,31.8,-1.9,0.54,OK
F03299,2027-02-04 20:40,G3,32.9,-1,33.9,-1.9,0.57,OK
F03300,2027-02-04 20:40,G4,35.6,0,35.6,-1.9,0.55,OK
F03301,2027-02-04 20:40,G5,46.2,2,44.2,-1.9,0.55,OK
F03302,2027-02-04 20:40,G6,238.8,187,51.8,-1.9,0.57,OK
F03303,2027-02-04 20:40,G7,29.8,-2,31.8,-1.9,0.56,OK
F03304,2027-02-04 20:40,G8,30.0,0,30.0,-1.9,0.55,OK
F03305,2027-02-04 20:50,G1,7.9,0,7.9,-2.0,0.18,OK
F03306,2027-02-04 20:50,G2,7.3,1,6.3,-2.0,0.21,OK
F03307,2027-02-04 20:50,G3,6.2,-1,7.2,-2.0,0.21,OK
F03308,2027-02-04 20:50,G4,4.1,0,4.1,-2.0,0.21,OK
F03309,2027-02-04 20:50,G5,12.9,2,10.9,-2.0,0.20,OK
F03310,2027-02-04 20:50,G6,197.9,187,10.9,-2.0,0.19,OK
F03311,2027-02-04 20:50,G7,5.6,-2,7.6,-2.0,0.21,OK
F03312,2027-02-04 20:50,G8,10.4,0,10.4,-2.0,0.17,OK
F03313,2027-02-04 21:00,G1,33.6,0,33.6,-2.0,0.89,OK
F03314,2027-02-04 21:00,G2,51.2,1,50.2,-2.0,0.87,OK
F03315,2027-02-04 21:00,G3,54.9,-1,55.9,-2.0,0.93,OK
F03316,2027-02-04 21:00,G4,70.3,0,70.3,-2.0,0.94,OK
F03317,2027-02-04 21:00,G5,77.9,2,75.9,-2.0,0.89,OK
F03318,2027-02-04 21:00,G6,273.6,187,86.6,-2.0,0.93,OK
F03319,2027-02-04 21:00,G7,60.1,-2,62.1,-2.0,0.91,OK
F03320,2027-02-04 21:00,G8,44.0,0,44.0,-2.0,0.92,OK
F03321,2027-02-04 21:10,G1,1.7,0,1.7,-2.1,0.20,OK
F03322,2027-02-04 21:10,G2,7.7,1,6.7,-2.1,0.23,OK
F03323,2027-02-04 21:10,G3,4.1,-1,5.1,-2.1,0.18,OK
F03324,2027-02-04 21:10,G4,10.1,0,10.1,-2.1,0.17,OK
F03325,2027-02-04 21:10,G5,9.7,2,7.7,-2.1,0.23,OK
F03326,2027-02-04 21:10,G6,191.8,187,4.8,-2.1,0.16,OK
F03327,2027-02-04 21:10,G7,9.6,-2,11.6,-2.1,0.19,OK
F03328,2027-02-04 21:10,G8,10.8,0,10.8,-2.1,0.21,OK
F03329,2027-02-04 21:20,G1,44.5,0,44.5,-2.2,1.07,OK
F03330,2027-02-04 21:20,G2,58.1,1,57.1,-2.2,1.09,OK
F03331,2027-02-04 21:20,G3,60.1,-1,61.1,-2.2,1.07,OK
F03332,2027-02-04 21:20,G4,77.4,0,77.4,-2.2,1.07,OK
F03333,2027-02-04 21:20,G5,96.1,2,94.1,-2.2,1.10,OK
F03334,2027-02-04 21:20,G6,296.0,187,109.0,-2.2,1.06,OK
F03335,2027-02-04 21:20,G7,69.0,-2,71.0,-2.2,1.13,OK
F03336,2027-02-04 21:20,G8,54.7,0,54.7,-2.2,1.06,OK
F03337,2027-02-04 21:30,G1,9.8,0,9.8,-2.3,0.23,OK
F03338,2027-02-04 21:30,G2,9.1,1,8.1,-2.3,0.16,OK
F03339,2027-02-04 21:30,G3,1.0,-1,2.0,-2.3,0.17,OK
F03340,2027-02-04 21:30,G4,10.2,0,10.2,-2.3,0.23,OK
F03341,2027-02-04 21:30,G5,4.5,2,2.5,-2.3,0.24,OK
F03342,2027-02-04 21:30,G6,193.0,187,6.0,-2.3,0.21,OK
F03343,2027-02-04 21:30,G7,10.1,-2,12.1,-2.3,0.24,OK
F03344,2027-02-04 21:30,G8,7.3,0,7.3,-2.3,0.21,OK
F03345,2027-02-04 21:40,G1,26.2,0,26.2,-2.4,0.62,OK
F03346,2027-02-04 21:40,G2,33.6,1,32.6,-2.4,0.67,OK
F03347,2027-02-04 21:40,G3,35.6,-1,36.6,-2.4,0.63,OK
F03348,2027-02-04 21:40,G4,43.5,0,43.5,-2.4,0.66,OK
F03349,2027-02-04 21:40,G5,55.1,2,53.1,-2.4,0.67,OK
F03350,2027-02-04 21:40,G6,247.1,187,60.1,-2.4,0.65,OK
F03351,2027-02-04 21:40,G7,40.7,-2,42.7,-2.4,0.64,OK
F03352,2027-02-04 21:40,G8,25.1,0,25.1,-2.4,0.67,OK
F03353,2027-02-04 21:50,G1,8.3,0,8.3,-2.5,0.17,OK
F03354,2027-02-04 21:50,G2,4.3,1,3.3,-2.5,0.23,OK
F03355,2027-02-04 21:50,G3,3.4,-1,4.4,-2.5,0.19,OK
F03356,2027-02-04 21:50,G4,5.5,0,5.5,-2.5,0.21,OK
F03357,2027-02-04 21:50,G5,11.0,2,9.0,-2.5,0.17,OK
F03358,2027-02-04 21:50,G6,196.4,187,9.4,-2.5,0.23,OK
F03359,2027-02-04 21:50,G7,1.4,-2,3.4,-2.5,0.19,OK
F03360,2027-02-04 21:50,G8,5.2,0,5.2,-2.5,0.19,OK
F03361,2027-02-04 22:00,G1,7.4,0,7.4,-2.6,0.16,OK
F03362,2027-02-04 22:00,G2,5.6,1,4.6,-2.6,0.22,OK
F03363,2027-02-04 22:00,G3,1.7,-1,2.7,-2.6,0.22,OK
F03364,2027-02-04 22:00,G4,2.2,0,2.2,-2.6,0.20,OK
F03365,2027-02-04 22:00,G5,6.8,2,4.8,-2.6,0.17,OK
F03366,2027-02-04 22:00,G6,193.9,187,6.9,-2.6,0.20,OK
F03367,2027-02-04 22:00,G7,1.2,-2,3.2,-2.6,0.18,OK
F03368,2027-02-04 22:00,G8,8.3,0,8.3,-2.6,0.20,OK
F03369,2027-02-04 22:10,G1,1.2,0,1.2,-2.8,0.18,OK
F03370,2027-02-04 22:10,G2,4.9,1,3.9,-2.8,0.18,OK
F03371,2027-02-04 22:10,G3,7.8,-1,8.8,-2.8,0.18,OK
F03372,2027-02-04 22:10,G4,3.0,0,3.0,-2.8,0.24,OK
F03373,2027-02-04 22:10,G5,3.3,2,1.3,-2.8,0.18,OK
F03374,2027-02-04 22:10,G6,192.0,187,5.0,-2.8,0.21,OK
F03375,2027-02-04 22:10,G7,5.5,-2,7.5,-2.8,0.21,OK
F03376,2027-02-04 22:10,G8,8.4,0,8.4,-2.8,0.22,OK
F03377,2027-02-04 22:20,G1,3.7,0,3.7,-2.9,0.17,OK
F03378,2027-02-04 22:20,G2,3.4,1,2.4,-2.9,0.18,OK
F03379,2027-02-04 22:20,G3,7.5,-1,8.5,-2.9,0.18,OK
F03380,2027-02-04 22:20,G4,1.9,0,1.9,-2.9,0.21,OK
F03381,2027-02-04 22:20,G5,11.9,2,9.9,-2.9,0.17,OK
F03382,2027-02-04 22:20,G6,191.3,187,4.3,-2.9,0.19,OK
F03383,2027-02-04 22:20,G7,4.9,-2,6.9,-2.9,0.19,OK
F03384,2027-02-04 22:20,G8,4.0,0,4.0,-2.9,0.17,OK
F03385,2027-02-04 22:30,G1,-0.0,0,-0.0,-3.1,0.19,OK
F03386,2027-02-04 22:30,G2,4.3,1,3.3,-3.1,0.22,OK
F03387,2027-02-04 22:30,G3,2.4,-1,3.4,-3.1,0.16,OK
F03388,2027-02-04 22:30,G4,7.5,0,7.5,-3.1,0.17,OK
F03389,2027-02-04 22:30,G5,11.4,2,9.4,-3.1,0.18,OK
F03390,2027-02-04 22:30,G6,192.1,187,5.1,-3.1,0.23,OK
F03391,2027-02-04 22:30,G7,6.4,-2,8.4,-3.1,0.22,OK
F03392,2027-02-04 22:30,G8,7.2,0,7.2,-3.1,0.20,OK
F03393,2027-02-04 22:40,G1,5.8,0,5.8,-3.2,0.22,OK
F03394,2027-02-04 22:40,G2,1.2,1,0.2,-3.2,0.20,OK
F03395,2027-02-04 22:40,G3,0.9,-1,1.9,-3.2,0.21,OK
F03396,2027-02-04 22:40,G4,8.8,0,8.8,-3.2,0.23,OK
F03397,2027-02-04 22:40,G5,3.5,2,1.5,-3.2,0.22,OK
F03398,2027-02-04 22:40,G6,194.9,187,7.9,-3.2,0.22,OK
F03399,2027-02-04 22:40,G7,3.9,-2,5.9,-3.2,0.23,OK
F03400,2027-02-04 22:40,G8,4.8,0,4.8,-3.2,0.18,OK
F03401,2027-02-04 22:50,G1,5.6,0,5.6,-3.4,0.21,OK
F03402,2027-02-04 22:50,G2,6.9,1,5.9,-3.4,0.24,OK
F03403,2027-02-04 22:50,G3,6.4,-1,7.4,-3.4,0.24,OK
F03404,2027-02-04 22:50,G4,3.8,0,3.8,-3.4,0.23,OK
F03405,2027-02-04 22:50,G5,6.6,2,4.6,-3.4,0.20,OK
F03406,2027-02-04 22:50,G6,187.6,187,0.6,-3.4,0.18,OK
F03407,2027-02-04 22:50,G7,1.0,-2,3.0,-3.4,0.21,OK
F03408,2027-02-04 22:50,G8,8.6,0,8.6,-3.4,0.23,OK
F03409,2027-02-04 23:00,G1,6.6,0,6.6,-3.6,0.18,OK
F03410,2027-02-04 23:00,G2,8.5,1,7.5,-3.6,0.23,OK
F03411,2027-02-04 23:00,G3,1.9,-1,2.9,-3.6,0.22,OK
F03412,2027-02-04 23:00,G4,-0.3,0,-0.3,-3.6,0.21,OK
F03413,2027-02-04 23:00,G5,4.0,2,2.0,-3.6,0.21,OK
F03414,2027-02-04 23:00,G6,190.0,187,3.0,-3.6,0.21,OK
F03415,2027-02-04 23:00,G7,1.8,-2,3.8,-3.6,0.17,OK
F03416,2027-02-04 23:00,G8,1.5,0,1.5,-3.6,0.20,OK
F03417,2027-02-04 23:10,G1,-1.2,0,-1.2,-3.8,0.18,OK
F03418,2027-02-04 23:10,G2,0.4,1,-0.6,-3.8,0.16,OK
F03419,2027-02-04 23:10,G3,3.9,-1,4.9,-3.8,0.24,OK
F03420,2027-02-04 23:10,G4,1.2,0,1.2,-3.8,0.17,OK
F03421,2027-02-04 23:10,G5,4.7,2,2.7,-3.8,0.19,OK
F03422,2027-02-04 23:10,G6,187.3,187,0.3,-3.8,0.23,OK
F03423,2027-02-04 23:10,G7,-1.0,-2,1.0,-3.8,0.21,OK
F03424,2027-02-04 23:10,G8,0.7,0,0.7,-3.8,0.19,OK
F03425,2027-02-04 23:20,G1,4.3,0,4.3,-4.0,0.24,OK
F03426,2027-02-04 23:20,G2,1.1,1,0.1,-4.0,0.16,OK
F03427,2027-02-04 23:20,G3,-2.7,-1,-1.7,-4.0,0.23,OK
F03428,2027-02-04 23:20,G4,-1.1,0,-1.1,-4.0,0.16,OK
F03429,2027-02-04 23:20,G5,2.4,2,0.4,-4.0,0.23,OK
F03430,2027-02-04 23:20,G6,192.7,187,5.7,-4.0,0.17,OK
F03431,2027-02-04 23:20,G7,-1.1,-2,0.9,-4.0,0.19,OK
F03432,2027-02-04 23:20,G8,-0.2,0,-0.2,-4.0,0.19,OK
F03433,2027-02-04 23:30,G1,5.9,0,5.9,-4.2,0.16,OK
F03434,2027-02-04 23:30,G2,1.5,1,0.5,-4.2,0.21,OK
F03435,2027-02-04 23:30,G3,3.6,-1,4.6,-4.2,0.20,OK
F03436,2027-02-04 23:30,G4,1.6,0,1.6,-4.2,0.20,OK
F03437,2027-02-04 23:30,G5,2.0,2,0.0,-4.2,0.18,OK
F03438,2027-02-04 23:30,G6,188.4,187,1.4,-4.2,0.20,OK
F03439,2027-02-04 23:30,G7,0.7,-2,2.7,-4.2,0.19,OK
F03440,2027-02-04 23:30,G8,6.9,0,6.9,-4.2,0.18,OK
F03441,2027-02-04 23:40,G1,-2.6,0,-2.6,-4.4,0.21,OK
F03442,2027-02-04 23:40,G2,-0.4,1,-1.4,-4.4,0.18,OK
F03443,2027-02-04 23:40,G3,-2.6,-1,-1.6,-4.4,0.20,OK
F03444,2027-02-04 23:40,G4,-1.3,0,-1.3,-4.4,0.23,OK
F03445,2027-02-04 23:40,G5,4.3,2,2.3,-4.4,0.22,OK
F03446,2027-02-04 23:40,G6,188.3,187,1.3,-4.4,0.21,OK
F03447,2027-02-04 23:40,G7,-2.1,-2,-0.1,-4.4,0.23,OK
F03448,2027-02-04 23:40,G8,-2.4,0,-2.4,-4.4,0.20,OK
F03449,2027-02-04 23:50,G1,-0.3,0,-0.3,-4.6,0.21,OK
F03450,2027-02-04 23:50,G2,-2.2,1,-3.2,-4.6,0.24,OK
F03451,2027-02-04 23:50,G3,-4.5,-1,-3.5,-4.6,0.23,OK
F03452,2027-02-04 23:50,G4,3.7,0,3.7,-4.6,0.21,OK
F03453,2027-02-04 23:50,G5,-0.7,2,-2.7,-4.6,0.21,OK
F03454,2027-02-04 23:50,G6,184.3,187,-2.7,-4.6,0.21,OK
F03455,2027-02-04 23:50,G7,-3.8,-2,-1.8,-4.6,0.17,OK
F03456,2027-02-04 23:50,G8,1.6,0,1.6,-4.6,0.22,OK
F03457,2027-02-05 00:00,G1,3.3,0,3.3,-4.8,0.21,OK
F03458,2027-02-05 00:00,G2,-1.9,1,-2.9,-4.8,0.17,OK
F03459,2027-02-05 00:00,G3,-4.4,-1,-3.4,-4.8,0.18,OK
F03460,2027-02-05 00:00,G4,5.1,0,5.1,-4.8,0.21,OK
F03461,2027-02-05 00:00,G5,-0.5,2,-2.5,-4.8,0.22,OK
F03462,2027-02-05 00:00,G6,189.2,187,2.2,-4.8,0.22,OK
F03463,2027-02-05 00:00,G7,-4.4,-2,-2.4,-4.8,0.17,OK
F03464,2027-02-05 00:00,G8,-1.9,0,-1.9,-4.8,0.23,OK
F03465,2027-02-05 00:10,G1,1.9,0,1.9,-5.0,0.16,OK
F03466,2027-02-05 00:10,G2,4.0,1,3.0,-5.0,0.17,OK
F03467,2027-02-05 00:10,G3,2.4,-1,3.4,-5.0,0.17,OK
F03468,2027-02-05 00:10,G4,1.8,0,1.8,-5.0,0.16,OK
F03469,2027-02-05 00:10,G5,-1.4,2,-3.4,-5.0,0.18,OK
F03470,2027-02-05 00:10,G6,188.6,187,1.6,-5.0,0.18,OK
F03471,2027-02-05 00:10,G7,-3.1,-2,-1.1,-5.0,0.22,OK
F03472,2027-02-05 00:10,G8,4.4,0,4.4,-5.0,0.18,OK
F03473,2027-02-05 00:20,G1,-3.7,0,-3.7,-5.2,0.16,OK
F03474,2027-02-05 00:20,G2,4.0,1,3.0,-5.2,0.17,OK
F03475,2027-02-05 00:20,G3,-4.5,-1,-3.5,-5.2,0.22,OK
F03476,2027-02-05 00:20,G4,-3.9,0,-3.9,-5.2,0.18,OK
F03477,2027-02-05 00:20,G5,-1.8,2,-3.8,-5.2,0.19,OK
F03478,2027-02-05 00:20,G6,190.6,187,3.6,-5.2,0.21,OK
F03479,2027-02-05 00:20,G7,-4.7,-2,-2.7,-5.2,0.19,OK
F03480,2027-02-05 00:20,G8,0.8,0,0.8,-5.2,0.20,OK
F03481,2027-02-05 00:30,G1,-1.1,0,-1.1,-5.5,0.18,OK
F03482,2027-02-05 00:30,G2,-4.0,1,-5.0,-5.5,0.20,OK
F03483,2027-02-05 00:30,G3,-0.2,-1,0.8,-5.5,0.18,OK
F03484,2027-02-05 00:30,G4,-3.2,0,-3.2,-5.5,0.23,OK
F03485,2027-02-05 00:30,G5,2.3,2,0.3,-5.5,0.17,OK
F03486,2027-02-05 00:30,G6,185.6,187,-1.4,-5.5,0.24,OK
F03487,2027-02-05 00:30,G7,-0.1,-2,1.9,-5.5,0.21,OK
F03488,2027-02-05 00:30,G8,0.9,0,0.9,-5.5,0.19,OK
F03489,2027-02-05 00:40,G1,-0.2,0,-0.2,-5.7,0.22,OK
F03490,2027-02-05 00:40,G2,2.4,1,1.4,-5.7,0.20,OK
F03491,2027-02-05 00:40,G3,0.0,-1,1.0,-5.7,0.17,OK
F03492,2027-02-05 00:40,G4,-0.7,0,-0.7,-5.7,0.19,OK
F03493,2027-02-05 00:40,G5,4.3,2,2.3,-5.7,0.23,OK
F03494,2027-02-05 00:40,G6,180.8,187,-6.2,-5.7,0.22,OK
F03495,2027-02-05 00:40,G7,0.4,-2,2.4,-5.7,0.16,OK
F03496,2027-02-05 00:40,G8,-3.5,0,-3.5,-5.7,0.23,OK
F03497,2027-02-05 00:50,G1,-2.5,0,-2.5,-6.0,0.24,OK
F03498,2027-02-05 00:50,G2,2.4,1,1.4,-6.0,0.23,OK
F03499,2027-02-05 00:50,G3,-0.2,-1,0.8,-6.0,0.16,OK
F03500,2027-02-05 00:50,G4,-4.4,0,-4.4,-6.0,0.18,OK
F03501,2027-02-05 00:50,G5,-2.8,2,-4.8,-6.0,0.22,OK
F03502,2027-02-05 00:50,G6,181.4,187,-5.6,-6.0,0.16,OK
F03503,2027-02-05 00:50,G7,-7.4,-2,-5.4,-6.0,0.20,OK
F03504,2027-02-05 00:50,G8,1.1,0,1.1,-6.0,0.22,OK
F03505,2027-02-05 01:00,G1,-6.3,0,-6.3,-6.2,0.17,OK
F03506,2027-02-05 01:00,G2,-5.8,1,-6.8,-6.2,0.22,OK
F03507,2027-02-05 01:00,G3,-4.3,-1,-3.3,-6.2,0.19,OK
F03508,2027-02-05 01:00,G4,0.2,0,0.2,-6.2,0.21,OK
F03509,2027-02-05 01:00,G5,-3.8,2,-5.8,-6.2,0.16,OK
F03510,2027-02-05 01:00,G6,187.5,187,0.5,-6.2,0.20,OK
F03511,2027-02-05 01:00,G7,-2.8,-2,-0.8,-6.2,0.17,OK
F03512,2027-02-05 01:00,G8,-3.9,0,-3.9,-6.2,0.19,OK
F03513,2027-02-05 01:10,G1,1.3,0,1.3,-6.5,0.23,OK
F03514,2027-02-05 01:10,G2,-2.3,1,-3.3,-6.5,0.22,OK
F03515,2027-02-05 01:10,G3,-0.4,-1,0.6,-6.5,0.22,OK
F03516,2027-02-05 01:10,G4,0.7,0,0.7,-6.5,0.20,OK
F03517,2027-02-05 01:10,G5,-0.7,2,-2.7,-6.5,0.22,OK
F03518,2027-02-05 01:10,G6,184.0,187,-3.0,-6.5,0.21,OK
F03519,2027-02-05 01:10,G7,-6.6,-2,-4.6,-6.5,0.16,OK
F03520,2027-02-05 01:10,G8,-6.9,0,-6.9,-6.5,0.23,OK
F03521,2027-02-05 01:20,G1,-1.5,0,-1.5,-6.7,0.17,OK
F03522,2027-02-05 01:20,G2,-1.8,1,-2.8,-6.7,0.19,OK
F03523,2027-02-05 01:20,G3,-4.3,-1,-3.3,-6.7,0.19,OK
F03524,2027-02-05 01:20,G4,-5.1,0,-5.1,-6.7,0.17,OK
F03525,2027-02-05 01:20,G5,-5.4,2,-7.4,-6.7,0.18,OK
F03526,2027-02-05 01:20,G6,180.6,187,-6.4,-6.7,0.20,OK
F03527,2027-02-05 01:20,G7,-2.7,-2,-0.7,-6.7,0.23,OK
F03528,2027-02-05 01:20,G8,-9.1,0,-9.1,-6.7,0.20,OK
F03529,2027-02-05 01:30,G1,-2.7,0,-2.7,-7.0,0.21,OK
F03530,2027-02-05 01:30,G2,-4.7,1,-5.7,-7.0,0.19,OK
F03531,2027-02-05 01:30,G3,-1.8,-1,-0.8,-7.0,0.18,OK
F03532,2027-02-05 01:30,G4,-1.5,0,-1.5,-7.0,0.23,OK
F03533,2027-02-05 01:30,G5,-5.5,2,-7.5,-7.0,0.17,OK
F03534,2027-02-05 01:30,G6,185.2,187,-1.8,-7.0,0.21,OK
F03535,2027-02-05 01:30,G7,-10.7,-2,-8.7,-7.0,0.18,OK
F03536,2027-02-05 01:30,G8,-5.7,0,-5.7,-7.0,0.23,OK
F03537,2027-02-05 01:40,G1,-5.6,0,-5.6,-7.2,0.24,OK
F03538,2027-02-05 01:40,G2,-2.7,1,-3.7,-7.2,0.24,OK
F03539,2027-02-05 01:40,G3,-7.1,-1,-6.1,-7.2,0.23,OK
F03540,2027-02-05 01:40,G4,-5.6,0,-5.6,-7.2,0.18,OK
F03541,2027-02-05 01:40,G5,-5.8,2,-7.8,-7.2,0.19,OK
F03542,2027-02-05 01:40,G6,184.2,187,-2.8,-7.2,0.22,OK
F03543,2027-02-05 01:40,G7,-4.9,-2,-2.9,-7.2,0.20,OK
F03544,2027-02-05 01:40,G8,-10.1,0,-10.1,-7.2,0.20,OK
F03545,2027-02-05 01:50,G1,-2.6,0,-2.6,-7.5,0.21,OK
F03546,2027-02-05 01:50,G2,-3.5,1,-4.5,-7.5,0.22,OK
F03547,2027-02-05 01:50,G3,-8.1,-1,-7.1,-7.5,0.17,OK
F03548,2027-02-05 01:50,G4,-4.6,0,-4.6,-7.5,0.20,OK
F03549,2027-02-05 01:50,G5,-8.6,2,-10.6,-7.5,0.17,OK
F03550,2027-02-05 01:50,G6,176.7,187,-10.3,-7.5,0.22,OK
F03551,2027-02-05 01:50,G7,-13.3,-2,-11.3,-7.5,0.19,OK
F03552,2027-02-05 01:50,G8,-3.2,0,-3.2,-7.5,0.17,OK
F03553,2027-02-05 02:00,G1,-6.0,0,-6.0,-7.8,0.18,OK
F03554,2027-02-05 02:00,G2,-7.5,1,-8.5,-7.8,0.21,OK
F03555,2027-02-05 02:00,G3,-6.2,-1,-5.2,-7.8,0.22,OK
F03556,2027-02-05 02:00,G4,-6.2,0,-6.2,-7.8,0.20,OK
F03557,2027-02-05 02:00,G5,-5.9,2,-7.9,-7.8,0.19,OK
F03558,2027-02-05 02:00,G6,183.6,187,-3.4,-7.8,0.21,OK
F03559,2027-02-05 02:00,G7,-13.8,-2,-11.8,-7.8,0.20,OK
F03560,2027-02-05 02:00,G8,-10.6,0,-10.6,-7.8,0.22,OK
F03561,2027-02-05 02:10,G1,-8.3,0,-8.3,-8.0,0.19,OK
F03562,2027-02-05 02:10,G2,-2.1,1,-3.1,-8.0,0.22,OK
F03563,2027-02-05 02:10,G3,-9.1,-1,-8.1,-8.0,0.16,OK
F03564,2027-02-05 02:10,G4,-11.0,0,-11.0,-8.0,0.18,OK
F03565,2027-02-05 02:10,G5,-3.5,2,-5.5,-8.0,0.23,OK
F03566,2027-02-05 02:10,G6,180.7,187,-6.3,-8.0,0.21,OK
F03567,2027-02-05 02:10,G7,-13.4,-2,-11.4,-8.0,0.17,OK
F03568,2027-02-05 02:10,G8,-11.5,0,-11.5,-8.0,0.22,OK
F03569,2027-02-05 02:20,G1,-9.2,0,-9.2,-8.3,0.17,OK
F03570,2027-02-05 02:20,G2,-10.0,1,-11.0,-8.3,0.21,OK
F03571,2027-02-05 02:20,G3,-9.7,-1,-8.7,-8.3,0.19,OK
F03572,2027-02-05 02:20,G4,-10.3,0,-10.3,-8.3,0.16,OK
F03573,2027-02-05 02:20,G5,-3.2,2,-5.2,-8.3,0.16,OK
F03574,2027-02-05 02:20,G6,182.0,187,-5.0,-8.3,0.19,OK
F03575,2027-02-05 02:20,G7,-15.4,-2,-13.4,-8.3,0.20,OK
F03576,2027-02-05 02:20,G8,-13.3,0,-13.3,-8.3,0.20,OK
F03577,2027-02-05 02:30,G1,-8.7,0,-8.7,-8.5,0.23,OK
F03578,2027-02-05 02:30,G2,-6.1,1,-7.1,-8.5,0.23,OK
F03579,2027-02-05 02:30,G3,-5.9,-1,-4.9,-8.5,0.17,OK
F03580,2027-02-05 02:30,G4,-9.8,0,-9.8,-8.5,0.19,OK
F03581,2027-02-05 02:30,G5,-3.4,2,-5.4,-8.5,0.19,OK
F03582,2027-02-05 02:30,G6,178.7,187,-8.3,-8.5,0.23,OK
F03583,2027-02-05 02:30,G7,-11.0,-2,-9.0,-8.5,0.16,OK
F03584,2027-02-05 02:30,G8,-12.1,0,-12.1,-8.5,0.18,OK
F03585,2027-02-05 02:40,G1,-6.1,0,-6.1,-8.8,0.20,OK
F03586,2027-02-05 02:40,G2,-7.7,1,-8.7,-8.8,0.18,OK
F03587,2027-02-05 02:40,G3,-11.1,-1,-10.1,-8.8,0.22,OK
F03588,2027-02-05 02:40,G4,-13.1,0,-13.1,-8.8,0.22,OK
F03589,2027-02-05 02:40,G5,-7.4,2,-9.4,-8.8,0.21,OK
F03590,2027-02-05 02:40,G6,176.0,187,-11.0,-8.8,0.22,OK
F03591,2027-02-05 02:40,G7,-8.8,-2,-6.8,-8.8,0.21,OK
F03592,2027-02-05 02:40,G8,-12.4,0,-12.4,-8.8,0.24,OK
F03593,2027-02-05 02:50,G1,-9.5,0,-9.5,-9.1,0.19,OK
F03594,2027-02-05 02:50,G2,-8.7,1,-9.7,-9.1,0.21,OK
F03595,2027-02-05 02:50,G3,-8.6,-1,-7.6,-9.1,0.18,OK
F03596,2027-02-05 02:50,G4,-13.8,0,-13.8,-9.1,0.20,OK
F03597,2027-02-05 02:50,G5,-7.7,2,-9.7,-9.1,0.22,OK
F03598,2027-02-05 02:50,G6,175.1,187,-11.9,-9.1,0.22,OK
F03599,2027-02-05 02:50,G7,-10.4,-2,-8.4,-9.1,0.16,OK
F03600,2027-02-05 02:50,G8,-11.8,0,-11.8,-9.1,0.18,OK
F03601,2027-02-05 03:00,G1,-9.2,0,-9.2,-9.3,0.17,OK
F03602,2027-02-05 03:00,G2,-4.4,1,-5.4,-9.3,0.16,OK
F03603,2027-02-05 03:00,G3,-15.6,-1,-14.6,-9.3,0.17,OK
F03604,2027-02-05 03:00,G4,-9.8,0,-9.8,-9.3,0.23,OK
F03605,2027-02-05 03:00,G5,-7.8,2,-9.8,-9.3,0.22,OK
F03606,2027-02-05 03:00,G6,174.8,187,-12.2,-9.3,0.20,OK
F03607,2027-02-05 03:00,G7,-10.3,-2,-8.3,-9.3,0.19,OK
F03608,2027-02-05 03:00,G8,-13.9,0,-13.9,-9.3,0.22,OK
F03609,2027-02-05 03:10,G1,-13.2,0,-13.2,-9.6,0.18,OK
F03610,2027-02-05 03:10,G2,-10.2,1,-11.2,-9.6,0.22,OK
F03611,2027-02-05 03:10,G3,-10.7,-1,-9.7,-9.6,0.17,OK
F03612,2027-02-05 03:10,G4,-15.2,0,-15.2,-9.6,0.21,OK
F03613,2027-02-05 03:10,G5,-10.9,2,-12.9,-9.6,0.17,OK
F03614,2027-02-05 03:10,G6,177.6,187,-9.4,-9.6,0.20,OK
F03615,2027-02-05 03:10,G7,-16.3,-2,-14.3,-9.6,0.23,OK
F03616,2027-02-05 03:10,G8,-12.9,0,-12.9,-9.6,0.23,OK
F03617,2027-02-05 03:20,G1,-7.7,0,-7.7,-9.8,0.20,OK
F03618,2027-02-05 03:20,G2,-10.1,1,-11.1,-9.8,0.17,OK
F03619,2027-02-05 03:20,G3,-12.0,-1,-11.0,-9.8,0.23,OK
F03620,2027-02-05 03:20,G4,-9.0,0,-9.0,-9.8,0.17,OK
F03621,2027-02-05 03:20,G5,-7.3,2,-9.3,-9.8,0.16,OK
F03622,2027-02-05 03:20,G6,174.7,187,-12.3,-9.8,0.24,OK
F03623,2027-02-05 03:20,G7,-13.2,-2,-11.2,-9.8,0.23,OK
F03624,2027-02-05 03:20,G8,-13.7,0,-13.7,-9.8,0.22,OK
F03625,2027-02-05 03:30,G1,-10.8,0,-10.8,-10.1,0.20,OK
F03626,2027-02-05 03:30,G2,-9.9,1,-10.9,-10.1,0.22,OK
F03627,2027-02-05 03:30,G3,-12.3,-1,-11.3,-10.1,0.22,OK
F03628,2027-02-05 03:30,G4,-15.8,0,-15.8,-10.1,0.17,OK
F03629,2027-02-05 03:30,G5,-11.8,2,-13.8,-10.1,0.16,OK
F03630,2027-02-05 03:30,G6,169.4,187,-17.6,-10.1,0.16,OK
F03631,2027-02-05 03:30,G7,-17.5,-2,-15.5,-10.1,0.24,OK
F03632,2027-02-05 03:30,G8,-15.7,0,-15.7,-10.1,0.18,OK
F03633,2027-02-05 03:40,G1,-11.3,0,-11.3,-10.3,0.24,OK
F03634,2027-02-05 03:40,G2,-9.7,1,-10.7,-10.3,0.20,OK
F03635,2027-02-05 03:40,G3,-13.1,-1,-12.1,-10.3,0.24,OK
F03636,2027-02-05 03:40,G4,-15.2,0,-15.2,-10.3,0.18,OK
F03637,2027-02-05 03:40,G5,-7.5,2,-9.5,-10.3,0.20,OK
F03638,2027-02-05 03:40,G6,171.2,187,-15.8,-10.3,0.17,OK
F03639,2027-02-05 03:40,G7,-18.6,-2,-16.6,-10.3,0.18,OK
F03640,2027-02-05 03:40,G8,-14.3,0,-14.3,-10.3,0.23,OK
F03641,2027-02-05 03:50,G1,-9.5,0,-9.5,-10.5,0.23,OK
F03642,2027-02-05 03:50,G2,-15.0,1,-16.0,-10.5,0.20,OK
F03643,2027-02-05 03:50,G3,-9.6,-1,-8.6,-10.5,0.21,OK
F03644,2027-02-05 03:50,G4,-12.4,0,-12.4,-10.5,0.18,OK
F03645,2027-02-05 03:50,G5,-12.5,2,-14.5,-10.5,0.23,OK
F03646,2027-02-05 03:50,G6,172.0,187,-15.0,-10.5,0.19,OK
F03647,2027-02-05 03:50,G7,-18.6,-2,-16.6,-10.5,0.17,OK
F03648,2027-02-05 03:50,G8,-19.1,0,-19.1,-10.5,0.19,OK
F03649,2027-02-05 04:00,G1,-15.3,0,-15.3,-10.8,0.21,OK
F03650,2027-02-05 04:00,G2,-14.2,1,-15.2,-10.8,0.17,OK
F03651,2027-02-05 04:00,G3,-11.6,-1,-10.6,-10.8,0.18,OK
F03652,2027-02-05 04:00,G4,-17.5,0,-17.5,-10.8,0.22,OK
F03653,2027-02-05 04:00,G5,-10.8,2,-12.8,-10.8,0.22,OK
F03654,2027-02-05 04:00,G6,170.8,187,-16.2,-10.8,0.20,OK
F03655,2027-02-05 04:00,G7,-16.8,-2,-14.8,-10.8,0.23,OK
F03656,2027-02-05 04:00,G8,-12.8,0,-12.8,-10.8,0.23,OK
F03657,2027-02-05 04:10,G1,-10.1,0,-10.1,-11.0,0.20,OK
F03658,2027-02-05 04:10,G2,-12.4,1,-13.4,-11.0,0.22,OK
F03659,2027-02-05 04:10,G3,-17.4,-1,-16.4,-11.0,0.20,OK
F03660,2027-02-05 04:10,G4,-18.1,0,-18.1,-11.0,0.23,OK
F03661,2027-02-05 04:10,G5,-17.6,2,-19.6,-11.0,0.17,OK
F03662,2027-02-05 04:10,G6,169.1,187,-17.9,-11.0,0.20,OK
F03663,2027-02-05 04:10,G7,-16.2,-2,-14.2,-11.0,0.20,OK
F03664,2027-02-05 04:10,G8,-14.8,0,-14.8,-11.0,0.19,OK
F03665,2027-02-05 04:20,G1,-9.0,0,-9.0,-11.2,0.17,OK
F03666,2027-02-05 04:20,G2,-14.2,1,-15.2,-11.2,0.22,OK
F03667,2027-02-05 04:20,G3,-15.1,-1,-14.1,-11.2,0.20,OK
F03668,2027-02-05 04:20,G4,-11.5,0,-11.5,-11.2,0.23,OK
F03669,2027-02-05 04:20,G5,-13.4,2,-15.4,-11.2,0.23,OK
F03670,2027-02-05 04:20,G6,171.8,187,-15.2,-11.2,0.19,OK
F03671,2027-02-05 04:20,G7,-21.5,-2,-19.5,-11.2,0.20,OK
F03672,2027-02-05 04:20,G8,-16.9,0,-16.9,-11.2,0.17,OK
F03673,2027-02-05 04:30,G1,-13.0,0,-13.0,-11.4,0.19,OK
F03674,2027-02-05 04:30,G2,-13.3,1,-14.3,-11.4,0.21,OK
F03675,2027-02-05 04:30,G3,-13.2,-1,-12.2,-11.4,0.16,OK
F03676,2027-02-05 04:30,G4,-14.8,0,-14.8,-11.4,0.21,OK
F03677,2027-02-05 04:30,G5,-12.0,2,-14.0,-11.4,0.19,OK
F03678,2027-02-05 04:30,G6,167.2,187,-19.8,-11.4,0.22,OK
F03679,2027-02-05 04:30,G7,-16.4,-2,-14.4,-11.4,0.19,OK
F03680,2027-02-05 04:30,G8,-23.1,0,-23.1,-11.4,0.21,OK
F03681,2027-02-05 04:40,G1,-18.3,0,-18.3,-11.6,0.22,OK
F03682,2027-02-05 04:40,G2,-15.2,1,-16.2,-11.6,0.22,OK
F03683,2027-02-05 04:40,G3,-14.8,-1,-13.8,-11.6,0.17,OK
F03684,2027-02-05 04:40,G4,-15.3,0,-15.3,-11.6,0.16,OK
F03685,2027-02-05 04:40,G5,-19.0,2,-21.0,-11.6,0.24,OK
F03686,2027-02-05 04:40,G6,164.8,187,-22.2,-11.6,0.19,OK
F03687,2027-02-05 04:40,G7,-23.2,-2,-21.2,-11.6,0.22,OK
F03688,2027-02-05 04:40,G8,-18.9,0,-18.9,-11.6,0.18,OK
F03689,2027-02-05 04:50,G1,-13.8,0,-13.8,-11.8,0.24,OK
F03690,2027-02-05 04:50,G2,-14.0,1,-15.0,-11.8,0.19,OK
F03691,2027-02-05 04:50,G3,-21.0,-1,-20.0,-11.8,0.19,OK
F03692,2027-02-05 04:50,G4,-16.3,0,-16.3,-11.8,0.18,OK
F03693,2027-02-05 04:50,G5,-11.9,2,-13.9,-11.8,0.22,OK
F03694,2027-02-05 04:50,G6,165.9,187,-21.1,-11.8,0.21,OK
F03695,2027-02-05 04:50,G7,-25.3,-2,-23.3,-11.8,0.19,OK
F03696,2027-02-05 04:50,G8,-19.2,0,-19.2,-11.8,0.21,OK
F03697,2027-02-05 05:00,G1,-18.0,0,-18.0,-12.0,0.20,OK
F03698,2027-02-05 05:00,G2,-17.7,1,-18.7,-12.0,0.20,OK
F03699,2027-02-05 05:00,G3,-15.2,-1,-14.2,-12.0,0.20,OK
F03700,2027-02-05 05:00,G4,-14.8,0,-14.8,-12.0,0.17,OK
F03701,2027-02-05 05:00,G5,-19.3,2,-21.3,-12.0,0.19,OK
F03702,2027-02-05 05:00,G6,169.3,187,-17.7,-12.0,0.22,OK
F03703,2027-02-05 05:00,G7,-22.0,-2,-20.0,-12.0,0.21,OK
F03704,2027-02-05 05:00,G8,-18.6,0,-18.6,-12.0,0.16,OK
F03705,2027-02-05 05:10,G1,-12.4,0,-12.4,-12.2,0.21,OK
F03706,2027-02-05 05:10,G2,-10.7,1,-11.7,-12.2,0.22,OK
F03707,2027-02-05 05:10,G3,-16.7,-1,-15.7,-12.2,0.20,OK
F03708,2027-02-05 05:10,G4,-14.7,0,-14.7,-12.2,0.23,OK
F03709,2027-02-05 05:10,G5,-14.1,2,-16.1,-12.2,0.22,OK
F03710,2027-02-05 05:10,G6,170.1,187,-16.9,-12.2,0.18,OK
F03711,2027-02-05 05:10,G7,-21.9,-2,-19.9,-12.2,0.21,OK
F03712,2027-02-05 05:10,G8,-23.4,0,-23.4,-12.2,0.23,OK
F03713,2027-02-05 05:20,G1,-19.6,0,-19.6,-12.4,0.20,OK
F03714,2027-02-05 05:20,G2,-12.6,1,-13.6,-12.4,0.19,OK
F03715,2027-02-05 05:20,G3,-14.1,-1,-13.1,-12.4,0.21,OK
F03716,2027-02-05 05:20,G4,-21.3,0,-21.3,-12.4,0.21,OK
F03717,2027-02-05 05:20,G5,-13.8,2,-15.8,-12.4,0.22,OK
F03718,2027-02-05 05:20,G6,166.3,187,-20.7,-12.4,0.20,OK
F03719,2027-02-05 05:20,G7,-22.2,-2,-20.2,-12.4,0.20,OK
F03720,2027-02-05 05:20,G8,-19.4,0,-19.4,-12.4,0.19,OK
F03721,2027-02-05 05:30,G1,-20.4,0,-20.4,-12.5,0.21,OK
F03722,2027-02-05 05:30,G2,-19.6,1,-20.6,-12.5,0.23,OK
F03723,2027-02-05 05:30,G3,-20.5,-1,-19.5,-12.5,0.20,OK
F03724,2027-02-05 05:30,G4,-21.6,0,-21.6,-12.5,0.16,OK
F03725,2027-02-05 05:30,G5,-14.8,2,-16.8,-12.5,0.18,OK
F03726,2027-02-05 05:30,G6,166.9,187,-20.1,-12.5,0.23,OK
F03727,2027-02-05 05:30,G7,-21.2,-2,-19.2,-12.5,0.20,OK
F03728,2027-02-05 05:30,G8,-21.3,0,-21.3,-12.5,0.22,OK
F03729,2027-02-05 05:40,G1,-16.8,0,-16.8,-12.7,0.21,OK
F03730,2027-02-05 05:40,G2,-15.8,1,-16.8,-12.7,0.20,OK
F03731,2027-02-05 05:40,G3,-23.6,-1,-22.6,-12.7,0.19,OK
F03732,2027-02-05 05:40,G4,-21.8,0,-21.8,-12.7,0.17,OK
F03733,2027-02-05 05:40,G5,-20.2,2,-22.2,-12.7,0.22,OK
F03734,2027-02-05 05:40,G6,162.6,187,-24.4,-12.7,0.22,OK
F03735,2027-02-05 05:40,G7,-21.8,-2,-19.8,-12.7,0.19,OK
F03736,2027-02-05 05:40,G8,-24.0,0,-24.0,-12.7,0.22,OK
F03737,2027-02-05 05:50,G1,-20.0,0,-20.0,-12.8,0.17,OK
F03738,2027-02-05 05:50,G2,-16.3,1,-17.3,-12.8,0.23,OK
F03739,2027-02-05 05:50,G3,-22.1,-1,-21.1,-12.8,0.21,OK
F03740,2027-02-05 05:50,G4,-19.9,0,-19.9,-12.8,0.17,OK
F03741,2027-02-05 05:50,G5,-14.3,2,-16.3,-12.8,0.19,OK
F03742,2027-02-05 05:50,G6,161.9,187,-25.1,-12.8,0.20,OK
F03743,2027-02-05 05:50,G7,-24.5,-2,-22.5,-12.8,0.20,OK
F03744,2027-02-05 05:50,G8,-22.3,0,-22.3,-12.8,0.18,OK
F03745,2027-02-05 06:00,G1,5.4,0,5.4,-13.0,0.71,OK
F03746,2027-02-05 06:00,G2,14.5,1,13.5,-13.0,0.72,OK
F03747,2027-02-05 06:00,G3,11.0,-1,12.0,-13.0,0.71,OK
F03748,2027-02-05 06:00,G4,22.6,0,22.6,-13.0,0.69,OK
F03749,2027-02-05 06:00,G5,28.8,2,26.8,-13.0,0.72,OK
F03750,2027-02-05 06:00,G6,221.8,187,34.8,-13.0,0.70,OK
F03751,2027-02-05 06:00,G7,13.9,-2,15.9,-13.0,0.71,OK
F03752,2027-02-05 06:00,G8,1.9,0,1.9,-13.0,0.71,OK
F03753,2027-02-05 06:10,G1,-14.4,0,-14.4,-13.1,0.24,OK
F03754,2027-02-05 06:10,G2,-19.6,1,-20.6,-13.1,0.17,OK
F03755,2027-02-05 06:10,G3,-20.1,-1,-19.1,-13.1,0.16,OK
F03756,2027-02-05 06:10,G4,-17.6,0,-17.6,-13.1,0.16,OK
F03757,2027-02-05 06:10,G5,-16.9,2,-18.9,-13.1,0.22,OK
F03758,2027-02-05 06:10,G6,162.6,187,-24.4,-13.1,0.18,OK
F03759,2027-02-05 06:10,G7,-26.2,-2,-24.2,-13.1,0.20,OK
F03760,2027-02-05 06:10,G8,-19.6,0,-19.6,-13.1,0.16,OK
F03761,2027-02-05 06:20,G1,10.8,0,10.8,-13.2,0.92,OK
F03762,2027-02-05 06:20,G2,17.8,1,16.8,-13.2,0.90,OK
F03763,2027-02-05 06:20,G3,22.2,-1,23.2,-13.2,0.93,OK
F03764,2027-02-05 06:20,G4,33.7,0,33.7,-13.2,0.89,OK
F03765,2027-02-05 06:20,G5,49.8,2,47.8,-13.2,0.86,OK
F03766,2027-02-05 06:20,G6,248.7,187,61.7,-13.2,0.89,OK
F03767,2027-02-05 06:20,G7,24.0,-2,26.0,-13.2,0.86,OK
F03768,2027-02-05 06:20,G8,13.8,0,13.8,-13.2,0.92,OK
F03769,2027-02-05 06:30,G1,-22.1,0,-22.1,-13.3,0.19,OK
F03770,2027-02-05 06:30,G2,-15.6,1,-16.6,-13.3,0.18,OK
F03771,2027-02-05 06:30,G3,-18.7,-1,-17.7,-13.3,0.20,OK
F03772,2027-02-05 06:30,G4,-22.2,0,-22.2,-13.3,0.16,OK
F03773,2027-02-05 06:30,G5,-15.3,2,-17.3,-13.3,0.19,OK
F03774,2027-02-05 06:30,G6,167.4,187,-19.6,-13.3,0.19,OK
F03775,2027-02-05 06:30,G7,-23.1,-2,-21.1,-13.3,0.21,OK
F03776,2027-02-05 06:30,G8,-23.9,0,-23.9,-13.3,0.22,OK
F03777,2027-02-05 06:40,G1,20.8,0,20.8,-13.4,1.05,OK
F03778,2027-02-05 06:40,G2,29.6,1,28.6,-13.4,1.07,OK
F03779,2027-02-05 06:40,G3,32.1,-1,33.1,-13.4,1.09,OK
F03780,2027-02-05 06:40,G4,55.3,0,55.3,-13.4,1.03,OK
F03781,2027-02-05 06:40,G5,61.8,2,59.8,-13.4,1.10,OK
F03782,2027-02-05 06:40,G6,266.8,187,79.8,-13.4,1.09,OK
F03783,2027-02-05 06:40,G7,35.0,-2,37.0,-13.4,1.11,OK
F03784,2027-02-05 06:40,G8,21.3,0,21.3,-13.4,1.04,OK
F03785,2027-02-05 06:50,G1,-20.0,0,-20.0,-13.5,0.18,OK
F03786,2027-02-05 06:50,G2,-14.4,1,-15.4,-13.5,0.20,OK
F03787,2027-02-05 06:50,G3,-17.5,-1,-16.5,-13.5,0.17,OK
F03788,2027-02-05 06:50,G4,-21.8,0,-21.8,-13.5,0.22,OK
F03789,2027-02-05 06:50,G5,-19.9,2,-21.9,-13.5,0.19,OK
F03790,2027-02-05 06:50,G6,160.3,187,-26.7,-13.5,0.19,OK
F03791,2027-02-05 06:50,G7,-23.6,-2,-21.6,-13.5,0.23,OK
F03792,2027-02-05 06:50,G8,-26.5,0,-26.5,-13.5,0.22,OK
F03793,2027-02-05 07:00,G1,7.4,0,7.4,-13.6,0.81,OK
F03794,2027-02-05 07:00,G2,17.6,1,16.6,-13.6,0.82,OK
F03795,2027-02-05 07:00,G3,16.2,-1,17.2,-13.6,0.79,OK
F03796,2027-02-05 07:00,G4,25.8,0,25.8,-13.6,0.78,OK
F03797,2027-02-05 07:00,G5,38.4,2,36.4,-13.6,0.82,OK
F03798,2027-02-05 07:00,G6,232.2,187,45.2,-13.6,0.76,OK
F03799,2027-02-05 07:00,G7,13.2,-2,15.2,-13.6,0.81,OK
F03800,2027-02-05 07:00,G8,7.8,0,7.8,-13.6,0.75,OK
F03801,2027-02-05 07:10,G1,-19.4,0,-19.4,-13.6,0.20,OK
F03802,2027-02-05 07:10,G2,-20.5,1,-21.5,-13.6,0.17,OK
F03803,2027-02-05 07:10,G3,-19.9,-1,-18.9,-13.6,0.21,OK
F03804,2027-02-05 07:10,G4,-24.8,0,-24.8,-13.6,0.20,OK
F03805,2027-02-05 07:10,G5,-23.8,2,-25.8,-13.6,0.23,OK
F03806,2027-02-05 07:10,G6,163.3,187,-23.7,-13.6,0.18,OK
F03807,2027-02-05 07:10,G7,-28.8,-2,-26.8,-13.6,0.17,OK
F03808,2027-02-05 07:10,G8,-22.1,0,-22.1,-13.6,0.20,OK
F03809,2027-02-05 07:20,G1,12.0,0,12.0,-13.7,0.95,OK
F03810,2027-02-05 07:20,G2,19.1,1,18.1,-13.7,0.95,OK
F03811,2027-02-05 07:20,G3,31.4,-1,32.4,-13.7,0.98,OK
F03812,2027-02-05 07:20,G4,42.9,0,42.9,-13.7,0.95,OK
F03813,2027-02-05 07:20,G5,58.3,2,56.3,-13.7,0.99,OK
F03814,2027-02-05 07:20,G6,252.2,187,65.2,-13.7,0.98,OK
F03815,2027-02-05 07:20,G7,25.7,-2,27.7,-13.7,0.93,OK
F03816,2027-02-05 07:20,G8,8.7,0,8.7,-13.7,0.94,OK
F03817,2027-02-05 07:30,G1,-16.7,0,-16.7,-13.7,0.19,OK
F03818,2027-02-05 07:30,G2,-18.1,1,-19.1,-13.7,0.23,OK
F03819,2027-02-05 07:30,G3,-19.4,-1,-18.4,-13.7,0.19,OK
F03820,2027-02-05 07:30,G4,-19.1,0,-19.1,-13.7,0.23,OK
F03821,2027-02-05 07:30,G5,-22.9,2,-24.9,-13.7,0.24,OK
F03822,2027-02-05 07:30,G6,159.9,187,-27.1,-13.7,0.20,OK
F03823,2027-02-05 07:30,G7,-24.8,-2,-22.8,-13.7,0.21,OK
F03824,2027-02-05 07:30,G8,-28.2,0,-28.2,-13.7,0.21,OK
F03825,2027-02-05 07:40,G1,-7.5,0,-7.5,-13.7,0.50,OK
F03826,2027-02-05 07:40,G2,-5.6,1,-6.6,-13.7,0.50,OK
F03827,2027-02-05 07:40,G3,-2.4,-1,-1.4,-13.7,0.52,OK
F03828,2027-02-05 07:40,G4,4.6,0,4.6,-13.7,0.51,OK
F03829,2027-02-05 07:40,G5,12.2,2,10.2,-13.7,0.47,OK
F03830,2027-02-05 07:40,G6,199.7,187,12.7,-13.7,0.54,OK
F03831,2027-02-05 07:40,G7,-4.0,-2,-2.0,-13.7,0.53,OK
F03832,2027-02-05 07:40,G8,-14.7,0,-14.7,-13.7,0.52,OK
F03833,2027-02-05 07:50,G1,-18.5,0,-18.5,-13.8,0.19,OK
F03834,2027-02-05 07:50,G2,-18.2,1,-19.2,-13.8,0.20,OK
F03835,2027-02-05 07:50,G3,-25.2,-1,-24.2,-13.8,0.22,OK
F03836,2027-02-05 07:50,G4,-18.4,0,-18.4,-13.8,0.21,OK
F03837,2027-02-05 07:50,G5,-22.1,2,-24.1,-13.8,0.23,OK
F03838,2027-02-05 07:50,G6,166.9,187,-20.1,-13.8,0.20,OK
F03839,2027-02-05 07:50,G7,-22.7,-2,-20.7,-13.8,0.23,OK
F03840,2027-02-05 07:50,G8,-28.0,0,-28.0,-13.8,0.21,OK
F03841,2027-02-05 08:00,G1,13.0,0,13.0,-13.8,0.86,OK
F03842,2027-02-05 08:00,G2,14.5,1,13.5,-13.8,0.83,OK
F03843,2027-02-05 08:00,G3,19.4,-1,20.4,-13.8,0.86,OK
F03844,2027-02-05 08:00,G4,33.0,0,33.0,-13.8,0.85,OK
F03845,2027-02-05 08:00,G5,47.1,2,45.1,-13.8,0.84,OK
F03846,2027-02-05 08:00,G6,235.7,187,48.7,-13.8,0.85,OK
F03847,2027-02-05 08:00,G7,20.9,-2,22.9,-13.8,0.84,OK
F03848,2027-02-05 08:00,G8,6.2,0,6.2,-13.8,0.82,OK
F03849,2027-02-05 08:10,G1,-15.3,0,-15.3,-13.8,0.20,OK
F03850,2027-02-05 08:10,G2,-19.1,1,-20.1,-13.8,0.18,OK
F03851,2027-02-05 08:10,G3,-22.2,-1,-21.2,-13.8,0.19,OK
F03852,2027-02-05 08:10,G4,-21.0,0,-21.0,-13.8,0.17,OK
F03853,2027-02-05 08:10,G5,-23.4,2,-25.4,-13.8,0.21,OK
F03854,2027-02-05 08:10,G6,161.0,187,-26.0,-13.8,0.19,OK
F03855,2027-02-05 08:10,G7,-29.9,-2,-27.9,-13.8,0.16,OK
F03856,2027-02-05 08:10,G8,-27.4,0,-27.4,-13.8,0.17,OK
F03857,2027-02-05 08:20,G1,13.3,0,13.3,-13.7,1.05,OK
F03858,2027-02-05 08:20,G2,26.5,1,25.5,-13.7,1.04,OK
F03859,2027-02-05 08:20,G3,35.2,-1,36.2,-13.7,1.05,OK
F03860,2027-02-05 08:20,G4,49.6,0,49.6,-13.7,1.05,OK
F03861,2027-02-05 08:20,G5,56.5,2,54.5,-13.7,1.02,OK
F03862,2027-02-05 08:20,G6,256.0,187,69.0,-13.7,1.03,OK
F03863,2027-02-05 08:20,G7,36.6,-2,38.6,-13.7,1.04,OK
F03864,2027-02-05 08:20,G8,16.3,0,16.3,-13.7,1.04,OK
F03865,2027-02-05 08:30,G1,-21.5,0,-21.5,-13.7,0.24,OK
F03866,2027-02-05 08:30,G2,-21.9,1,-22.9,-13.7,0.22,OK
F03867,2027-02-05 08:30,G3,-22.8,-1,-21.8,-13.7,0.23,OK
F03868,2027-02-05 08:30,G4,-21.3,0,-21.3,-13.7,0.17,OK
F03869,2027-02-05 08:30,G5,-16.6,2,-18.6,-13.7,0.16,OK
F03870,2027-02-05 08:30,G6,166.1,187,-20.9,-13.7,0.22,OK
F03871,2027-02-05 08:30,G7,-25.8,-2,-23.8,-13.7,0.23,OK
F03872,2027-02-05 08:30,G8,-24.0,0,-24.0,-13.7,0.19,OK
F03873,2027-02-05 08:40,G1,-1.7,0,-1.7,-13.7,0.53,OK
F03874,2027-02-05 08:40,G2,3.2,1,2.2,-13.7,0.54,OK
F03875,2027-02-05 08:40,G3,4.2,-1,5.2,-13.7,0.54,OK
F03876,2027-02-05 08:40,G4,5.0,0,5.0,-13.7,0.54,OK
F03877,2027-02-05 08:40,G5,15.2,2,13.2,-13.7,0.57,OK
F03878,2027-02-05 08:40,G6,208.6,187,21.6,-13.7,0.53,OK
F03879,2027-02-05 08:40,G7,-4.0,-2,-2.0,-13.7,0.54,OK
F03880,2027-02-05 08:40,G8,-4.3,0,-4.3,-13.7,0.53,OK
F03881,2027-02-05 08:50,G1,-15.1,0,-15.1,-13.6,0.21,OK
F03882,2027-02-05 08:50,G2,-16.4,1,-17.4,-13.6,0.18,OK
F03883,2027-02-05 08:50,G3,-18.8,-1,-17.8,-13.6,0.24,OK
F03884,2027-02-05 08:50,G4,-19.7,0,-19.7,-13.6,0.23,OK
F03885,2027-02-05 08:50,G5,-22.3,2,-24.3,-13.6,0.17,OK
F03886,2027-02-05 08:50,G6,163.2,187,-23.8,-13.6,0.19,OK
F03887,2027-02-05 08:50,G7,-24.5,-2,-22.5,-13.6,0.22,OK
F03888,2027-02-05 08:50,G8,-30.0,0,-30.0,-13.6,0.18,OK
F03889,2027-02-05 09:00,G1,14.6,0,14.6,-13.6,0.93,OK
F03890,2027-02-05 09:00,G2,16.4,1,15.4,-13.6,0.87,OK
F03891,2027-02-05 09:00,G3,25.1,-1,26.1,-13.6,0.87,OK
F03892,2027-02-05 09:00,G4,36.7,0,36.7,-13.6,0.89,OK
F03893,2027-02-05 09:00,G5,46.4,2,44.4,-13.6,0.92,OK
F03894,2027-02-05 09:00,G6,246.4,187,59.4,-13.6,0.93,OK
F03895,2027-02-05 09:00,G7,24.8,-2,26.8,-13.6,0.91,OK
F03896,2027-02-05 09:00,G8,9.5,0,9.5,-13.6,0.88,OK
F03897,2027-02-05 09:10,G1,-19.5,0,-19.5,-13.5,0.24,OK
F03898,2027-02-05 09:10,G2,-20.6,1,-21.6,-13.5,0.23,OK
F03899,2027-02-05 09:10,G3,-19.4,-1,-18.4,-13.5,0.16,OK
F03900,2027-02-05 09:10,G4,-17.6,0,-17.6,-13.5,0.17,OK
F03901,2027-02-05 09:10,G5,-17.7,2,-19.7,-13.5,0.19,OK
F03902,2027-02-05 09:10,G6,165.9,187,-21.1,-13.5,0.17,OK
F03903,2027-02-05 09:10,G7,-25.7,-2,-23.7,-13.5,0.23,OK
F03904,2027-02-05 09:10,G8,-20.7,0,-20.7,-13.5,0.22,OK
F03905,2027-02-05 09:20,G1,23.9,0,23.9,-13.4,1.10,OK
F03906,2027-02-05 09:20,G2,31.3,1,30.3,-13.4,1.11,OK
F03907,2027-02-05 09:20,G3,37.9,-1,38.9,-13.4,1.09,OK
F03908,2027-02-05 09:20,G4,48.8,0,48.8,-13.4,1.06,OK
F03909,2027-02-05 09:20,G5,63.4,2,61.4,-13.4,1.07,OK
F03910,2027-02-05 09:20,G6,269.1,187,82.1,-13.4,1.11,OK
F03911,2027-02-05 09:20,G7,38.7,-2,40.7,-13.4,1.08,OK
F03912,2027-02-05 09:20,G8,15.6,0,15.6,-13.4,1.05,OK
F03913,2027-02-05 09:30,G1,-16.8,0,-16.8,-13.3,0.21,OK
F03914,2027-02-05 09:30,G2,-18.4,1,-19.4,-13.3,0.19,OK
F03915,2027-02-05 09:30,G3,-19.7,-1,-18.7,-13.3,0.17,OK
F03916,2027-02-05 09:30,G4,-24.7,0,-24.7,-13.3,0.22,OK
F03917,2027-02-05 09:30,G5,-18.5,2,-20.5,-13.3,0.23,OK
F03918,2027-02-05 09:30,G6,167.4,187,-19.6,-13.3,0.22,OK
F03919,2027-02-05 09:30,G7,-27.2,-2,-25.2,-13.3,0.21,OK
F03920,2027-02-05 09:30,G8,-24.9,0,-24.9,-13.3,0.23,OK
F03921,2027-02-05 09:40,G1,-3.1,0,-3.1,-13.2,0.62,OK
F03922,2027-02-05 09:40,G2,3.0,1,2.0,-13.2,0.63,OK
F03923,2027-02-05 09:40,G3,6.4,-1,7.4,-13.2,0.61,OK
F03924,2027-02-05 09:40,G4,18.2,0,18.2,-13.2,0.67,OK
F03925,2027-02-05 09:40,G5,25.7,2,23.7,-13.2,0.62,OK
F03926,2027-02-05 09:40,G6,213.7,187,26.7,-13.2,0.61,OK
F03927,2027-02-05 09:40,G7,1.8,-2,3.8,-13.2,0.59,OK
F03928,2027-02-05 09:40,G8,-4.6,0,-4.6,-13.2,0.59,OK
F03929,2027-02-05 09:50,G1,-14.3,0,-14.3,-13.1,0.22,OK
F03930,2027-02-05 09:50,G2,-13.5,1,-14.5,-13.1,0.18,OK
F03931,2027-02-05 09:50,G3,-18.2,-1,-17.2,-13.1,0.19,OK
F03932,2027-02-05 09:50,G4,-17.6,0,-17.6,-13.1,0.20,OK
F03933,2027-02-05 09:50,G5,-20.9,2,-22.9,-13.1,0.20,OK
F03934,2027-02-05 09:50,G6,167.7,187,-19.3,-13.1,0.22,OK
F03935,2027-02-05 09:50,G7,-28.2,-2,-26.2,-13.1,0.18,OK
F03936,2027-02-05 09:50,G8,-27.1,0,-27.1,-13.1,0.18,OK
F03937,2027-02-05 10:00,G1,15.8,0,15.8,-13.0,0.99,OK
F03938,2027-02-05 10:00,G2,21.8,1,20.8,-13.0,0.93,OK
F03939,2027-02-05 10:00,G3,32.9,-1,33.9,-13.0,0.94,OK
F03940,2027-02-05 10:00,G4,45.9,0,45.9,-13.0,0.96,OK
F03941,2027-02-05 10:00,G5,58.3,2,56.3,-13.0,0.97,OK
F03942,2027-02-05 10:00,G6,252.6,187,65.6,-13.0,0.95,OK
F03943,2027-02-05 10:00,G7,34.1,-2,36.1,-13.0,0.94,OK
F03944,2027-02-05 10:00,G8,14.9,0,14.9,-13.0,0.95,OK
F03945,2027-02-05 10:10,G1,-18.0,0,-18.0,-12.8,0.17,OK
F03946,2027-02-05 10:10,G2,-15.4,1,-16.4,-12.8,0.17,OK
F03947,2027-02-05 10:10,G3,-23.0,-1,-22.0,-12.8,0.21,OK
F03948,2027-02-05 10:10,G4,-17.7,0,-17.7,-12.8,0.17,OK
F03949,2027-02-05 10:10,G5,-14.4,2,-16.4,-12.8,0.23,OK
F03950,2027-02-05 10:10,G6,168.5,187,-18.5,-12.8,0.19,OK
F03951,2027-02-05 10:10,G7,-24.8,-2,-22.8,-12.8,0.22,OK
F03952,2027-02-05 10:10,G8,-19.4,0,-19.4,-12.8,0.20,OK
F03953,2027-02-05 10:20,G1,-4.3,0,-4.3,-12.7,0.51,OK
F03954,2027-02-05 10:20,G2,2.7,1,1.7,-12.7,0.51,OK
F03955,2027-02-05 10:20,G3,-2.0,-1,-1.0,-12.7,0.55,OK
F03956,2027-02-05 10:20,G4,6.0,0,6.0,-12.7,0.49,OK
F03957,2027-02-05 10:20,G5,13.9,2,11.9,-12.7,0.53,OK
F03958,2027-02-05 10:20,G6,198.8,187,11.8,-12.7,0.55,OK
F03959,2027-02-05 10:20,G7,0.8,-2,2.8,-12.7,0.50,OK
F03960,2027-02-05 10:20,G8,-11.0,0,-11.0,-12.7,0.52,OK
F03961,2027-02-05 10:30,G1,-18.4,0,-18.4,-12.5,0.20,OK
F03962,2027-02-05 10:30,G2,-15.2,1,-16.2,-12.5,0.17,OK
F03963,2027-02-05 10:30,G3,-16.2,-1,-15.2,-12.5,0.20,OK
F03964,2027-02-05 10:30,G4,-17.1,0,-17.1,-12.5,0.16,OK
F03965,2027-02-05 10:30,G5,-19.9,2,-21.9,-12.5,0.21,OK
F03966,2027-02-05 10:30,G6,166.7,187,-20.3,-12.5,0.20,OK
F03967,2027-02-05 10:30,G7,-20.9,-2,-18.9,-12.5,0.23,OK
F03968,2027-02-05 10:30,G8,-19.7,0,-19.7,-12.5,0.18,OK
F03969,2027-02-05 10:40,G1,2.9,0,2.9,-12.4,0.66,OK
F03970,2027-02-05 10:40,G2,9.6,1,8.6,-12.4,0.66,OK
F03971,2027-02-05 10:40,G3,9.1,-1,10.1,-12.4,0.66,OK
F03972,2027-02-05 10:40,G4,24.0,0,24.0,-12.4,0.72,OK
F03973,2027-02-05 10:40,G5,26.9,2,24.9,-12.4,0.65,OK
F03974,2027-02-05 10:40,G6,227.0,187,40.0,-12.4,0.71,OK
F03975,2027-02-05 10:40,G7,15.2,-2,17.2,-12.4,0.67,OK
F03976,2027-02-05 10:40,G8,4.7,0,4.7,-12.4,0.67,OK
F03977,2027-02-05 10:50,G1,-11.5,0,-11.5,-12.2,0.17,OK
F03978,2027-02-05 10:50,G2,-18.3,1,-19.3,-12.2,0.20,OK
F03979,2027-02-05 10:50,G3,-14.1,-1,-13.1,-12.2,0.20,OK
F03980,2027-02-05 10:50,G4,-17.7,0,-17.7,-12.2,0.19,OK
F03981,2027-02-05 10:50,G5,-15.1,2,-17.1,-12.2,0.22,OK
F03982,2027-02-05 10:50,G6,167.0,187,-20.0,-12.2,0.23,OK
F03983,2027-02-05 10:50,G7,-21.4,-2,-19.4,-12.2,0.18,OK
F03984,2027-02-05 10:50,G8,-25.7,0,-25.7,-12.2,0.18,OK
F03985,2027-02-05 11:00,G1,17.8,0,17.8,-12.0,1.00,OK
F03986,2027-02-05 11:00,G2,33.4,1,32.4,-12.0,1.04,OK
F03987,2027-02-05 11:00,G3,38.6,-1,39.6,-12.0,1.04,OK
F03988,2027-02-05 11:00,G4,49.3,0,49.3,-12.0,1.07,OK
F03989,2027-02-05 11:00,G5,61.2,2,59.2,-12.0,1.07,OK
F03990,2027-02-05 11:00,G6,261.4,187,74.4,-12.0,1.06,OK
F03991,2027-02-05 11:00,G7,40.2,-2,42.2,-12.0,1.04,OK
F03992,2027-02-05 11:00,G8,24.5,0,24.5,-12.0,1.01,OK
F03993,2027-02-05 11:10,G1,-15.9,0,-15.9,-11.8,0.17,OK
F03994,2027-02-05 11:10,G2,-17.2,1,-18.2,-11.8,0.20,OK
F03995,2027-02-05 11:10,G3,-14.2,-1,-13.2,-11.8,0.18,OK
F03996,2027-02-05 11:10,G4,-19.2,0,-19.2,-11.8,0.20,OK
F03997,2027-02-05 11:10,G5,-13.6,2,-15.6,-11.8,0.17,OK
F03998,2027-02-05 11:10,G6,166.3,187,-20.7,-11.8,0.19,OK
F03999,2027-02-05 11:10,G7,-25.6,-2,-23.6,-11.8,0.22,OK
F04000,2027-02-05 11:10,G8,-19.6,0,-19.6,-11.8,0.18,OK
F04001,2027-02-05 11:20,G1,1.8,0,1.8,-11.6,0.60,OK
F04002,2027-02-05 11:20,G2,3.2,1,2.2,-11.6,0.55,OK
F04003,2027-02-05 11:20,G3,7.0,-1,8.0,-11.6,0.58,OK
F04004,2027-02-05 11:20,G4,11.1,0,11.1,-11.6,0.55,OK
F04005,2027-02-05 11:20,G5,19.8,2,17.8,-11.6,0.56,OK
F04006,2027-02-05 11:20,G6,208.4,187,21.4,-11.6,0.58,OK
F04007,2027-02-05 11:20,G7,5.4,-2,7.4,-11.6,0.57,OK
F04008,2027-02-05 11:20,G8,1.5,0,1.5,-11.6,0.60,OK
F04009,2027-02-05 11:30,G1,-15.5,0,-15.5,-11.4,0.23,OK
F04010,2027-02-05 11:30,G2,-13.2,1,-14.2,-11.4,0.20,OK
F04011,2027-02-05 11:30,G3,-16.2,-1,-15.2,-11.4,0.19,OK
F04012,2027-02-05 11:30,G4,-14.4,0,-14.4,-11.4,0.21,OK
F04013,2027-02-05 11:30,G5,-15.8,2,-17.8,-11.4,0.19,OK
F04014,2027-02-05 11:30,G6,172.2,187,-14.8,-11.4,0.20,OK
F04015,2027-02-05 11:30,G7,-24.5,-2,-22.5,-11.4,0.20,OK
F04016,2027-02-05 11:30,G8,-21.2,0,-21.2,-11.4,0.19,OK
F04017,2027-02-05 11:40,G1,11.8,0,11.8,-11.2,0.76,OK
F04018,2027-02-05 11:40,G2,20.6,1,19.6,-11.2,0.78,OK
F04019,2027-02-05 11:40,G3,19.4,-1,20.4,-11.2,0.75,OK
F04020,2027-02-05 11:40,G4,27.5,0,27.5,-11.2,0.78,OK
F04021,2027-02-05 11:40,G5,39.9,2,37.9,-11.2,0.72,OK
F04022,2027-02-05 11:40,G6,234.1,187,47.1,-11.2,0.73,OK
F04023,2027-02-05 11:40,G7,22.4,-2,24.4,-11.2,0.77,OK
F04024,2027-02-05 11:40,G8,5.9,0,5.9,-11.2,0.72,OK
F04025,2027-02-05 11:50,G1,-15.7,0,-15.7,-11.0,0.23,OK
F04026,2027-02-05 11:50,G2,-11.1,1,-12.1,-11.0,0.18,OK
F04027,2027-02-05 11:50,G3,-16.1,-1,-15.1,-11.0,0.18,OK
F04028,2027-02-05 11:50,G4,-17.0,0,-17.0,-11.0,0.19,OK
F04029,2027-02-05 11:50,G5,-9.7,2,-11.7,-11.0,0.21,OK
F04030,2027-02-05 11:50,G6,174.3,187,-12.7,-11.0,0.21,OK
F04031,2027-02-05 11:50,G7,-14.5,-2,-12.5,-11.0,0.23,OK
F04032,2027-02-05 11:50,G8,-13.6,0,-13.6,-11.0,0.21,OK
F04033,2027-02-05 12:00,G1,27.9,0,27.9,-10.8,1.08,OK
F04034,2027-02-05 12:00,G2,32.8,1,31.8,-10.8,1.12,OK
F04035,2027-02-05 12:00,G3,41.2,-1,42.2,-10.8,1.05,OK
F04036,2027-02-05 12:00,G4,55.7,0,55.7,-10.8,1.07,OK
F04037,2027-02-05 12:00,G5,75.1,2,73.1,-10.8,1.11,OK
F04038,2027-02-05 12:00,G6,274.9,187,87.9,-10.8,1.07,OK
F04039,2027-02-05 12:00,G7,45.1,-2,47.1,-10.8,1.07,OK
F04040,2027-02-05 12:00,G8,24.1,0,24.1,-10.8,1.11,OK
F04041,2027-02-05 12:10,G1,-13.1,0,-13.1,-10.5,0.18,OK
F04042,2027-02-05 12:10,G2,-14.0,1,-15.0,-10.5,0.19,OK
F04043,2027-02-05 12:10,G3,-13.0,-1,-12.0,-10.5,0.19,OK
F04044,2027-02-05 12:10,G4,-10.2,0,-10.2,-10.5,0.17,OK
F04045,2027-02-05 12:10,G5,-15.1,2,-17.1,-10.5,0.18,OK
F04046,2027-02-05 12:10,G6,174.0,187,-13.0,-10.5,0.23,OK
F04047,2027-02-05 12:10,G7,-20.6,-2,-18.6,-10.5,0.22,OK
F04048,2027-02-05 12:10,G8,-16.0,0,-16.0,-10.5,0.19,OK
F04049,2027-02-05 12:20,G1,8.5,0,8.5,-10.3,0.66,OK
F04050,2027-02-05 12:20,G2,10.6,1,9.6,-10.3,0.64,OK
F04051,2027-02-05 12:20,G3,14.7,-1,15.7,-10.3,0.61,OK
F04052,2027-02-05 12:20,G4,26.3,0,26.3,-10.3,0.61,OK
F04053,2027-02-05 12:20,G5,32.0,2,30.0,-10.3,0.60,OK
F04054,2027-02-05 12:20,G6,226.6,187,39.6,-10.3,0.64,OK
F04055,2027-02-05 12:20,G7,16.1,-2,18.1,-10.3,0.62,OK
F04056,2027-02-05 12:20,G8,4.7,0,4.7,-10.3,0.66,OK
F04057,2027-02-05 12:30,G1,-10.1,0,-10.1,-10.1,0.23,OK
F04058,2027-02-05 12:30,G2,-6.5,1,-7.5,-10.1,0.17,OK
F04059,2027-02-05 12:30,G3,-8.9,-1,-7.9,-10.1,0.21,OK
F04060,2027-02-05 12:30,G4,-8.7,0,-8.7,-10.1,0.22,OK
F04061,2027-02-05 12:30,G5,-8.8,2,-10.8,-10.1,0.19,OK
F04062,2027-02-05 12:30,G6,175.1,187,-11.9,-10.1,0.24,OK
F04063,2027-02-05 12:30,G7,-13.2,-2,-11.2,-10.1,0.23,OK
F04064,2027-02-05 12:30,G8,-14.2,0,-14.2,-10.1,0.21,OK
F04065,2027-02-05 12:40,G1,14.6,0,14.6,-9.8,0.81,OK
F04066,2027-02-05 12:40,G2,27.3,1,26.3,-9.8,0.82,OK
F04067,2027-02-05 12:40,G3,26.9,-1,27.9,-9.8,0.79,OK
F04068,2027-02-05 12:40,G4,37.4,0,37.4,-9.8,0.85,OK
F04069,2027-02-05 12:40,G5,45.2,2,43.2,-9.8,0.81,OK
F04070,2027-02-05 12:40,G6,246.0,187,59.0,-9.8,0.78,OK
F04071,2027-02-05 12:40,G7,29.2,-2,31.2,-9.8,0.81,OK
F04072,2027-02-05 12:40,G8,19.6,0,19.6,-9.8,0.77,OK
F04073,2027-02-05 12:50,G1,-7.2,0,-7.2,-9.6,0.17,OK
F04074,2027-02-05 12:50,G2,-5.4,1,-6.4,-9.6,0.21,OK
F04075,2027-02-05 12:50,G3,-14.0,-1,-13.0,-9.6,0.19,OK
F04076,2027-02-05 12:50,G4,-11.1,0,-11.1,-9.6,0.23,OK
F04077,2027-02-05 12:50,G5,-12.0,2,-14.0,-9.6,0.19,OK
F04078,2027-02-05 12:50,G6,174.4,187,-12.6,-9.6,0.21,OK
F04079,2027-02-05 12:50,G7,-15.6,-2,-13.6,-9.6,0.20,OK
F04080,2027-02-05 12:50,G8,-17.9,0,-17.9,-9.6,0.16,OK
F04081,2027-02-05 13:00,G1,6.6,0,6.6,-9.3,0.50,OK
F04082,2027-02-05 13:00,G2,5.5,1,4.5,-9.3,0.52,OK
F04083,2027-02-05 13:00,G3,7.9,-1,8.9,-9.3,0.49,OK
F04084,2027-02-05 13:00,G4,12.5,0,12.5,-9.3,0.50,OK
F04085,2027-02-05 13:00,G5,26.9,2,24.9,-9.3,0.51,OK
F04086,2027-02-05 13:00,G6,210.9,187,23.9,-9.3,0.52,OK
F04087,2027-02-05 13:00,G7,7.9,-2,9.9,-9.3,0.55,OK
F04088,2027-02-05 13:00,G8,7.1,0,7.1,-9.3,0.53,OK
F04089,2027-02-05 13:10,G1,-11.4,0,-11.4,-9.1,0.22,OK
F04090,2027-02-05 13:10,G2,-11.8,1,-12.8,-9.1,0.17,OK
F04091,2027-02-05 13:10,G3,-8.4,-1,-7.4,-9.1,0.21,OK
F04092,2027-02-05 13:10,G4,-7.5,0,-7.5,-9.1,0.22,OK
F04093,2027-02-05 13:10,G5,-10.7,2,-12.7,-9.1,0.20,OK
F04094,2027-02-05 13:10,G6,179.7,187,-7.3,-9.1,0.23,OK
F04095,2027-02-05 13:10,G7,-15.5,-2,-13.5,-9.1,0.19,OK
F04096,2027-02-05 13:10,G8,-12.6,0,-12.6,-9.1,0.20,OK
F04097,2027-02-05 13:20,G1,11.9,0,11.9,-8.8,0.68,OK
F04098,2027-02-05 13:20,G2,16.9,1,15.9,-8.8,0.68,OK
F04099,2027-02-05 13:20,G3,20.3,-1,21.3,-8.8,0.73,OK
F04100,2027-02-05 13:20,G4,31.6,0,31.6,-8.8,0.73,OK
F04101,2027-02-05 13:20,G5,39.3,2,37.3,-8.8,0.71,OK
F04102,2027-02-05 13:20,G6,232.8,187,45.8,-8.8,0.70,OK
F04103,2027-02-05 13:20,G7,26.1,-2,28.1,-8.8,0.72,OK
F04104,2027-02-05 13:20,G8,8.9,0,8.9,-8.8,0.66,OK
F04105,2027-02-05 13:30,G1,-4.7,0,-4.7,-8.5,0.17,OK
F04106,2027-02-05 13:30,G2,-10.5,1,-11.5,-8.5,0.24,OK
F04107,2027-02-05 13:30,G3,-12.4,-1,-11.4,-8.5,0.18,OK
F04108,2027-02-05 13:30,G4,-8.5,0,-8.5,-8.5,0.21,OK
F04109,2027-02-05 13:30,G5,-5.8,2,-7.8,-8.5,0.17,OK
F04110,2027-02-05 13:30,G6,178.8,187,-8.2,-8.5,0.24,OK
F04111,2027-02-05 13:30,G7,-10.7,-2,-8.7,-8.5,0.17,OK
F04112,2027-02-05 13:30,G8,-10.3,0,-10.3,-8.5,0.17,OK
F04113,2027-02-05 13:40,G1,21.0,0,21.0,-8.3,0.89,OK
F04114,2027-02-05 13:40,G2,26.1,1,25.1,-8.3,0.89,OK
F04115,2027-02-05 13:40,G3,35.5,-1,36.5,-8.3,0.83,OK
F04116,2027-02-05 13:40,G4,44.4,0,44.4,-8.3,0.90,OK
F04117,2027-02-05 13:40,G5,55.7,2,53.7,-8.3,0.84,OK
F04118,2027-02-05 13:40,G6,252.6,187,65.6,-8.3,0.89,OK
F04119,2027-02-05 13:40,G7,39.1,-2,41.1,-8.3,0.85,OK
F04120,2027-02-05 13:40,G8,25.8,0,25.8,-8.3,0.91,OK
F04121,2027-02-05 13:50,G1,-7.6,0,-7.6,-8.0,0.18,OK
F04122,2027-02-05 13:50,G2,-7.2,1,-8.2,-8.0,0.18,OK
F04123,2027-02-05 13:50,G3,-9.0,-1,-8.0,-8.0,0.17,OK
F04124,2027-02-05 13:50,G4,-8.1,0,-8.1,-8.0,0.21,OK
F04125,2027-02-05 13:50,G5,-2.0,2,-4.0,-8.0,0.16,OK
F04126,2027-02-05 13:50,G6,182.1,187,-4.9,-8.0,0.22,OK
F04127,2027-02-05 13:50,G7,-10.6,-2,-8.6,-8.0,0.19,OK
F04128,2027-02-05 13:50,G8,-5.6,0,-5.6,-8.0,0.21,OK
F04129,2027-02-05 14:00,G1,10.7,0,10.7,-7.8,0.62,OK
F04130,2027-02-05 14:00,G2,13.9,1,12.9,-7.8,0.56,OK
F04131,2027-02-05 14:00,G3,17.8,-1,18.8,-7.8,0.61,OK
F04132,2027-02-05 14:00,G4,21.8,0,21.8,-7.8,0.58,OK
F04133,2027-02-05 14:00,G5,34.8,2,32.8,-7.8,0.55,OK
F04134,2027-02-05 14:00,G6,219.7,187,32.7,-7.8,0.59,OK
F04135,2027-02-05 14:00,G7,14.9,-2,16.9,-7.8,0.58,OK
F04136,2027-02-05 14:00,G8,10.9,0,10.9,-7.8,0.59,OK
F04137,2027-02-05 14:10,G1,-5.5,0,-5.5,-7.5,0.18,OK
F04138,2027-02-05 14:10,G2,-6.6,1,-7.6,-7.5,0.19,OK
F04139,2027-02-05 14:10,G3,-6.2,-1,-5.2,-7.5,0.21,OK
F04140,2027-02-05 14:10,G4,-4.1,0,-4.1,-7.5,0.17,OK
F04141,2027-02-05 14:10,G5,-5.4,2,-7.4,-7.5,0.16,OK
F04142,2027-02-05 14:10,G6,180.0,187,-7.0,-7.5,0.21,OK
F04143,2027-02-05 14:10,G7,-5.0,-2,-3.0,-7.5,0.18,OK
F04144,2027-02-05 14:10,G8,-5.0,0,-5.0,-7.5,0.20,OK
F04145,2027-02-05 14:20,G1,18.4,0,18.4,-7.2,0.72,OK
F04146,2027-02-05 14:20,G2,26.9,1,25.9,-7.2,0.78,OK
F04147,2027-02-05 14:20,G3,32.6,-1,33.6,-7.2,0.74,OK
F04148,2027-02-05 14:20,G4,39.7,0,39.7,-7.2,0.75,OK
F04149,2027-02-05 14:20,G5,54.2,2,52.2,-7.2,0.79,OK
F04150,2027-02-05 14:20,G6,245.1,187,58.1,-7.2,0.79,OK
F04151,2027-02-05 14:20,G7,30.1,-2,32.1,-7.2,0.78,OK
F04152,2027-02-05 14:20,G8,19.2,0,19.2,-7.2,0.79,OK
F04153,2027-02-05 14:30,G1,-3.7,0,-3.7,-7.0,0.17,OK
F04154,2027-02-05 14:30,G2,-4.3,1,-5.3,-7.0,0.18,OK
F04155,2027-02-05 14:30,G3,-7.7,-1,-6.7,-7.0,0.20,OK
F04156,2027-02-05 14:30,G4,-6.6,0,-6.6,-7.0,0.23,OK
F04157,2027-02-05 14:30,G5,-7.2,2,-9.2,-7.0,0.18,OK
F04158,2027-02-05 14:30,G6,178.6,187,-8.4,-7.0,0.21,OK
F04159,2027-02-05 14:30,G7,-10.3,-2,-8.3,-7.0,0.20,OK
F04160,2027-02-05 14:30,G8,-3.6,0,-3.6,-7.0,0.20,OK
F04161,2027-02-05 14:40,G1,29.9,0,29.9,-6.7,0.92,OK
F04162,2027-02-05 14:40,G2,34.2,1,33.2,-6.7,0.90,OK
F04163,2027-02-05 14:40,G3,45.2,-1,46.2,-6.7,0.89,OK
F04164,2027-02-05 14:40,G4,59.1,0,59.1,-6.7,0.92,OK
F04165,2027-02-05 14:40,G5,66.2,2,64.2,-6.7,0.93,OK
F04166,2027-02-05 14:40,G6,264.7,187,77.7,-6.7,0.92,OK
F04167,2027-02-05 14:40,G7,42.5,-2,44.5,-6.7,0.96,OK
F04168,2027-02-05 14:40,G8,28.5,0,28.5,-6.7,0.96,OK
F04169,2027-02-05 14:50,G1,-1.6,0,-1.6,-6.5,0.23,OK
F04170,2027-02-05 14:50,G2,-3.5,1,-4.5,-6.5,0.18,OK
F04171,2027-02-05 14:50,G3,-6.9,-1,-5.9,-6.5,0.16,OK
F04172,2027-02-05 14:50,G4,0.1,0,0.1,-6.5,0.16,OK
F04173,2027-02-05 14:50,G5,-2.7,2,-4.7,-6.5,0.20,OK
F04174,2027-02-05 14:50,G6,182.8,187,-4.2,-6.5,0.22,OK
F04175,2027-02-05 14:50,G7,-5.8,-2,-3.8,-6.5,0.24,OK
F04176,2027-02-05 14:50,G8,-5.1,0,-5.1,-6.5,0.17,OK
F04177,2027-02-05 15:00,G1,19.4,0,19.4,-6.2,0.61,OK
F04178,2027-02-05 15:00,G2,18.5,1,17.5,-6.2,0.65,OK
F04179,2027-02-05 15:00,G3,26.9,-1,27.9,-6.2,0.61,OK
F04180,2027-02-05 15:00,G4,31.6,0,31.6,-6.2,0.66,OK
F04181,2027-02-05 15:00,G5,42.7,2,40.7,-6.2,0.65,OK
F04182,2027-02-05 15:00,G6,235.8,187,48.8,-6.2,0.64,OK
F04183,2027-02-05 15:00,G7,30.6,-2,32.6,-6.2,0.62,OK
F04184,2027-02-05 15:00,G8,21.5,0,21.5,-6.2,0.67,OK
F04185,2027-02-05 15:10,G1,-4.2,0,-4.2,-6.0,0.23,OK
F04186,2027-02-05 15:10,G2,-3.0,1,-4.0,-6.0,0.17,OK
F04187,2027-02-05 15:10,G3,-7.2,-1,-6.2,-6.0,0.22,OK
F04188,2027-02-05 15:10,G4,-2.4,0,-2.4,-6.0,0.22,OK
F04189,2027-02-05 15:10,G5,0.8,2,-1.2,-6.0,0.22,OK
F04190,2027-02-05 15:10,G6,182.8,187,-4.2,-6.0,0.17,OK
F04191,2027-02-05 15:10,G7,-1.6,-2,0.4,-6.0,0.22,OK
F04192,2027-02-05 15:10,G8,-5.1,0,-5.1,-6.0,0.16,OK
F04193,2027-02-05 15:20,G1,23.3,0,23.3,-5.7,0.78,OK
F04194,2027-02-05 15:20,G2,36.3,1,35.3,-5.7,0.83,OK
F04195,2027-02-05 15:20,G3,35.9,-1,36.9,-5.7,0.79,OK
F04196,2027-02-05 15:20,G4,45.1,0,45.1,-5.7,0.84,OK
F04197,2027-02-05 15:20,G5,59.0,2,57.0,-5.7,0.85,OK
F04198,2027-02-05 15:20,G6,255.5,187,68.5,-5.7,0.85,OK
F04199,2027-02-05 15:20,G7,42.2,-2,44.2,-5.7,0.82,OK
F04200,2027-02-05 15:20,G8,29.9,0,29.9,-5.7,0.83,OK
F04201,2027-02-05 15:30,G1,-4.1,0,-4.1,-5.5,0.22,OK
F04202,2027-02-05 15:30,G2,3.1,1,2.1,-5.5,0.22,OK
F04203,2027-02-05 15:30,G3,0.2,-1,1.2,-5.5,0.18,OK
F04204,2027-02-05 15:30,G4,0.4,0,0.4,-5.5,0.22,OK
F04205,2027-02-05 15:30,G5,3.1,2,1.1,-5.5,0.24,OK
F04206,2027-02-05 15:30,G6,188.4,187,1.4,-5.5,0.19,OK
F04207,2027-02-05 15:30,G7,-5.2,-2,-3.2,-5.5,0.20,OK
F04208,2027-02-05 15:30,G8,-5.7,0,-5.7,-5.5,0.22,OK
F04209,2027-02-05 15:40,G1,37.8,0,37.8,-5.2,0.96,OK
F04210,2027-02-05 15:40,G2,41.5,1,40.5,-5.2,0.96,OK
F04211,2027-02-05 15:40,G3,54.2,-1,55.2,-5.2,0.95,OK
F04212,2027-02-05 15:40,G4,66.1,0,66.1,-5.2,1.02,OK
F04213,2027-02-05 15:40,G5,84.0,2,82.0,-5.2,1.01,OK
F04214,2027-02-05 15:40,G6,273.7,187,86.7,-5.2,1.02,OK
F04215,2027-02-05 15:40,G7,57.4,-2,59.4,-5.2,1.01,OK
F04216,2027-02-05 15:40,G8,37.7,0,37.7,-5.2,0.99,OK
F04217,2027-02-05 15:50,G1,1.0,0,1.0,-5.0,0.23,OK
F04218,2027-02-05 15:50,G2,0.3,1,-0.7,-5.0,0.18,OK
F04219,2027-02-05 15:50,G3,-1.7,-1,-0.7,-5.0,0.19,OK
F04220,2027-02-05 15:50,G4,4.3,0,4.3,-5.0,0.21,OK
F04221,2027-02-05 15:50,G5,5.9,2,3.9,-5.0,0.22,OK
F04222,2027-02-05 15:50,G6,191.1,187,4.1,-5.0,0.23,OK
F04223,2027-02-05 15:50,G7,0.6,-2,2.6,-5.0,0.18,OK
F04224,2027-02-05 15:50,G8,0.9,0,0.9,-5.0,0.22,OK
F04225,2027-02-05 16:00,G1,19.0,0,19.0,-4.8,0.73,OK
F04226,2027-02-05 16:00,G2,31.3,1,30.3,-4.8,0.71,OK
F04227,2027-02-05 16:00,G3,29.0,-1,30.0,-4.8,0.72,OK
F04228,2027-02-05 16:00,G4,42.4,0,42.4,-4.8,0.72,OK
F04229,2027-02-05 16:00,G5,55.1,2,53.1,-4.8,0.72,OK
F04230,2027-02-05 16:00,G6,246.2,187,59.2,-4.8,0.74,OK
F04231,2027-02-05 16:00,G7,39.8,-2,41.8,-4.8,0.71,OK
F04232,2027-02-05 16:00,G8,22.1,0,22.1,-4.8,0.69,OK
F04233,2027-02-05 16:10,G1,4.1,0,4.1,-4.5,0.23,OK
F04234,2027-02-05 16:10,G2,0.7,1,-0.3,-4.5,0.22,OK
F04235,2027-02-05 16:10,G3,1.3,-1,2.3,-4.5,0.22,OK
F04236,2027-02-05 16:10,G4,0.4,0,0.4,-4.5,0.20,OK
F04237,2027-02-05 16:10,G5,3.8,2,1.8,-4.5,0.22,OK
F04238,2027-02-05 16:10,G6,187.9,187,0.9,-4.5,0.22,OK
F04239,2027-02-05 16:10,G7,-0.2,-2,1.8,-4.5,0.16,OK
F04240,2027-02-05 16:10,G8,0.2,0,0.2,-4.5,0.17,OK
F04241,2027-02-05 16:20,G1,30.7,0,30.7,-4.3,0.85,OK
F04242,2027-02-05 16:20,G2,40.1,1,39.1,-4.3,0.86,OK
F04243,2027-02-05 16:20,G3,44.6,-1,45.6,-4.3,0.88,OK
F04244,2027-02-05 16:20,G4,56.0,0,56.0,-4.3,0.84,OK
F04245,2027-02-05 16:20,G5,67.8,2,65.8,-4.3,0.91,OK
F04246,2027-02-05 16:20,G6,268.9,187,81.9,-4.3,0.86,OK
F04247,2027-02-05 16:20,G7,49.1,-2,51.1,-4.3,0.85,OK
F04248,2027-02-05 16:20,G8,36.6,0,36.6,-4.3,0.87,OK
F04249,2027-02-05 16:30,G1,1.1,0,1.1,-4.1,0.17,OK
F04250,2027-02-05 16:30,G2,3.5,1,2.5,-4.1,0.21,OK
F04251,2027-02-05 16:30,G3,-2.9,-1,-1.9,-4.1,0.17,OK
F04252,2027-02-05 16:30,G4,1.2,0,1.2,-4.1,0.23,OK
F04253,2027-02-05 16:30,G5,7.9,2,5.9,-4.1,0.23,OK
F04254,2027-02-05 16:30,G6,190.9,187,3.9,-4.1,0.18,OK
F04255,2027-02-05 16:30,G7,1.3,-2,3.3,-4.1,0.18,OK
F04256,2027-02-05 16:30,G8,4.8,0,4.8,-4.1,0.23,OK
F04257,2027-02-05 16:40,G1,38.5,0,38.5,-3.9,1.09,OK
F04258,2027-02-05 16:40,G2,54.4,1,53.4,-3.9,1.04,OK
F04259,2027-02-05 16:40,G3,57.2,-1,58.2,-3.9,1.02,OK
F04260,2027-02-05 16:40,G4,69.6,0,69.6,-3.9,1.09,OK
F04261,2027-02-05 16:40,G5,90.4,2,88.4,-3.9,1.07,OK
F04262,2027-02-05 16:40,G6,290.1,187,103.1,-3.9,1.07,OK
F04263,2027-02-05 16:40,G7,64.4,-2,66.4,-3.9,1.08,OK
F04264,2027-02-05 16:40,G8,45.9,0,45.9,-3.9,1.02,OK
F04265,2027-02-05 16:50,G1,0.4,0,0.4,-3.7,0.24,OK
F04266,2027-02-05 16:50,G2,7.0,1,6.0,-3.7,0.20,OK
F04267,2027-02-05 16:50,G3,5.9,-1,6.9,-3.7,0.22,OK
F04268,2027-02-05 16:50,G4,2.1,0,2.1,-3.7,0.22,OK
F04269,2027-02-05 16:50,G5,2.7,2,0.7,-3.7,0.23,OK
F04270,2027-02-05 16:50,G6,187.8,187,0.8,-3.7,0.22,OK
F04271,2027-02-05 16:50,G7,-2.7,-2,-0.7,-3.7,0.21,OK
F04272,2027-02-05 16:50,G8,3.8,0,3.8,-3.7,0.24,OK
F04273,2027-02-05 17:00,G1,26.9,0,26.9,-3.5,0.80,OK
F04274,2027-02-05 17:00,G2,38.6,1,37.6,-3.5,0.75,OK
F04275,2027-02-05 17:00,G3,43.1,-1,44.1,-3.5,0.76,OK
F04276,2027-02-05 17:00,G4,52.1,0,52.1,-3.5,0.79,OK
F04277,2027-02-05 17:00,G5,57.4,2,55.4,-3.5,0.74,OK
F04278,2027-02-05 17:00,G6,259.3,187,72.3,-3.5,0.74,OK
F04279,2027-02-05 17:00,G7,44.9,-2,46.9,-3.5,0.75,OK
F04280,2027-02-05 17:00,G8,29.0,0,29.0,-3.5,0.77,OK
F04281,2027-02-05 17:10,G1,0.0,0,0.0,-3.3,0.18,OK
F04282,2027-02-05 17:10,G2,7.8,1,6.8,-3.3,0.22,OK
F04283,2027-02-05 17:10,G3,-1.5,-1,-0.5,-3.3,0.22,OK
F04284,2027-02-05 17:10,G4,5.9,0,5.9,-3.3,0.21,OK
F04285,2027-02-05 17:10,G5,7.6,2,5.6,-3.3,0.18,OK
F04286,2027-02-05 17:10,G6,190.9,187,3.9,-3.3,0.18,OK
F04287,2027-02-05 17:10,G7,7.2,-2,9.2,-3.3,0.19,OK
F04288,2027-02-05 17:10,G8,6.8,0,6.8,-3.3,0.22,OK
F04289,2027-02-05 17:20,G1,33.1,0,33.1,-3.2,0.98,OK
F04290,2027-02-05 17:20,G2,42.0,1,41.0,-3.2,0.96,OK
F04291,2027-02-05 17:20,G3,52.3,-1,53.3,-3.2,0.94,OK
F04292,2027-02-05 17:20,G4,63.6,0,63.6,-3.2,0.98,OK
F04293,2027-02-05 17:20,G5,75.7,2,73.7,-3.2,0.96,OK
F04294,2027-02-05 17:20,G6,280.3,187,93.3,-3.2,0.91,OK
F04295,2027-02-05 17:20,G7,56.9,-2,58.9,-3.2,0.94,OK
F04296,2027-02-05 17:20,G8,45.8,0,45.8,-3.2,0.93,OK
F04297,2027-02-05 17:30,G1,5.2,0,5.2,-3.0,0.20,OK
F04298,2027-02-05 17:30,G2,1.2,1,0.2,-3.0,0.18,OK
F04299,2027-02-05 17:30,G3,1.2,-1,2.2,-3.0,0.20,OK
F04300,2027-02-05 17:30,G4,6.7,0,6.7,-3.0,0.23,OK
F04301,2027-02-05 17:30,G5,8.7,2,6.7,-3.0,0.20,OK
F04302,2027-02-05 17:30,G6,190.6,187,3.6,-3.0,0.24,OK
F04303,2027-02-05 17:30,G7,4.9,-2,6.9,-3.0,0.19,OK
F04304,2027-02-05 17:30,G8,7.0,0,7.0,-3.0,0.21,OK
F04305,2027-02-05 17:40,G1,46.9,0,46.9,-2.8,1.08,OK
F04306,2027-02-05 17:40,G2,57.0,1,56.0,-2.8,1.13,OK
F04307,2027-02-05 17:40,G3,64.2,-1,65.2,-2.8,1.13,OK
F04308,2027-02-05 17:40,G4,82.0,0,82.0,-2.8,1.12,OK
F04309,2027-02-05 17:40,G5,96.6,2,94.6,-2.8,1.15,OK
F04310,2027-02-05 17:40,G6,295.1,187,108.1,-2.8,1.14,OK
F04311,2027-02-05 17:40,G7,70.4,-2,72.4,-2.8,1.12,OK
F04312,2027-02-05 17:40,G8,50.6,0,50.6,-2.8,1.14,OK
F04313,2027-02-05 17:50,G1,2.8,0,2.8,-2.7,0.20,OK
F04314,2027-02-05 17:50,G2,7.4,1,6.4,-2.7,0.23,OK
F04315,2027-02-05 17:50,G3,5.1,-1,6.1,-2.7,0.17,OK
F04316,2027-02-05 17:50,G4,1.5,0,1.5,-2.7,0.17,OK
F04317,2027-02-05 17:50,G5,9.3,2,7.3,-2.7,0.20,OK
F04318,2027-02-05 17:50,G6,191.6,187,4.6,-2.7,0.17,OK
F04319,2027-02-05 17:50,G7,4.1,-2,6.1,-2.7,0.23,OK
F04320,2027-02-05 17:50,G8,10.2,0,10.2,-2.7,0.22,OK
F04321,2027-02-05 18:00,G1,34.0,0,34.0,-2.6,0.84,OK
F04322,2027-02-05 18:00,G2,38.3,1,37.3,-2.6,0.86,OK
F04323,2027-02-05 18:00,G3,49.0,-1,50.0,-2.6,0.82,OK
F04324,2027-02-05 18:00,G4,57.5,0,57.5,-2.6,0.82,OK
F04325,2027-02-05 18:00,G5,73.9,2,71.9,-2.6,0.81,OK
F04326,2027-02-05 18:00,G6,269.3,187,82.3,-2.6,0.83,OK
F04327,2027-02-05 18:00,G7,49.7,-2,51.7,-2.6,0.83,OK
F04328,2027-02-05 18:00,G8,40.1,0,40.1,-2.6,0.86,OK
F04329,2027-02-05 18:10,G1,3.4,0,3.4,-2.4,0.18,OK
F04330,2027-02-05 18:10,G2,9.3,1,8.3,-2.4,0.20,OK
F04331,2027-02-05 18:10,G3,1.2,-1,2.2,-2.4,0.23,OK
F04332,2027-02-05 18:10,G4,7.9,0,7.9,-2.4,0.20,OK
F04333,2027-02-05 18:10,G5,9.2,2,7.2,-2.4,0.18,OK
F04334,2027-02-05 18:10,G6,190.9,187,3.9,-2.4,0.23,OK
F04335,2027-02-05 18:10,G7,7.5,-2,9.5,-2.4,0.16,OK
F04336,2027-02-05 18:10,G8,7.7,0,7.7,-2.4,0.23,OK
F04337,2027-02-05 18:20,G1,36.2,0,36.2,-2.3,1.04,OK
F04338,2027-02-05 18:20,G2,49.4,1,48.4,-2.3,0.98,OK
F04339,2027-02-05 18:20,G3,57.1,-1,58.1,-2.3,1.02,OK
F04340,2027-02-05 18:20,G4,73.0,0,73.0,-2.3,1.00,OK
F04341,2027-02-05 18:20,G5,88.6,2,86.6,-2.3,0.96,OK
F04342,2027-02-05 18:20,G6,288.6,187,101.6,-2.3,0.99,OK
F04343,2027-02-05 18:20,G7,66.2,-2,68.2,-2.3,0.97,OK
F04344,2027-02-05 18:20,G8,44.2,0,44.2,-2.3,1.02,OK
F04345,2027-02-05 18:30,G1,5.0,0,5.0,-2.2,0.22,OK
F04346,2027-02-05 18:30,G2,10.8,1,9.8,-2.2,0.18,OK
F04347,2027-02-05 18:30,G3,8.3,-1,9.3,-2.2,0.23,OK
F04348,2027-02-05 18:30,G4,4.4,0,4.4,-2.2,0.21,OK
F04349,2027-02-05 18:30,G5,8.9,2,6.9,-2.2,0.18,OK
F04350,2027-02-05 18:30,G6,192.2,187,5.2,-2.2,0.23,OK
F04351,2027-02-05 18:30,G7,5.0,-2,7.0,-2.2,0.17,OK
F04352,2027-02-05 18:30,G8,6.2,0,6.2,-2.2,0.22,OK
F04353,2027-02-05 18:40,G1,22.3,0,22.3,-2.1,0.57,OK
F04354,2027-02-05 18:40,G2,23.0,1,22.0,-2.1,0.52,OK
F04355,2027-02-05 18:40,G3,32.7,-1,33.7,-2.1,0.51,OK
F04356,2027-02-05 18:40,G4,38.2,0,38.2,-2.1,0.54,OK
F04357,2027-02-05 18:40,G5,44.7,2,42.7,-2.1,0.53,OK
F04358,2027-02-05 18:40,G6,235.4,187,48.4,-2.1,0.53,OK
F04359,2027-02-05 18:40,G7,30.2,-2,32.2,-2.1,0.55,OK
F04360,2027-02-05 18:40,G8,25.5,0,25.5,-2.1,0.53,OK
F04361,2027-02-05 18:50,G1,8.3,0,8.3,-2.0,0.18,OK
F04362,2027-02-05 18:50,G2,6.6,1,5.6,-2.0,0.22,OK
F04363,2027-02-05 18:50,G3,4.5,-1,5.5,-2.0,0.23,OK
F04364,2027-02-05 18:50,G4,3.8,0,3.8,-2.0,0.16,OK
F04365,2027-02-05 18:50,G5,9.8,2,7.8,-2.0,0.24,OK
F04366,2027-02-05 18:50,G6,195.3,187,8.3,-2.0,0.18,OK
F04367,2027-02-05 18:50,G7,3.3,-2,5.3,-2.0,0.19,OK
F04368,2027-02-05 18:50,G8,9.5,0,9.5,-2.0,0.17,OK
F04369,2027-02-05 19:00,G1,34.6,0,34.6,-2.0,0.87,OK
F04370,2027-02-05 19:00,G2,49.5,1,48.5,-2.0,0.93,OK
F04371,2027-02-05 19:00,G3,52.9,-1,53.9,-2.0,0.86,OK
F04372,2027-02-05 19:00,G4,60.7,0,60.7,-2.0,0.88,OK
F04373,2027-02-05 19:00,G5,79.0,2,77.0,-2.0,0.92,OK
F04374,2027-02-05 19:00,G6,270.5,187,83.5,-2.0,0.85,OK
F04375,2027-02-05 19:00,G7,58.2,-2,60.2,-2.0,0.85,OK
F04376,2027-02-05 19:00,G8,38.5,0,38.5,-2.0,0.91,OK
F04377,2027-02-05 19:10,G1,2.8,0,2.8,-1.9,0.21,OK
F04378,2027-02-05 19:10,G2,5.2,1,4.2,-1.9,0.20,OK
F04379,2027-02-05 19:10,G3,8.4,-1,9.4,-1.9,0.21,OK
F04380,2027-02-05 19:10,G4,5.4,0,5.4,-1.9,0.22,OK
F04381,2027-02-05 19:10,G5,13.6,2,11.6,-1.9,0.22,OK
F04382,2027-02-05 19:10,G6,198.5,187,11.5,-1.9,0.22,OK
F04383,2027-02-05 19:10,G7,6.6,-2,8.6,-1.9,0.21,OK
F04384,2027-02-05 19:10,G8,12.3,0,12.3,-1.9,0.21,OK
F04385,2027-02-05 19:20,G1,44.4,0,44.4,-1.9,1.03,OK
F04386,2027-02-05 19:20,G2,55.8,1,54.8,-1.9,1.09,OK
F04387,2027-02-05 19:20,G3,59.9,-1,60.9,-1.9,1.09,OK
F04388,2027-02-05 19:20,G4,80.0,0,80.0,-1.9,1.03,OK
F04389,2027-02-05 19:20,G5,92.7,2,90.7,-1.9,1.06,OK
F04390,2027-02-05 19:20,G6,296.0,187,109.0,-1.9,1.04,OK
F04391,2027-02-05 19:20,G7,73.8,-2,75.8,-1.9,1.08,OK
F04392,2027-02-05 19:20,G8,50.0,0,50.0,-1.9,1.09,OK
F04393,2027-02-05 19:30,G1,4.2,0,4.2,-1.8,0.22,OK
F04394,2027-02-05 19:30,G2,7.3,1,6.3,-1.8,0.24,OK
F04395,2027-02-05 19:30,G3,5.1,-1,6.1,-1.8,0.23,OK
F04396,2027-02-05 19:30,G4,4.5,0,4.5,-1.8,0.24,OK
F04397,2027-02-05 19:30,G5,13.4,2,11.4,-1.8,0.19,OK
F04398,2027-02-05 19:30,G6,199.1,187,12.1,-1.8,0.18,OK
F04399,2027-02-05 19:30,G7,7.5,-2,9.5,-1.8,0.20,OK
F04400,2027-02-05 19:30,G8,10.9,0,10.9,-1.8,0.23,OK
F04401,2027-02-05 19:40,G1,24.6,0,24.6,-1.8,0.58,OK
F04402,2027-02-05 19:40,G2,33.4,1,32.4,-1.8,0.58,OK
F04403,2027-02-05 19:40,G3,32.3,-1,33.3,-1.8,0.57,OK
F04404,2027-02-05 19:40,G4,43.1,0,43.1,-1.8,0.63,OK
F04405,2027-02-05 19:40,G5,51.5,2,49.5,-1.8,0.57,OK
F04406,2027-02-05 19:40,G6,240.4,187,53.4,-1.8,0.63,OK
F04407,2027-02-05 19:40,G7,33.1,-2,35.1,-1.8,0.65,OK
F04408,2027-02-05 19:40,G8,27.4,0,27.4,-1.8,0.59,OK
F04409,2027-02-05 19:50,G1,2.9,0,2.9,-1.8,0.19,OK
F04410,2027-02-05 19:50,G2,11.6,1,10.6,-1.8,0.20,OK
F04411,2027-02-05 19:50,G3,5.3,-1,6.3,-1.8,0.22,OK
F04412,2027-02-05 19:50,G4,11.1,0,11.1,-1.8,0.21,OK
F04413,2027-02-05 19:50,G5,12.2,2,10.2,-1.8,0.22,OK
F04414,2027-02-05 19:50,G6,197.0,187,10.0,-1.8,0.19,OK
F04415,2027-02-05 19:50,G7,5.5,-2,7.5,-1.8,0.19,OK
F04416,2027-02-05 19:50,G8,7.3,0,7.3,-1.8,0.20,OK
F04417,2027-02-05 20:00,G1,40.8,0,40.8,-1.8,0.92,OK
F04418,2027-02-05 20:00,G2,49.8,1,48.8,-1.8,0.93,OK
F04419,2027-02-05 20:00,G3,59.2,-1,60.2,-1.8,0.99,OK
F04420,2027-02-05 20:00,G4,65.9,0,65.9,-1.8,0.96,OK
F04421,2027-02-05 20:00,G5,84.0,2,82.0,-1.8,0.95,OK
F04422,2027-02-05 20:00,G6,282.3,187,95.3,-1.8,0.97,OK
F04423,2027-02-05 20:00,G7,62.3,-2,64.3,-1.8,0.99,OK
F04424,2027-02-05 20:00,G8,48.8,0,48.8,-1.8,0.93,OK
F04425,2027-02-05 20:10,G1,7.2,0,7.2,-1.8,0.21,OK
F04426,2027-02-05 20:10,G2,3.8,1,2.8,-1.8,0.21,OK
F04427,2027-02-05 20:10,G3,7.3,-1,8.3,-1.8,0.18,OK
F04428,2027-02-05 20:10,G4,3.8,0,3.8,-1.8,0.22,OK
F04429,2027-02-05 20:10,G5,10.4,2,8.4,-1.8,0.21,OK
F04430,2027-02-05 20:10,G6,198.9,187,11.9,-1.8,0.22,OK
F04431,2027-02-05 20:10,G7,7.1,-2,9.1,-1.8,0.20,OK
F04432,2027-02-05 20:10,G8,12.3,0,12.3,-1.8,0.16,OK
F04433,2027-02-05 20:20,G1,50.3,0,50.3,-1.8,1.09,OK
F04434,2027-02-05 20:20,G2,60.5,1,59.5,-1.8,1.13,OK
F04435,2027-02-05 20:20,G3,68.4,-1,69.4,-1.8,1.08,OK
F04436,2027-02-05 20:20,G4,85.6,0,85.6,-1.8,1.09,OK
F04437,2027-02-05 20:20,G5,99.6,2,97.6,-1.8,1.10,OK
F04438,2027-02-05 20:20,G6,298.1,187,111.1,-1.8,1.15,OK
F04439,2027-02-05 20:20,G7,70.7,-2,72.7,-1.8,1.14,OK
F04440,2027-02-05 20:20,G8,54.7,0,54.7,-1.8,1.09,OK
F04441,2027-02-05 20:30,G1,3.0,0,3.0,-1.8,0.20,OK
F04442,2027-02-05 20:30,G2,7.3,1,6.3,-1.8,0.23,OK
F04443,2027-02-05 20:30,G3,6.7,-1,7.7,-1.8,0.20,OK
F04444,2027-02-05 20:30,G4,5.6,0,5.6,-1.8,0.19,OK
F04445,2027-02-05 20:30,G5,8.3,2,6.3,-1.8,0.20,OK
F04446,2027-02-05 20:30,G6,198.2,187,11.2,-1.8,0.17,OK
F04447,2027-02-05 20:30,G7,6.7,-2,8.7,-1.8,0.20,OK
F04448,2027-02-05 20:30,G8,9.2,0,9.2,-1.8,0.18,OK
F04449,2027-02-05 20:40,G1,31.0,0,31.0,-1.9,0.70,OK
F04450,2027-02-05 20:40,G2,37.5,1,36.5,-1.9,0.63,OK
F04451,2027-02-05 20:40,G3,38.9,-1,39.9,-1.9,0.70,OK
F04452,2027-02-05 20:40,G4,49.5,0,49.5,-1.9,0.64,OK
F04453,2027-02-05 20:40,G5,57.2,2,55.2,-1.9,0.68,OK
F04454,2027-02-05 20:40,G6,248.4,187,61.4,-1.9,0.64,OK
F04455,2027-02-05 20:40,G7,38.2,-2,40.2,-1.9,0.66,OK
F04456,2027-02-05 20:40,G8,29.4,0,29.4,-1.9,0.65,OK
F04457,2027-02-05 20:50,G1,6.8,0,6.8,-1.9,0.18,OK
F04458,2027-02-05 20:50,G2,9.0,1,8.0,-1.9,0.23,OK
F04459,2027-02-05 20:50,G3,5.5,-1,6.5,-1.9,0.23,OK
F04460,2027-02-05 20:50,G4,5.0,0,5.0,-1.9,0.18,OK
F04461,2027-02-05 20:50,G5,13.6,2,11.6,-1.9,0.18,OK
F04462,2027-02-05 20:50,G6,195.4,187,8.4,-1.9,0.17,OK
F04463,2027-02-05 20:50,G7,7.2,-2,9.2,-1.9,0.19,OK
F04464,2027-02-05 20:50,G8,12.5,0,12.5,-1.9,0.21,OK
F04465,2027-02-05 21:00,G1,39.7,0,39.7,-2.0,1.02,OK
F04466,2027-02-05 21:00,G2,51.1,1,50.1,-2.0,0.97,OK
F04467,2027-02-05 21:00,G3,58.1,-1,59.1,-2.0,1.03,OK
F04468,2027-02-05 21:00,G4,77.2,0,77.2,-2.0,0.99,OK
F04469,2027-02-05 21:00,G5,87.1,2,85.1,-2.0,0.97,OK
F04470,2027-02-05 21:00,G6,290.7,187,103.7,-2.0,0.98,OK
F04471,2027-02-05 21:00,G7,64.4,-2,66.4,-2.0,1.01,OK
F04472,2027-02-05 21:00,G8,48.2,0,48.2,-2.0,1.03,OK
F04473,2027-02-05 21:10,G1,8.5,0,8.5,-2.0,0.22,OK
F04474,2027-02-05 21:10,G2,10.1,1,9.1,-2.0,0.20,OK
F04475,2027-02-05 21:10,G3,9.6,-1,10.6,-2.0,0.16,OK
F04476,2027-02-05 21:10,G4,8.5,0,8.5,-2.0,0.17,OK
F04477,2027-02-05 21:10,G5,9.7,2,7.7,-2.0,0.19,OK
F04478,2027-02-05 21:10,G6,191.1,187,4.1,-2.0,0.23,OK
F04479,2027-02-05 21:10,G7,5.5,-2,7.5,-2.0,0.24,OK
F04480,2027-02-05 21:10,G8,5.5,0,5.5,-2.0,0.21,OK
F04481,2027-02-05 21:20,G1,20.8,0,20.8,-2.1,0.59,OK
F04482,2027-02-05 21:20,G2,27.9,1,26.9,-2.1,0.56,OK
F04483,2027-02-05 21:20,G3,28.5,-1,29.5,-2.1,0.57,OK
F04484,2027-02-05 21:20,G4,40.4,0,40.4,-2.1,0.53,OK
F04485,2027-02-05 21:20,G5,43.8,2,41.8,-2.1,0.55,OK
F04486,2027-02-05 21:20,G6,234.2,187,47.2,-2.1,0.58,OK
F04487,2027-02-05 21:20,G7,30.5,-2,32.5,-2.1,0.58,OK
F04488,2027-02-05 21:20,G8,29.2,0,29.2,-2.1,0.53,OK
F04489,2027-02-05 21:30,G1,9.5,0,9.5,-2.2,0.23,OK
F04490,2027-02-05 21:30,G2,8.2,1,7.2,-2.2,0.22,OK
F04491,2027-02-05 21:30,G3,9.8,-1,10.8,-2.2,0.22,OK
F04492,2027-02-05 21:30,G4,8.4,0,8.4,-2.2,0.17,OK
F04493,2027-02-05 21:30,G5,11.5,2,9.5,-2.2,0.20,OK
F04494,2027-02-05 21:30,G6,194.1,187,7.1,-2.2,0.22,OK
F04495,2027-02-05 21:30,G7,7.3,-2,9.3,-2.2,0.17,OK
F04496,2027-02-05 21:30,G8,8.2,0,8.2,-2.2,0.19,OK
F04497,2027-02-05 21:40,G1,25.4,0,25.4,-2.3,0.73,OK
F04498,2027-02-05 21:40,G2,34.3,1,33.3,-2.3,0.70,OK
F04499,2027-02-05 21:40,G3,37.9,-1,38.9,-2.3,0.69,OK
F04500,2027-02-05 21:40,G4,46.6,0,46.6,-2.3,0.74,OK
F04501,2027-02-05 21:40,G5,60.5,2,58.5,-2.3,0.70,OK
F04502,2027-02-05 21:40,G6,255.3,187,68.3,-2.3,0.70,OK
F04503,2027-02-05 21:40,G7,40.3,-2,42.3,-2.3,0.70,OK
F04504,2027-02-05 21:40,G8,34.9,0,34.9,-2.3,0.75,OK
F04505,2027-02-05 21:50,G1,9.0,0,9.0,-2.4,0.20,OK
F04506,2027-02-05 21:50,G2,2.8,1,1.8,-2.4,0.19,OK
F04507,2027-02-05 21:50,G3,6.6,-1,7.6,-2.4,0.18,OK
F04508,2027-02-05 21:50,G4,7.2,0,7.2,-2.4,0.22,OK
F04509,2027-02-05 21:50,G5,12.4,2,10.4,-2.4,0.23,OK
F04510,2027-02-05 21:50,G6,195.6,187,8.6,-2.4,0.18,OK
F04511,2027-02-05 21:50,G7,5.7,-2,7.7,-2.4,0.20,OK
F04512,2027-02-05 21:50,G8,3.5,0,3.5,-2.4,0.18,OK
F04513,2027-02-05 22:00,G1,1.5,0,1.5,-2.6,0.20,OK
F04514,2027-02-05 22:00,G2,2.3,1,1.3,-2.6,0.23,OK
F04515,2027-02-05 22:00,G3,0.7,-1,1.7,-2.6,0.22,OK
F04516,2027-02-05 22:00,G4,6.9,0,6.9,-2.6,0.19,OK
F04517,2027-02-05 22:00,G5,5.5,2,3.5,-2.6,0.17,OK
F04518,2027-02-05 22:00,G6,197.2,187,10.2,-2.6,0.23,OK
F04519,2027-02-05 22:00,G7,2.4,-2,4.4,-2.6,0.22,OK
F04520,2027-02-05 22:00,G8,7.7,0,7.7,-2.6,0.22,OK
F04521,2027-02-05 22:10,G1,6.0,0,6.0,-2.7,0.23,OK
F04522,2027-02-05 22:10,G2,4.0,1,3.0,-2.7,0.23,OK
F04523,2027-02-05 22:10,G3,2.0,-1,3.0,-2.7,0.23,OK
F04524,2027-02-05 22:10,G4,6.4,0,6.4,-2.7,0.20,OK
F04525,2027-02-05 22:10,G5,11.3,2,9.3,-2.7,0.21,OK
F04526,2027-02-05 22:10,G6,193.7,187,6.7,-2.7,0.17,OK
F04527,2027-02-05 22:10,G7,4.5,-2,6.5,-2.7,0.17,OK
F04528,2027-02-05 22:10,G8,3.4,0,3.4,-2.7,0.23,OK
F04529,2027-02-05 22:20,G1,3.8,0,3.8,-2.8,0.18,OK
F04530,2027-02-05 22:20,G2,6.6,1,5.6,-2.8,0.20,OK
F04531,2027-02-05 22:20,G3,4.4,-1,5.4,-2.8,0.19,OK
F04532,2027-02-05 22:20,G4,1.4,0,1.4,-2.8,0.20,OK
F04533,2027-02-05 22:20,G5,4.8,2,2.8,-2.8,0.21,OK
F04534,2027-02-05 22:20,G6,189.4,187,2.4,-2.8,0.23,OK
F04535,2027-02-05 22:20,G7,3.2,-2,5.2,-2.8,0.16,OK
F04536,2027-02-05 22:20,G8,8.9,0,8.9,-2.8,0.21,OK
F04537,2027-02-05 22:30,G1,3.1,0,3.1,-3.0,0.21,OK
F04538,2027-02-05 22:30,G2,4.5,1,3.5,-3.0,0.23,OK
F04539,2027-02-05 22:30,G3,8.0,-1,9.0,-3.0,0.20,OK
F04540,2027-02-05 22:30,G4,7.3,0,7.3,-3.0,0.18,OK
F04541,2027-02-05 22:30,G5,9.7,2,7.7,-3.0,0.19,OK
F04542,2027-02-05 22:30,G6,194.3,187,7.3,-3.0,0.24,OK
F04543,2027-02-05 22:30,G7,5.4,-2,7.4,-3.0,0.20,OK
F04544,2027-02-05 22:30,G8,4.3,0,4.3,-3.0,0.21,OK
F04545,2027-02-05 22:40,G1,2.3,0,2.3,-3.2,0.23,OK
F04546,2027-02-05 22:40,G2,9.4,1,8.4,-3.2,0.22,OK
F04547,2027-02-05 22:40,G3,7.1,-1,8.1,-3.2,0.17,OK
F04548,2027-02-05 22:40,G4,4.9,0,4.9,-3.2,0.18,OK
F04549,2027-02-05 22:40,G5,10.5,2,8.5,-3.2,0.22,OK
F04550,2027-02-05 22:40,G6,194.2,187,7.2,-3.2,0.23,OK
F04551,2027-02-05 22:40,G7,-1.0,-2,1.0,-3.2,0.21,OK
F04552,2027-02-05 22:40,G8,6.7,0,6.7,-3.2,0.21,OK
F04553,2027-02-05 22:50,G1,6.3,0,6.3,-3.3,0.16,OK
F04554,2027-02-05 22:50,G2,3.3,1,2.3,-3.3,0.18,OK
F04555,2027-02-05 22:50,G3,-0.9,-1,0.1,-3.3,0.22,OK
F04556,2027-02-05 22:50,G4,7.0,0,7.0,-3.3,0.20,OK
F04557,2027-02-05 22:50,G5,5.6,2,3.6,-3.3,0.17,OK
F04558,2027-02-05 22:50,G6,187.4,187,0.4,-3.3,0.18,OK
F04559,2027-02-05 22:50,G7,4.6,-2,6.6,-3.3,0.24,OK
F04560,2027-02-05 22:50,G8,6.1,0,6.1,-3.3,0.18,OK
F04561,2027-02-05 23:00,G1,-1.1,0,-1.1,-3.5,0.18,OK
F04562,2027-02-05 23:00,G2,0.1,1,-0.9,-3.5,0.24,OK
F04563,2027-02-05 23:00,G3,3.1,-1,4.1,-3.5,0.17,OK
F04564,2027-02-05 23:00,G4,-0.6,0,-0.6,-3.5,0.18,OK
F04565,2027-02-05 23:00,G5,6.0,2,4.0,-3.5,0.20,OK
F04566,2027-02-05 23:00,G6,188.8,187,1.8,-3.5,0.24,OK
F04567,2027-02-05 23:00,G7,3.1,-2,5.1,-3.5,0.20,OK
F04568,2027-02-05 23:00,G8,7.3,0,7.3,-3.5,0.18,OK
F04569,2027-02-05 23:10,G1,5.4,0,5.4,-3.7,0.23,OK
F04570,2027-02-05 23:10,G2,6.4,1,5.4,-3.7,0.23,OK
F04571,2027-02-05 23:10,G3,1.5,-1,2.5,-3.7,0.16,OK
F04572,2027-02-05 23:10,G4,5.0,0,5.0,-3.7,0.17,OK
F04573,2027-02-05 23:10,G5,3.7,2,1.7,-3.7,0.20,OK
F04574,2027-02-05 23:10,G6,188.7,187,1.7,-3.7,0.18,OK
F04575,2027-02-05 23:10,G7,1.1,-2,3.1,-3.7,0.18,OK
F04576,2027-02-05 23:10,G8,3.0,0,3.0,-3.7,0.23,OK
F04577,2027-02-05 23:20,G1,1.6,0,1.6,-3.9,0.22,OK
F04578,2027-02-05 23:20,G2,0.1,1,-0.9,-3.9,0.24,OK
F04579,2027-02-05 23:20,G3,5.4,-1,6.4,-3.9,0.19,OK
F04580,2027-02-05 23:20,G4,3.4,0,3.4,-3.9,0.21,OK
F04581,2027-02-05 23:20,G5,4.3,2,2.3,-3.9,0.17,OK
F04582,2027-02-05 23:20,G6,193.3,187,6.3,-3.9,0.22,OK
F04583,2027-02-05 23:20,G7,0.5,-2,2.5,-3.9,0.23,OK
F04584,2027-02-05 23:20,G8,4.6,0,4.6,-3.9,0.16,OK
F04585,2027-02-05 23:30,G1,0.1,0,0.1,-4.1,0.22,OK
F04586,2027-02-05 23:30,G2,1.1,1,0.1,-4.1,0.22,OK
F04587,2027-02-05 23:30,G3,-3.2,-1,-2.2,-4.1,0.21,OK
F04588,2027-02-05 23:30,G4,1.9,0,1.9,-4.1,0.17,OK
F04589,2027-02-05 23:30,G5,8.0,2,6.0,-4.1,0.22,OK
F04590,2027-02-05 23:30,G6,188.3,187,1.3,-4.1,0.23,OK
F04591,2027-02-05 23:30,G7,-1.3,-2,0.7,-4.1,0.16,OK
F04592,2027-02-05 23:30,G8,-0.2,0,-0.2,-4.1,0.17,OK
F04593,2027-02-05 23:40,G1,-1.1,0,-1.1,-4.3,0.17,OK
F04594,2027-02-05 23:40,G2,2.7,1,1.7,-4.3,0.22,OK
F04595,2027-02-05 23:40,G3,0.7,-1,1.7,-4.3,0.24,OK
F04596,2027-02-05 23:40,G4,-1.2,0,-1.2,-4.3,0.17,OK
F04597,2027-02-05 23:40,G5,7.4,2,5.4,-4.3,0.23,OK
F04598,2027-02-05 23:40,G6,192.7,187,5.7,-4.3,0.20,OK
F04599,2027-02-05 23:40,G7,2.8,-2,4.8,-4.3,0.21,OK
F04600,2027-02-05 23:40,G8,5.4,0,5.4,-4.3,0.19,OK
F04601,2027-02-05 23:50,G1,2.0,0,2.0,-4.5,0.20,OK
F04602,2027-02-05 23:50,G2,4.3,1,3.3,-4.5,0.20,OK
F04603,2027-02-05 23:50,G3,3.2,-1,4.2,-4.5,0.23,OK
F04604,2027-02-05 23:50,G4,-0.2,0,-0.2,-4.5,0.21,OK
F04605,2027-02-05 23:50,G5,4.4,2,2.4,-4.5,0.23,OK
F04606,2027-02-05 23:50,G6,184.4,187,-2.6,-4.5,0.23,OK
F04607,2027-02-05 23:50,G7,0.8,-2,2.8,-4.5,0.23,OK
F04608,2027-02-05 23:50,G8,-0.6,0,-0.6,-4.5,0.19,OK
F04609,2027-02-06 00:00,G1,-1.5,0,-1.5,-4.7,0.22,OK
F04610,2027-02-06 00:00,G2,5.0,1,4.0,-4.7,0.24,OK
F04611,2027-02-06 00:00,G3,-2.7,-1,-1.7,-4.7,0.24,OK
F04612,2027-02-06 00:00,G4,-0.1,0,-0.1,-4.7,0.19,OK
F04613,2027-02-06 00:00,G5,5.6,2,3.6,-4.7,0.23,OK
F04614,2027-02-06 00:00,G6,190.1,187,3.1,-4.7,0.23,OK
F04615,2027-02-06 00:00,G7,2.4,-2,4.4,-4.7,0.17,OK
F04616,2027-02-06 00:00,G8,2.1,0,2.1,-4.7,0.20,OK
F04617,2027-02-06 00:10,G1,2.8,0,2.8,-4.9,0.21,OK
F04618,2027-02-06 00:10,G2,3.0,1,2.0,-4.9,0.17,OK
F04619,2027-02-06 00:10,G3,1.7,-1,2.7,-4.9,0.22,OK
F04620,2027-02-06 00:10,G4,1.7,0,1.7,-4.9,0.20,OK
F04621,2027-02-06 00:10,G5,-0.3,2,-2.3,-4.9,0.17,OK
F04622,2027-02-06 00:10,G6,186.8,187,-0.2,-4.9,0.17,OK
F04623,2027-02-06 00:10,G7,-0.3,-2,1.7,-4.9,0.19,OK
F04624,2027-02-06 00:10,G8,-3.9,0,-3.9,-4.9,0.22,OK
F04625,2027-02-06 00:20,G1,4.0,0,4.0,-5.1,0.19,OK
F04626,2027-02-06 00:20,G2,3.0,1,2.0,-5.1,0.19,OK
F04627,2027-02-06 00:20,G3,0.1,-1,1.1,-5.1,0.23,OK
F04628,2027-02-06 00:20,G4,2.8,0,2.8,-5.1,0.19,OK
F04629,2027-02-06 00:20,G5,4.3,2,2.3,-5.1,0.22,OK
F04630,2027-02-06 00:20,G6,189.6,187,2.6,-5.1,0.23,OK
F04631,2027-02-06 00:20,G7,-2.3,-2,-0.3,-5.1,0.23,OK
F04632,2027-02-06 00:20,G8,2.2,0,2.2,-5.1,0.22,OK
F04633,2027-02-06 00:30,G1,-1.1,0,-1.1,-5.4,0.17,OK
F04634,2027-02-06 00:30,G2,-1.9,1,-2.9,-5.4,0.22,OK
F04635,2027-02-06 00:30,G3,-3.4,-1,-2.4,-5.4,0.20,OK
F04636,2027-02-06 00:30,G4,-4.4,0,-4.4,-5.4,0.20,OK
F04637,2027-02-06 00:30,G5,1.2,2,-0.8,-5.4,0.19,OK
F04638,2027-02-06 00:30,G6,190.1,187,3.1,-5.4,0.23,OK
F04639,2027-02-06 00:30,G7,-4.9,-2,-2.9,-5.4,0.18,OK
F04640,2027-02-06 00:30,G8,-5.0,0,-5.0,-5.4,0.21,OK
F04641,2027-02-06 00:40,G1,1.5,0,1.5,-5.6,0.19,OK
F04642,2027-02-06 00:40,G2,-3.5,1,-4.5,-5.6,0.16,OK
F04643,2027-02-06 00:40,G3,2.0,-1,3.0,-5.6,0.19,OK
F04644,2027-02-06 00:40,G4,1.5,0,1.5,-5.6,0.19,OK
F04645,2027-02-06 00:40,G5,1.4,2,-0.6,-5.6,0.23,OK
F04646,2027-02-06 00:40,G6,185.8,187,-1.2,-5.6,0.16,OK
F04647,2027-02-06 00:40,G7,0.3,-2,2.3,-5.6,0.20,OK
F04648,2027-02-06 00:40,G8,0.3,0,0.3,-5.6,0.21,OK
F04649,2027-02-06 00:50,G1,-4.2,0,-4.2,-5.9,0.20,OK
F04650,2027-02-06 00:50,G2,-3.3,1,-4.3,-5.9,0.23,OK
F04651,2027-02-06 00:50,G3,-7.1,-1,-6.1,-5.9,0.22,OK
F04652,2027-02-06 00:50,G4,-2.7,0,-2.7,-5.9,0.23,OK
F04653,2027-02-06 00:50,G5,-2.0,2,-4.0,-5.9,0.18,OK
F04654,2027-02-06 00:50,G6,181.3,187,-5.7,-5.9,0.16,OK
F04655,2027-02-06 00:50,G7,-4.9,-2,-2.9,-5.9,0.23,OK
F04656,2027-02-06 00:50,G8,-5.9,0,-5.9,-5.9,0.19,OK
F04657,2027-02-06 01:00,G1,-6.3,0,-6.3,-6.1,0.18,OK
F04658,2027-02-06 01:00,G2,-0.9,1,-1.9,-6.1,0.17,OK
F04659,2027-02-06 01:00,G3,-7.1,-1,-6.1,-6.1,0.17,OK
F04660,2027-02-06 01:00,G4,-4.8,0,-4.8,-6.1,0.22,OK
F04661,2027-02-06 01:00,G5,-3.1,2,-5.1,-6.1,0.19,OK
F04662,2027-02-06 01:00,G6,187.9,187,0.9,-6.1,0.23,OK
F04663,2027-02-06 01:00,G7,-5.7,-2,-3.7,-6.1,0.18,OK
F04664,2027-02-06 01:00,G8,-4.0,0,-4.0,-6.1,0.18,OK
F04665,2027-02-06 01:10,G1,-3.7,0,-3.7,-6.4,0.24,OK
F04666,2027-02-06 01:10,G2,0.7,1,-0.3,-6.4,0.16,OK
F04667,2027-02-06 01:10,G3,0.1,-1,1.1,-6.4,0.24,OK
F04668,2027-02-06 01:10,G4,-1.1,0,-1.1,-6.4,0.24,OK
F04669,2027-02-06 01:10,G5,0.2,2,-1.8,-6.4,0.24,OK
F04670,2027-02-06 01:10,G6,182.7,187,-4.3,-6.4,0.21,OK
F04671,2027-02-06 01:10,G7,-10.2,-2,-8.2,-6.4,0.17,OK
F04672,2027-02-06 01:10,G8,-4.3,0,-4.3,-6.4,0.16,OK
F04673,2027-02-06 01:20,G1,-7.0,0,-7.0,-6.6,0.17,OK
F04674,2027-02-06 01:20,G2,-3.6,1,-4.6,-6.6,0.19,OK
F04675,2027-02-06 01:20,G3,-4.4,-1,-3.4,-6.6,0.19,OK
F04676,2027-02-06 01:20,G4,-0.6,0,-0.6,-6.6,0.21,OK
F04677,2027-02-06 01:20,G5,1.9,2,-0.1,-6.6,0.16,OK
F04678,2027-02-06 01:20,G6,184.7,187,-2.3,-6.6,0.17,OK
F04679,2027-02-06 01:20,G7,-6.3,-2,-4.3,-6.6,0.22,OK
F04680,2027-02-06 01:20,G8,-6.2,0,-6.2,-6.6,0.23,OK
F04681,2027-02-06 01:30,G1,-5.6,0,-5.6,-6.9,0.17,OK
F04682,2027-02-06 01:30,G2,1.0,1,-0.0,-6.9,0.23,OK
F04683,2027-02-06 01:30,G3,-8.2,-1,-7.2,-6.9,0.22,OK
F04684,2027-02-06 01:30,G4,-6.1,0,-6.1,-6.9,0.19,OK
F04685,2027-02-06 01:30,G5,-4.3,2,-6.3,-6.9,0.21,OK
F04686,2027-02-06 01:30,G6,184.2,187,-2.8,-6.9,0.19,OK
F04687,2027-02-06 01:30,G7,-8.6,-2,-6.6,-6.9,0.18,OK
F04688,2027-02-06 01:30,G8,-7.2,0,-7.2,-6.9,0.19,OK
F04689,2027-02-06 01:40,G1,-8.8,0,-8.8,-7.2,0.23,OK
F04690,2027-02-06 01:40,G2,-0.8,1,-1.8,-7.2,0.17,OK
F04691,2027-02-06 01:40,G3,-7.1,-1,-6.1,-7.2,0.17,OK
F04692,2027-02-06 01:40,G4,-1.5,0,-1.5,-7.2,0.17,OK
F04693,2027-02-06 01:40,G5,-2.0,2,-4.0,-7.2,0.21,OK
F04694,2027-02-06 01:40,G6,179.3,187,-7.7,-7.2,0.23,OK
F04695,2027-02-06 01:40,G7,-12.1,-2,-10.1,-7.2,0.18,OK
F04696,2027-02-06 01:40,G8,-6.8,0,-6.8,-7.2,0.23,OK
F04697,2027-02-06 01:50,G1,-3.0,0,-3.0,-7.4,0.19,OK
F04698,2027-02-06 01:50,G2,-7.3,1,-8.3,-7.4,0.20,OK
F04699,2027-02-06 01:50,G3,-10.9,-1,-9.9,-7.4,0.20,OK
F04700,2027-02-06 01:50,G4,-3.8,0,-3.8,-7.4,0.19,OK
F04701,2027-02-06 01:50,G5,-2.3,2,-4.3,-7.4,0.19,OK
F04702,2027-02-06 01:50,G6,179.1,187,-7.9,-7.4,0.21,OK
F04703,2027-02-06 01:50,G7,-9.5,-2,-7.5,-7.4,0.17,OK
F04704,2027-02-06 01:50,G8,-10.0,0,-10.0,-7.4,0.18,OK
F04705,2027-02-06 02:00,G1,-9.0,0,-9.0,-7.7,0.17,OK
F04706,2027-02-06 02:00,G2,-5.3,1,-6.3,-7.7,0.16,OK
F04707,2027-02-06 02:00,G3,-8.2,-1,-7.2,-7.7,0.21,OK
F04708,2027-02-06 02:00,G4,-4.3,0,-4.3,-7.7,0.24,OK
F04709,2027-02-06 02:00,G5,-1.8,2,-3.8,-7.7,0.23,OK
F04710,2027-02-06 02:00,G6,181.2,187,-5.8,-7.7,0.19,OK
F04711,2027-02-06 02:00,G7,-9.5,-2,-7.5,-7.7,0.21,OK
F04712,2027-02-06 02:00,G8,-9.8,0,-9.8,-7.7,0.17,OK
F04713,2027-02-06 02:10,G1,-9.9,0,-9.9,-7.9,0.19,OK
F04714,2027-02-06 02:10,G2,-8.4,1,-9.4,-7.9,0.21,OK
F04715,2027-02-06 02:10,G3,-12.4,-1,-11.4,-7.9,0.17,OK
F04716,2027-02-06 02:10,G4,-5.5,0,-5.5,-7.9,0.22,OK
F04717,2027-02-06 02:10,G5,-9.6,2,-11.6,-7.9,0.17,OK
F04718,2027-02-06 02:10,G6,181.1,187,-5.9,-7.9,0.18,OK
F04719,2027-02-06 02:10,G7,-7.3,-2,-5.3,-7.9,0.18,OK
F04720,2027-02-06 02:10,G8,-11.4,0,-11.4,-7.9,0.24,OK
F04721,2027-02-06 02:20,G1,-3.8,0,-3.8,-8.2,0.20,OK
F04722,2027-02-06 02:20,G2,-5.4,1,-6.4,-8.2,0.19,OK
F04723,2027-02-06 02:20,G3,-10.5,-1,-9.5,-8.2,0.20,OK
F04724,2027-02-06 02:20,G4,-7.7,0,-7.7,-8.2,0.23,OK
F04725,2027-02-06 02:20,G5,-8.6,2,-10.6,-8.2,0.16,OK
F04726,2027-02-06 02:20,G6,175.1,187,-11.9,-8.2,0.21,OK
F04727,2027-02-06 02:20,G7,-12.8,-2,-10.8,-8.2,0.23,OK
F04728,2027-02-06 02:20,G8,-8.9,0,-8.9,-8.2,0.24,OK
F04729,2027-02-06 02:30,G1,-4.8,0,-4.8,-8.5,0.24,OK
F04730,2027-02-06 02:30,G2,-5.0,1,-6.0,-8.5,0.22,OK
F04731,2027-02-06 02:30,G3,-10.5,-1,-9.5,-8.5,0.24,OK
F04732,2027-02-06 02:30,G4,-12.8,0,-12.8,-8.5,0.21,OK
F04733,2027-02-06 02:30,G5,-10.0,2,-12.0,-8.5,0.24,OK
F04734,2027-02-06 02:30,G6,181.0,187,-6.0,-8.5,0.21,OK
F04735,2027-02-06 02:30,G7,-15.5,-2,-13.5,-8.5,0.19,OK
F04736,2027-02-06 02:30,G8,-13.4,0,-13.4,-8.5,0.23,OK
F04737,2027-02-06 02:40,G1,-11.0,0,-11.0,-8.7,0.18,OK
F04738,2027-02-06 02:40,G2,-8.1,1,-9.1,-8.7,0.22,OK
F04739,2027-02-06 02:40,G3,-8.5,-1,-7.5,-8.7,0.21,OK
F04740,2027-02-06 02:40,G4,-9.2,0,-9.2,-8.7,0.18,OK
F04741,2027-02-06 02:40,G5,-8.6,2,-10.6,-8.7,0.20,OK
F04742,2027-02-06 02:40,G6,174.5,187,-12.5,-8.7,0.17,OK
F04743,2027-02-06 02:40,G7,-14.8,-2,-12.8,-8.7,0.17,OK
F04744,2027-02-06 02:40,G8,-7.7,0,-7.7,-8.7,0.20,OK
F04745,2027-02-06 02:50,G1,-12.8,0,-12.8,-9.0,0.22,OK
F04746,2027-02-06 02:50,G2,-8.5,1,-9.5,-9.0,0.23,OK
F04747,2027-02-06 02:50,G3,-8.4,-1,-7.4,-9.0,0.16,OK
F04748,2027-02-06 02:50,G4,-14.3,0,-14.3,-9.0,0.18,OK
F04749,2027-02-06 02:50,G5,-5.5,2,-7.5,-9.0,0.17,OK
F04750,2027-02-06 02:50,G6,172.8,187,-14.2,-9.0,0.17,OK
F04751,2027-02-06 02:50,G7,-11.4,-2,-9.4,-9.0,0.17,OK
F04752,2027-02-06 02:50,G8,-9.3,0,-9.3,-9.0,0.17,OK
F04753,2027-02-06 03:00,G1,-10.2,0,-10.2,-9.2,0.22,OK
F04754,2027-02-06 03:00,G2,-7.5,1,-8.5,-9.2,0.20,OK
F04755,2027-02-06 03:00,G3,-10.3,-1,-9.3,-9.2,0.18,OK
F04756,2027-02-06 03:00,G4,-6.1,0,-6.1,-9.2,0.23,OK
F04757,2027-02-06 03:00,G5,-11.4,2,-13.4,-9.2,0.23,OK
F04758,2027-02-06 03:00,G6,176.7,187,-10.3,-9.2,0.17,OK
F04759,2027-02-06 03:00,G7,-18.3,-2,-16.3,-9.2,0.19,OK
F04760,2027-02-06 03:00,G8,-9.2,0,-9.2,-9.2,0.16,OK
F04761,2027-02-06 03:10,G1,-5.7,0,-5.7,-9.5,0.18,OK
F04762,2027-02-06 03:10,G2,-6.4,1,-7.4,-9.5,0.21,OK
F04763,2027-02-06 03:10,G3,-10.3,-1,-9.3,-9.5,0.21,OK
F04764,2027-02-06 03:10,G4,-12.0,0,-12.0,-9.5,0.18,OK
F04765,2027-02-06 03:10,G5,-11.1,2,-13.1,-9.5,0.18,OK
F04766,2027-02-06 03:10,G6,178.5,187,-8.5,-9.5,0.24,OK
F04767,2027-02-06 03:10,G7,-16.3,-2,-14.3,-9.5,0.24,OK
F04768,2027-02-06 03:10,G8,-16.4,0,-16.4,-9.5,0.23,OK
F04769,2027-02-06 03:20,G1,-11.8,0,-11.8,-9.7,0.21,OK
F04770,2027-02-06 03:20,G2,-6.4,1,-7.4,-9.7,0.24,OK
F04771,2027-02-06 03:20,G3,-8.1,-1,-7.1,-9.7,0.16,OK
F04772,2027-02-06 03:20,G4,-8.1,0,-8.1,-9.7,0.16,OK
F04773,2027-02-06 03:20,G5,-11.9,2,-13.9,-9.7,0.19,OK
F04774,2027-02-06 03:20,G6,174.3,187,-12.7,-9.7,0.20,OK
F04775,2027-02-06 03:20,G7,-15.0,-2,-13.0,-9.7,0.23,OK
F04776,2027-02-06 03:20,G8,-13.8,0,-13.8,-9.7,0.18,OK
F04777,2027-02-06 03:30,G1,-10.0,0,-10.0,-10.0,0.18,OK
F04778,2027-02-06 03:30,G2,-10.2,1,-11.2,-10.0,0.18,OK
F04779,2027-02-06 03:30,G3,-16.8,-1,-15.8,-10.0,0.22,OK
F04780,2027-02-06 03:30,G4,-10.6,0,-10.6,-10.0,0.21,OK
F04781,2027-02-06 03:30,G5,-10.3,2,-12.3,-10.0,0.21,OK
F04782,2027-02-06 03:30,G6,172.8,187,-14.2,-10.0,0.20,OK
F04783,2027-02-06 03:30,G7,-16.2,-2,-14.2,-10.0,0.21,OK
F04784,2027-02-06 03:30,G8,-12.2,0,-12.2,-10.0,0.17,OK
F04785,2027-02-06 03:40,G1,-14.8,0,-14.8,-10.2,0.22,OK
F04786,2027-02-06 03:40,G2,-9.9,1,-10.9,-10.2,0.20,OK
F04787,2027-02-06 03:40,G3,-17.1,-1,-16.1,-10.2,0.18,OK
F04788,2027-02-06 03:40,G4,-16.0,0,-16.0,-10.2,0.17,OK
F04789,2027-02-06 03:40,G5,-15.7,2,-17.7,-10.2,0.22,OK
F04790,2027-02-06 03:40,G6,170.4,187,-16.6,-10.2,0.17,OK
F04791,2027-02-06 03:40,G7,-18.0,-2,-16.0,-10.2,0.17,OK
F04792,2027-02-06 03:40,G8,-11.7,0,-11.7,-10.2,0.18,OK
F04793,2027-02-06 03:50,G1,-14.4,0,-14.4,-10.5,0.20,OK
F04794,2027-02-06 03:50,G2,-12.1,1,-13.1,-10.5,0.24,OK
F04795,2027-02-06 03:50,G3,-16.0,-1,-15.0,-10.5,0.22,OK
F04796,2027-02-06 03:50,G4,-17.7,0,-17.7,-10.5,0.17,OK
F04797,2027-02-06 03:50,G5,-8.7,2,-10.7,-10.5,0.23,OK
F04798,2027-02-06 03:50,G6,168.4,187,-18.6,-10.5,0.21,OK
F04799,2027-02-06 03:50,G7,-21.4,-2,-19.4,-10.5,0.19,OK
F04800,2027-02-06 03:50,G8,-11.9,0,-11.9,-10.5,0.24,OK
F04801,2027-02-06 04:00,G1,-10.2,0,-10.2,-10.7,0.17,OK
F04802,2027-02-06 04:00,G2,-12.0,1,-13.0,-10.7,0.19,OK
F04803,2027-02-06 04:00,G3,-9.9,-1,-8.9,-10.7,0.20,OK
F04804,2027-02-06 04:00,G4,-17.4,0,-17.4,-10.7,0.22,OK
F04805,2027-02-06 04:00,G5,-11.6,2,-13.6,-10.7,0.18,OK
F04806,2027-02-06 04:00,G6,170.4,187,-16.6,-10.7,0.23,OK
F04807,2027-02-06 04:00,G7,-20.9,-2,-18.9,-10.7,0.22,OK
F04808,2027-02-06 04:00,G8,-19.5,0,-19.5,-10.7,0.21,OK
F04809,2027-02-06 04:10,G1,-15.1,0,-15.1,-10.9,0.24,OK
F04810,2027-02-06 04:10,G2,-16.2,1,-17.2,-10.9,0.23,OK
F04811,2027-02-06 04:10,G3,-13.2,-1,-12.2,-10.9,0.20,OK
F04812,2027-02-06 04:10,G4,-18.2,0,-18.2,-10.9,0.23,OK
F04813,2027-02-06 04:10,G5,-17.8,2,-19.8,-10.9,0.23,OK
F04814,2027-02-06 04:10,G6,173.0,187,-14.0,-10.9,0.19,OK
F04815,2027-02-06 04:10,G7,-14.5,-2,-12.5,-10.9,0.21,OK
F04816,2027-02-06 04:10,G8,-14.8,0,-14.8,-10.9,0.21,OK
F04817,2027-02-06 04:20,G1,-12.8,0,-12.8,-11.1,0.19,OK
F04818,2027-02-06 04:20,G2,-13.5,1,-14.5,-11.1,0.22,OK
F04819,2027-02-06 04:20,G3,-18.3,-1,-17.3,-11.1,0.20,OK
F04820,2027-02-06 04:20,G4,-11.4,0,-11.4,-11.1,0.19,OK
F04821,2027-02-06 04:20,G5,-10.2,2,-12.2,-11.1,0.21,OK
F04822,2027-02-06 04:20,G6,168.6,187,-18.4,-11.1,0.23,OK
F04823,2027-02-06 04:20,G7,-15.6,-2,-13.6,-11.1,0.21,OK
F04824,2027-02-06 04:20,G8,-20.5,0,-20.5,-11.1,0.16,OK
F04825,2027-02-06 04:30,G1,-11.9,0,-11.9,-11.3,0.21,OK
F04826,2027-02-06 04:30,G2,-11.4,1,-12.4,-11.3,0.17,OK
F04827,2027-02-06 04:30,G3,-14.2,-1,-13.2,-11.3,0.23,OK
F04828,2027-02-06 04:30,G4,-13.5,0,-13.5,-11.3,0.17,OK
F04829,2027-02-06 04:30,G5,-13.0,2,-15.0,-11.3,0.18,OK
F04830,2027-02-06 04:30,G6,171.8,187,-15.2,-11.3,0.22,OK
F04831,2027-02-06 04:30,G7,-17.7,-2,-15.7,-11.3,0.23,OK
F04832,2027-02-06 04:30,G8,-18.9,0,-18.9,-11.3,0.23,OK
F04833,2027-02-06 04:40,G1,-18.2,0,-18.2,-11.5,0.17,OK
F04834,2027-02-06 04:40,G2,-15.8,1,-16.8,-11.5,0.19,OK
F04835,2027-02-06 04:40,G3,-12.5,-1,-11.5,-11.5,0.23,OK
F04836,2027-02-06 04:40,G4,-12.1,0,-12.1,-11.5,0.18,OK
F04837,2027-02-06 04:40,G5,-13.9,2,-15.9,-11.5,0.24,OK
F04838,2027-02-06 04:40,G6,173.2,187,-13.8,-11.5,0.22,OK
F04839,2027-02-06 04:40,G7,-23.9,-2,-21.9,-11.5,0.19,OK
F04840,2027-02-06 04:40,G8,-21.2,0,-21.2,-11.5,0.18,OK
F04841,2027-02-06 04:50,G1,-12.5,0,-12.5,-11.7,0.17,OK
F04842,2027-02-06 04:50,G2,-13.9,1,-14.9,-11.7,0.24,OK
F04843,2027-02-06 04:50,G3,-14.3,-1,-13.3,-11.7,0.17,OK
F04844,2027-02-06 04:50,G4,-19.4,0,-19.4,-11.7,0.24,OK
F04845,2027-02-06 04:50,G5,-19.1,2,-21.1,-11.7,0.18,OK
F04846,2027-02-06 04:50,G6,168.7,187,-18.3,-11.7,0.19,OK
F04847,2027-02-06 04:50,G7,-17.6,-2,-15.6,-11.7,0.20,OK
F04848,2027-02-06 04:50,G8,-17.7,0,-17.7,-11.7,0.18,OK
F04849,2027-02-06 05:00,G1,-16.5,0,-16.5,-11.9,0.22,OK
F04850,2027-02-06 05:00,G2,-11.5,1,-12.5,-11.9,0.22,OK
F04851,2027-02-06 05:00,G3,-16.9,-1,-15.9,-11.9,0.21,OK
F04852,2027-02-06 05:00,G4,-19.2,0,-19.2,-11.9,0.20,OK
F04853,2027-02-06 05:00,G5,-12.5,2,-14.5,-11.9,0.21,OK
F04854,2027-02-06 05:00,G6,166.3,187,-20.7,-11.9,0.24,OK
F04855,2027-02-06 05:00,G7,-19.2,-2,-17.2,-11.9,0.17,OK
F04856,2027-02-06 05:00,G8,-16.3,0,-16.3,-11.9,0.19,OK
F04857,2027-02-06 05:10,G1,-13.6,0,-13.6,-12.1,0.18,OK
F04858,2027-02-06 05:10,G2,-10.9,1,-11.9,-12.1,0.20,OK
F04859,2027-02-06 05:10,G3,-19.8,-1,-18.8,-12.1,0.21,OK
F04860,2027-02-06 05:10,G4,-18.0,0,-18.0,-12.1,0.21,OK
F04861,2027-02-06 05:10,G5,-15.3,2,-17.3,-12.1,0.17,OK
F04862,2027-02-06 05:10,G6,166.4,187,-20.6,-12.1,0.20,OK
F04863,2027-02-06 05:10,G7,-23.2,-2,-21.2,-12.1,0.23,OK
F04864,2027-02-06 05:10,G8,-17.9,0,-17.9,-12.1,0.23,OK
F04865,2027-02-06 05:20,G1,-18.3,0,-18.3,-12.3,0.18,OK
F04866,2027-02-06 05:20,G2,-16.0,1,-17.0,-12.3,0.19,OK
F04867,2027-02-06 05:20,G3,-19.3,-1,-18.3,-12.3,0.21,OK
F04868,2027-02-06 05:20,G4,-17.7,0,-17.7,-12.3,0.24,OK
F04869,2027-02-06 05:20,G5,-16.1,2,-18.1,-12.3,0.17,OK
F04870,2027-02-06 05:20,G6,163.3,187,-23.7,-12.3,0.17,OK
F04871,2027-02-06 05:20,G7,-26.6,-2,-24.6,-12.3,0.21,OK
F04872,2027-02-06 05:20,G8,-25.5,0,-25.5,-12.3,0.16,OK
F04873,2027-02-06 05:30,G1,-17.2,0,-17.2,-12.4,0.21,OK
F04874,2027-02-06 05:30,G2,-14.1,1,-15.1,-12.4,0.23,OK
F04875,2027-02-06 05:30,G3,-14.3,-1,-13.3,-12.4,0.17,OK
F04876,2027-02-06 05:30,G4,-15.4,0,-15.4,-12.4,0.22,OK
F04877,2027-02-06 05:30,G5,-15.0,2,-17.0,-12.4,0.23,OK
F04878,2027-02-06 05:30,G6,166.4,187,-20.6,-12.4,0.21,OK
F04879,2027-02-06 05:30,G7,-24.1,-2,-22.1,-12.4,0.20,OK
F04880,2027-02-06 05:30,G8,-26.5,0,-26.5,-12.4,0.22,OK
F04881,2027-02-06 05:40,G1,-14.2,0,-14.2,-12.6,0.20,OK
F04882,2027-02-06 05:40,G2,-13.0,1,-14.0,-12.6,0.20,OK
F04883,2027-02-06 05:40,G3,-14.6,-1,-13.6,-12.6,0.22,OK
F04884,2027-02-06 05:40,G4,-14.8,0,-14.8,-12.6,0.20,OK
F04885,2027-02-06 05:40,G5,-19.1,2,-21.1,-12.6,0.16,OK
F04886,2027-02-06 05:40,G6,170.0,187,-17.0,-12.6,0.19,OK
F04887,2027-02-06 05:40,G7,-21.3,-2,-19.3,-12.6,0.19,OK
F04888,2027-02-06 05:40,G8,-26.6,0,-26.6,-12.6,0.17,OK
F04889,2027-02-06 05:50,G1,-15.1,0,-15.1,-12.7,0.16,OK
F04890,2027-02-06 05:50,G2,-20.0,1,-21.0,-12.7,0.18,OK
F04891,2027-02-06 05:50,G3,-17.4,-1,-16.4,-12.7,0.18,OK
F04892,2027-02-06 05:50,G4,-16.0,0,-16.0,-12.7,0.20,OK
F04893,2027-02-06 05:50,G5,-17.7,2,-19.7,-12.7,0.17,OK
F04894,2027-02-06 05:50,G6,166.3,187,-20.7,-12.7,0.21,OK
F04895,2027-02-06 05:50,G7,-27.1,-2,-25.1,-12.7,0.19,OK
F04896,2027-02-06 05:50,G8,-21.1,0,-21.1,-12.7,0.20,OK
F04897,2027-02-06 06:00,G1,7.6,0,7.6,-12.9,0.85,OK
F04898,2027-02-06 06:00,G2,18.7,1,17.7,-12.9,0.81,OK
F04899,2027-02-06 06:00,G3,24.5,-1,25.5,-12.9,0.79,OK
F04900,2027-02-06 06:00,G4,30.2,0,30.2,-12.9,0.79,OK
F04901,2027-02-06 06:00,G5,38.8,2,36.8,-12.9,0.82,OK
F04902,2027-02-06 06:00,G6,240.4,187,53.4,-12.9,0.79,OK
F04903,2027-02-06 06:00,G7,18.4,-2,20.4,-12.9,0.79,OK
F04904,2027-02-06 06:00,G8,9.0,0,9.0,-12.9,0.78,OK
F04905,2027-02-06 06:10,G1,-18.0,0,-18.0,-13.0,0.23,OK
F04906,2027-02-06 06:10,G2,-17.2,1,-18.2,-13.0,0.22,OK
F04907,2027-02-06 06:10,G3,-19.0,-1,-18.0,-13.0,0.18,OK
F04908,2027-02-06 06:10,G4,-21.1,0,-21.1,-13.0,0.21,OK
F04909,2027-02-06 06:10,G5,-16.8,2,-18.8,-13.0,0.21,OK
F04910,2027-02-06 06:10,G6,164.6,187,-22.4,-13.0,0.17,OK
F04911,2027-02-06 06:10,G7,-28.1,-2,-26.1,-13.0,0.18,OK
F04912,2027-02-06 06:10,G8,-25.8,0,-25.8,-13.0,0.17,OK
F04913,2027-02-06 06:20,G1,21.6,0,21.6,-13.1,1.01,OK
F04914,2027-02-06 06:20,G2,25.1,1,24.1,-13.1,0.98,OK
F04915,2027-02-06 06:20,G3,35.8,-1,36.8,-13.1,1.01,OK
F04916,2027-02-06 06:20,G4,49.4,0,49.4,-13.1,0.97,OK
F04917,2027-02-06 06:20,G5,59.8,2,57.8,-13.1,1.00,OK
F04918,2027-02-06 06:20,G6,258.6,187,71.6,-13.1,0.96,OK
F04919,2027-02-06 06:20,G7,30.8,-2,32.8,-13.1,1.02,OK
F04920,2027-02-06 06:20,G8,14.6,0,14.6,-13.1,1.03,OK
F04921,2027-02-06 06:30,G1,-13.7,0,-13.7,-13.2,0.22,OK
F04922,2027-02-06 06:30,G2,-20.0,1,-21.0,-13.2,0.20,OK
F04923,2027-02-06 06:30,G3,-18.8,-1,-17.8,-13.2,0.16,OK
F04924,2027-02-06 06:30,G4,-17.4,0,-17.4,-13.2,0.23,OK
F04925,2027-02-06 06:30,G5,-22.0,2,-24.0,-13.2,0.22,OK
F04926,2027-02-06 06:30,G6,166.1,187,-20.9,-13.2,0.18,OK
F04927,2027-02-06 06:30,G7,-21.1,-2,-19.1,-13.2,0.18,OK
F04928,2027-02-06 06:30,G8,-23.5,0,-23.5,-13.2,0.21,OK
F04929,2027-02-06 06:40,G1,-2.7,0,-2.7,-13.3,0.54,OK
F04930,2027-02-06 06:40,G2,1.5,1,0.5,-13.3,0.56,OK
F04931,2027-02-06 06:40,G3,-1.4,-1,-0.4,-13.3,0.52,OK
F04932,2027-02-06 06:40,G4,9.3,0,9.3,-13.3,0.58,OK
F04933,2027-02-06 06:40,G5,16.7,2,14.7,-13.3,0.57,OK
F04934,2027-02-06 06:40,G6,203.2,187,16.2,-13.3,0.56,OK
F04935,2027-02-06 06:40,G7,1.0,-2,3.0,-13.3,0.52,OK
F04936,2027-02-06 06:40,G8,-4.5,0,-4.5,-13.3,0.53,OK
F04937,2027-02-06 06:50,G1,-17.4,0,-17.4,-13.4,0.22,OK
F04938,2027-02-06 06:50,G2,-18.7,1,-19.7,-13.4,0.23,OK
F04939,2027-02-06 06:50,G3,-23.7,-1,-22.7,-13.4,0.17,OK
F04940,2027-02-06 06:50,G4,-25.0,0,-25.0,-13.4,0.24,OK
F04941,2027-02-06 06:50,G5,-16.7,2,-18.7,-13.4,0.18,OK
F04942,2027-02-06 06:50,G6,159.7,187,-27.3,-13.4,0.18,OK
F04943,2027-02-06 06:50,G7,-25.5,-2,-23.5,-13.4,0.18,OK
F04944,2027-02-06 06:50,G8,-24.1,0,-24.1,-13.4,0.24,OK
F04945,2027-02-06 07:00,G1,15.1,0,15.1,-13.5,0.91,OK
F04946,2027-02-06 07:00,G2,18.3,1,17.3,-13.5,0.91,OK
F04947,2027-02-06 07:00,G3,21.4,-1,22.4,-13.5,0.85,OK
F04948,2027-02-06 07:00,G4,31.5,0,31.5,-13.5,0.84,OK
F04949,2027-02-06 07:00,G5,47.9,2,45.9,-13.5,0.84,OK
F04950,2027-02-06 07:00,G6,243.1,187,56.1,-13.5,0.86,OK
F04951,2027-02-06 07:00,G7,23.2,-2,25.2,-13.5,0.89,OK
F04952,2027-02-06 07:00,G8,6.8,0,6.8,-13.5,0.88,OK
F04953,2027-02-06 07:10,G1,-21.0,0,-21.0,-13.5,0.19,OK
F04954,2027-02-06 07:10,G2,-13.8,1,-14.8,-13.5,0.21,OK
F04955,2027-02-06 07:10,G3,-20.8,-1,-19.8,-13.5,0.20,OK
F04956,2027-02-06 07:10,G4,-22.2,0,-22.2,-13.5,0.20,OK
F04957,2027-02-06 07:10,G5,-18.0,2,-20.0,-13.5,0.19,OK
F04958,2027-02-06 07:10,G6,159.5,187,-27.5,-13.5,0.17,OK
F04959,2027-02-06 07:10,G7,-28.9,-2,-26.9,-13.5,0.18,OK
F04960,2027-02-06 07:10,G8,-21.7,0,-21.7,-13.5,0.21,OK
F04961,2027-02-06 07:20,G1,17.1,0,17.1,-13.6,1.01,OK
F04962,2027-02-06 07:20,G2,31.9,1,30.9,-13.6,1.03,OK
F04963,2027-02-06 07:20,G3,32.6,-1,33.6,-13.6,1.06,OK
F04964,2027-02-06 07:20,G4,52.8,0,52.8,-13.6,1.02,OK
F04965,2027-02-06 07:20,G5,60.4,2,58.4,-13.6,1.06,OK
F04966,2027-02-06 07:20,G6,259.6,187,72.6,-13.6,1.05,OK
F04967,2027-02-06 07:20,G7,33.1,-2,35.1,-13.6,1.06,OK
F04968,2027-02-06 07:20,G8,14.8,0,14.8,-13.6,1.01,OK
F04969,2027-02-06 07:30,G1,-15.1,0,-15.1,-13.6,0.19,OK
F04970,2027-02-06 07:30,G2,-13.9,1,-14.9,-13.6,0.20,OK
F04971,2027-02-06 07:30,G3,-20.4,-1,-19.4,-13.6,0.17,OK
F04972,2027-02-06 07:30,G4,-21.8,0,-21.8,-13.6,0.24,OK
F04973,2027-02-06 07:30,G5,-23.7,2,-25.7,-13.6,0.17,OK
F04974,2027-02-06 07:30,G6,161.7,187,-25.3,-13.6,0.24,OK
F04975,2027-02-06 07:30,G7,-26.7,-2,-24.7,-13.6,0.18,OK
F04976,2027-02-06 07:30,G8,-21.5,0,-21.5,-13.6,0.21,OK
F04977,2027-02-06 07:40,G1,0.3,0,0.3,-13.7,0.60,OK
F04978,2027-02-06 07:40,G2,-0.8,1,-1.8,-13.7,0.64,OK
F04979,2027-02-06 07:40,G3,8.9,-1,9.9,-13.7,0.56,OK
F04980,2027-02-06 07:40,G4,14.2,0,14.2,-13.7,0.59,OK
F04981,2027-02-06 07:40,G5,23.4,2,21.4,-13.7,0.57,OK
F04982,2027-02-06 07:40,G6,212.8,187,25.8,-13.7,0.58,OK
F04983,2027-02-06 07:40,G7,0.2,-2,2.2,-13.7,0.62,OK
F04984,2027-02-06 07:40,G8,-4.9,0,-4.9,-13.7,0.57,OK
F04985,2027-02-06 07:50,G1,-18.8,0,-18.8,-13.7,0.18,OK
F04986,2027-02-06 07:50,G2,-15.5,1,-16.5,-13.7,0.21,OK
F04987,2027-02-06 07:50,G3,-24.3,-1,-23.3,-13.7,0.21,OK
F04988,2027-02-06 07:50,G4,-18.6,0,-18.6,-13.7,0.23,OK
F04989,2027-02-06 07:50,G5,-17.2,2,-19.2,-13.7,0.19,OK
F04990,2027-02-06 07:50,G6,163.3,187,-23.7,-13.7,0.22,OK
F04991,2027-02-06 07:50,G7,-26.7,-2,-24.7,-13.7,0.16,OK
F04992,2027-02-06 07:50,G8,-26.0,0,-26.0,-13.7,0.23,OK
F04993,2027-02-06 08:00,G1,11.6,0,11.6,-13.7,0.95,OK
F04994,2027-02-06 08:00,G2,26.5,1,25.5,-13.7,0.92,OK
F04995,2027-02-06 08:00,G3,25.3,-1,26.3,-13.7,0.90,OK
F04996,2027-02-06 08:00,G4,39.9,0,39.9,-13.7,0.95,OK
F04997,2027-02-06 08:00,G5,55.9,2,53.9,-13.7,0.96,OK
F04998,2027-02-06 08:00,G6,245.1,187,58.1,-13.7,0.91,OK
F04999,2027-02-06 08:00,G7,26.4,-2,28.4,-13.7,0.94,OK
F05000,2027-02-06 08:00,G8,7.1,0,7.1,-13.7,0.92,OK
F05001,2027-02-06 08:10,G1,-17.9,0,-17.9,-13.7,0.18,OK
F05002,2027-02-06 08:10,G2,-20.0,1,-21.0,-13.7,0.23,OK
F05003,2027-02-06 08:10,G3,-23.6,-1,-22.6,-13.7,0.21,OK
F05004,2027-02-06 08:10,G4,-20.8,0,-20.8,-13.7,0.18,OK
F05005,2027-02-06 08:10,G5,-21.7,2,-23.7,-13.7,0.21,OK
F05006,2027-02-06 08:10,G6,166.6,187,-20.4,-13.7,0.18,OK
F05007,2027-02-06 08:10,G7,-26.3,-2,-24.3,-13.7,0.21,OK
F05008,2027-02-06 08:10,G8,-27.6,0,-27.6,-13.7,0.19,OK
F05009,2027-02-06 08:20,G1,21.1,0,21.1,-13.7,1.12,OK
F05010,2027-02-06 08:20,G2,35.8,1,34.8,-13.7,1.09,OK
F05011,2027-02-06 08:20,G3,39.2,-1,40.2,-13.7,1.11,OK
F05012,2027-02-06 08:20,G4,57.9,0,57.9,-13.7,1.08,OK
F05013,2027-02-06 08:20,G5,69.9,2,67.9,-13.7,1.08,OK
F05014,2027-02-06 08:20,G6,268.7,187,81.7,-13.7,1.08,OK
F05015,2027-02-06 08:20,G7,39.1,-2,41.1,-13.7,1.13,OK
F05016,2027-02-06 08:20,G8,18.2,0,18.2,-13.7,1.13,OK
F05017,2027-02-06 08:30,G1,-14.5,0,-14.5,-13.6,0.22,OK
F05018,2027-02-06 08:30,G2,-19.0,1,-20.0,-13.6,0.21,OK
F05019,2027-02-06 08:30,G3,-23.9,-1,-22.9,-13.6,0.20,OK
F05020,2027-02-06 08:30,G4,-22.5,0,-22.5,-13.6,0.17,OK
F05021,2027-02-06 08:30,G5,-19.1,2,-21.1,-13.6,0.18,OK
F05022,2027-02-06 08:30,G6,161.7,187,-25.3,-13.6,0.18,OK
F05023,2027-02-06 08:30,G7,-25.6,-2,-23.6,-13.6,0.21,OK
F05024,2027-02-06 08:30,G8,-25.9,0,-25.9,-13.6,0.18,OK
F05025,2027-02-06 08:40,G1,0.2,0,0.2,-13.6,0.64,OK
F05026,2027-02-06 08:40,G2,10.4,1,9.4,-13.6,0.67,OK
F05027,2027-02-06 08:40,G3,5.7,-1,6.7,-13.6,0.69,OK
F05028,2027-02-06 08:40,G4,19.2,0,19.2,-13.6,0.65,OK
F05029,2027-02-06 08:40,G5,28.3,2,26.3,-13.6,0.69,OK
F05030,2027-02-06 08:40,G6,216.0,187,29.0,-13.6,0.64,OK
F05031,2027-02-06 08:40,G7,4.1,-2,6.1,-13.6,0.69,OK
F05032,2027-02-06 08:40,G8,-0.7,0,-0.7,-13.6,0.69,OK
F05033,2027-02-06 08:50,G1,-18.3,0,-18.3,-13.5,0.18,OK
F05034,2027-02-06 08:50,G2,-19.9,1,-20.9,-13.5,0.18,OK
F05035,2027-02-06 08:50,G3,-23.5,-1,-22.5,-13.5,0.18,OK
F05036,2027-02-06 08:50,G4,-18.7,0,-18.7,-13.5,0.19,OK
F05037,2027-02-06 08:50,G5,-16.8,2,-18.8,-13.5,0.16,OK
F05038,2027-02-06 08:50,G6,164.0,187,-23.0,-13.5,0.21,OK
F05039,2027-02-06 08:50,G7,-30.5,-2,-28.5,-13.5,0.24,OK
F05040,2027-02-06 08:50,G8,-23.5,0,-23.5,-13.5,0.24,OK
F05041,2027-02-06 09:00,G1,17.6,0,17.6,-13.5,1.03,OK
F05042,2027-02-06 09:00,G2,24.5,1,23.5,-13.5,0.97,OK
F05043,2027-02-06 09:00,G3,32.9,-1,33.9,-13.5,1.02,OK
F05044,2027-02-06 09:00,G4,46.7,0,46.7,-13.5,1.00,OK
F05045,2027-02-06 09:00,G5,58.0,2,56.0,-13.5,0.97,OK
F05046,2027-02-06 09:00,G6,251.6,187,64.6,-13.5,1.02,OK
F05047,2027-02-06 09:00,G7,32.1,-2,34.1,-13.5,0.99,OK
F05048,2027-02-06 09:00,G8,14.7,0,14.7,-13.5,0.99,OK
F05049,2027-02-06 09:10,G1,-17.7,0,-17.7,-13.4,0.22,OK
F05050,2027-02-06 09:10,G2,-13.3,1,-14.3,-13.4,0.20,OK
F05051,2027-02-06 09:10,G3,-22.3,-1,-21.3,-13.4,0.23,OK
F05052,2027-02-06 09:10,G4,-18.9,0,-18.9,-13.4,0.21,OK
F05053,2027-02-06 09:10,G5,-24.3,2,-26.3,-13.4,0.22,OK
F05054,2027-02-06 09:10,G6,163.8,187,-23.2,-13.4,0.17,OK
F05055,2027-02-06 09:10,G7,-25.1,-2,-23.1,-13.4,0.20,OK
F05056,2027-02-06 09:10,G8,-21.3,0,-21.3,-13.4,0.17,OK
F05057,2027-02-06 09:20,G1,-3.2,0,-3.2,-13.3,0.54,OK
F05058,2027-02-06 09:20,G2,1.3,1,0.3,-13.3,0.53,OK
F05059,2027-02-06 09:20,G3,2.9,-1,3.9,-13.3,0.54,OK
F05060,2027-02-06 09:20,G4,12.0,0,12.0,-13.3,0.54,OK
F05061,2027-02-06 09:20,G5,10.3,2,8.3,-13.3,0.52,OK
F05062,2027-02-06 09:20,G6,207.4,187,20.4,-13.3,0.52,OK
F05063,2027-02-06 09:20,G7,0.4,-2,2.4,-13.3,0.52,OK
F05064,2027-02-06 09:20,G8,-10.4,0,-10.4,-13.3,0.51,OK
F05065,2027-02-06 09:30,G1,-13.1,0,-13.1,-13.2,0.17,OK
F05066,2027-02-06 09:30,G2,-18.2,1,-19.2,-13.2,0.19,OK
F05067,2027-02-06 09:30,G3,-18.7,-1,-17.7,-13.2,0.16,OK
F05068,2027-02-06 09:30,G4,-19.5,0,-19.5,-13.2,0.16,OK
F05069,2027-02-06 09:30,G5,-16.5,2,-18.5,-13.2,0.16,OK
F05070,2027-02-06 09:30,G6,162.7,187,-24.3,-13.2,0.19,OK
F05071,2027-02-06 09:30,G7,-23.1,-2,-21.1,-13.2,0.21,OK
F05072,2027-02-06 09:30,G8,-20.1,0,-20.1,-13.2,0.18,OK
F05073,2027-02-06 09:40,G1,6.2,0,6.2,-13.1,0.69,OK
F05074,2027-02-06 09:40,G2,11.2,1,10.2,-13.1,0.74,OK
F05075,2027-02-06 09:40,G3,16.2,-1,17.2,-13.1,0.74,OK
F05076,2027-02-06 09:40,G4,24.2,0,24.2,-13.1,0.69,OK
F05077,2027-02-06 09:40,G5,32.4,2,30.4,-13.1,0.74,OK
F05078,2027-02-06 09:40,G6,221.3,187,34.3,-13.1,0.69,OK
F05079,2027-02-06 09:40,G7,10.3,-2,12.3,-13.1,0.71,OK
F05080,2027-02-06 09:40,G8,-1.0,0,-1.0,-13.1,0.74,OK
F05081,2027-02-06 09:50,G1,-17.8,0,-17.8,-13.0,0.19,OK
F05082,2027-02-06 09:50,G2,-17.1,1,-18.1,-13.0,0.24,OK
F05083,2027-02-06 09:50,G3,-22.6,-1,-21.6,-13.0,0.18,OK
F05084,2027-02-06 09:50,G4,-18.9,0,-18.9,-13.0,0.22,OK
F05085,2027-02-06 09:50,G5,-20.1,2,-22.1,-13.0,0.17,OK
F05086,2027-02-06 09:50,G6,167.3,187,-19.7,-13.0,0.18,OK
F05087,2027-02-06 09:50,G7,-21.9,-2,-19.9,-13.0,0.19,OK
F05088,2027-02-06 09:50,G8,-20.9,0,-20.9,-13.0,0.21,OK
F05089,2027-02-06 10:00,G1,23.7,0,23.7,-12.9,1.05,OK
F05090,2027-02-06 10:00,G2,30.3,1,29.3,-12.9,1.07,OK
F05091,2027-02-06 10:00,G3,39.9,-1,40.9,-12.9,1.08,OK
F05092,2027-02-06 10:00,G4,51.5,0,51.5,-12.9,1.03,OK
F05093,2027-02-06 10:00,G5,69.7,2,67.7,-12.9,1.06,OK
F05094,2027-02-06 10:00,G6,264.3,187,77.3,-12.9,1.04,OK
F05095,2027-02-06 10:00,G7,42.0,-2,44.0,-12.9,1.09,OK
F05096,2027-02-06 10:00,G8,20.3,0,20.3,-12.9,1.07,OK
F05097,2027-02-06 10:10,G1,-19.3,0,-19.3,-12.7,0.22,OK
F05098,2027-02-06 10:10,G2,-11.8,1,-12.8,-12.7,0.21,OK
F05099,2027-02-06 10:10,G3,-17.4,-1,-16.4,-12.7,0.20,OK
F05100,2027-02-06 10:10,G4,-20.9,0,-20.9,-12.7,0.23,OK
F05101,2027-02-06 10:10,G5,-19.9,2,-21.9,-12.7,0.23,OK
F05102,2027-02-06 10:10,G6,166.2,187,-20.8,-12.7,0.16,OK
F05103,2027-02-06 10:10,G7,-23.6,-2,-21.6,-12.7,0.23,OK
F05104,2027-02-06 10:10,G8,-26.9,0,-26.9,-12.7,0.22,OK
F05105,2027-02-06 10:20,G1,-1.7,0,-1.7,-12.6,0.60,OK
F05106,2027-02-06 10:20,G2,3.5,1,2.5,-12.6,0.58,OK
F05107,2027-02-06 10:20,G3,6.5,-1,7.5,-12.6,0.63,OK
F05108,2027-02-06 10:20,G4,14.0,0,14.0,-12.6,0.57,OK
F05109,2027-02-06 10:20,G5,26.3,2,24.3,-12.6,0.60,OK
F05110,2027-02-06 10:20,G6,215.7,187,28.7,-12.6,0.60,OK
F05111,2027-02-06 10:20,G7,8.7,-2,10.7,-12.6,0.64,OK
F05112,2027-02-06 10:20,G8,-5.0,0,-5.0,-12.6,0.59,OK
F05113,2027-02-06 10:30,G1,-11.7,0,-11.7,-12.4,0.23,OK
F05114,2027-02-06 10:30,G2,-19.8,1,-20.8,-12.4,0.20,OK
F05115,2027-02-06 10:30,G3,-21.7,-1,-20.7,-12.4,0.22,OK
F05116,2027-02-06 10:30,G4,-17.9,0,-17.9,-12.4,0.20,OK
F05117,2027-02-06 10:30,G5,-21.2,2,-23.2,-12.4,0.23,OK
F05118,2027-02-06 10:30,G6,168.4,187,-18.6,-12.4,0.18,OK
F05119,2027-02-06 10:30,G7,-26.3,-2,-24.3,-12.4,0.20,OK
F05120,2027-02-06 10:30,G8,-20.3,0,-20.3,-12.4,0.22,OK
F05121,2027-02-06 10:40,G1,6.6,0,6.6,-12.3,0.81,OK
F05122,2027-02-06 10:40,G2,21.2,1,20.2,-12.3,0.75,OK
F05123,2027-02-06 10:40,G3,18.5,-1,19.5,-12.3,0.75,OK
F05124,2027-02-06 10:40,G4,29.3,0,29.3,-12.3,0.81,OK
F05125,2027-02-06 10:40,G5,43.4,2,41.4,-12.3,0.81,OK
F05126,2027-02-06 10:40,G6,238.3,187,51.3,-12.3,0.77,OK
F05127,2027-02-06 10:40,G7,23.4,-2,25.4,-12.3,0.75,OK
F05128,2027-02-06 10:40,G8,5.0,0,5.0,-12.3,0.76,OK
F05129,2027-02-06 10:50,G1,-19.2,0,-19.2,-12.1,0.20,OK
F05130,2027-02-06 10:50,G2,-16.0,1,-17.0,-12.1,0.23,OK
F05131,2027-02-06 10:50,G3,-16.0,-1,-15.0,-12.1,0.17,OK
F05132,2027-02-06 10:50,G4,-19.7,0,-19.7,-12.1,0.17,OK
F05133,2027-02-06 10:50,G5,-14.1,2,-16.1,-12.1,0.16,OK
F05134,2027-02-06 10:50,G6,168.5,187,-18.5,-12.1,0.17,OK
F05135,2027-02-06 10:50,G7,-25.9,-2,-23.9,-12.1,0.23,OK
F05136,2027-02-06 10:50,G8,-24.0,0,-24.0,-12.1,0.21,OK
F05137,2027-02-06 11:00,G1,28.8,0,28.8,-11.9,1.16,OK
F05138,2027-02-06 11:00,G2,35.1,1,34.1,-11.9,1.11,OK
F05139,2027-02-06 11:00,G3,44.6,-1,45.6,-11.9,1.15,OK
F05140,2027-02-06 11:00,G4,57.8,0,57.8,-11.9,1.13,OK
F05141,2027-02-06 11:00,G5,71.5,2,69.5,-11.9,1.11,OK
F05142,2027-02-06 11:00,G6,271.1,187,84.1,-11.9,1.14,OK
F05143,2027-02-06 11:00,G7,48.2,-2,50.2,-11.9,1.16,OK
F05144,2027-02-06 11:00,G8,26.0,0,26.0,-11.9,1.11,OK
F05145,2027-02-06 11:10,G1,-16.1,0,-16.1,-11.7,0.21,OK
F05146,2027-02-06 11:10,G2,-15.2,1,-16.2,-11.7,0.17,OK
F05147,2027-02-06 11:10,G3,-14.9,-1,-13.9,-11.7,0.21,OK
F05148,2027-02-06 11:10,G4,-15.0,0,-15.0,-11.7,0.20,OK
F05149,2027-02-06 11:10,G5,-17.9,2,-19.9,-11.7,0.21,OK
F05150,2027-02-06 11:10,G6,173.1,187,-13.9,-11.7,0.22,OK
F05151,2027-02-06 11:10,G7,-20.7,-2,-18.7,-11.7,0.22,OK
F05152,2027-02-06 11:10,G8,-22.5,0,-22.5,-11.7,0.24,OK
F05153,2027-02-06 11:20,G1,3.0,0,3.0,-11.5,0.69,OK
F05154,2027-02-06 11:20,G2,15.2,1,14.2,-11.5,0.69,OK
F05155,2027-02-06 11:20,G3,16.7,-1,17.7,-11.5,0.69,OK
F05156,2027-02-06 11:20,G4,23.7,0,23.7,-11.5,0.69,OK
F05157,2027-02-06 11:20,G5,27.2,2,25.2,-11.5,0.71,OK
F05158,2027-02-06 11:20,G6,222.2,187,35.2,-11.5,0.67,OK
F05159,2027-02-06 11:20,G7,16.0,-2,18.0,-11.5,0.69,OK
F05160,2027-02-06 11:20,G8,0.1,0,0.1,-11.5,0.63,OK
F05161,2027-02-06 11:30,G1,-16.0,0,-16.0,-11.3,0.16,OK
F05162,2027-02-06 11:30,G2,-14.1,1,-15.1,-11.3,0.21,OK
F05163,2027-02-06 11:30,G3,-19.3,-1,-18.3,-11.3,0.23,OK
F05164,2027-02-06 11:30,G4,-18.7,0,-18.7,-11.3,0.22,OK
F05165,2027-02-06 11:30,G5,-14.8,2,-16.8,-11.3,0.21,OK
F05166,2027-02-06 11:30,G6,169.4,187,-17.6,-11.3,0.21,OK
F05167,2027-02-06 11:30,G7,-16.5,-2,-14.5,-11.3,0.22,OK
F05168,2027-02-06 11:30,G8,-15.0,0,-15.0,-11.3,0.23,OK
F05169,2027-02-06 11:40,G1,14.8,0,14.8,-11.1,0.87,OK
F05170,2027-02-06 11:40,G2,25.3,1,24.3,-11.1,0.85,OK
F05171,2027-02-06 11:40,G3,25.9,-1,26.9,-11.1,0.87,OK
F05172,2027-02-06 11:40,G4,36.7,0,36.7,-11.1,0.86,OK
F05173,2027-02-06 11:40,G5,47.2,2,45.2,-11.1,0.87,OK
F05174,2027-02-06 11:40,G6,244.6,187,57.6,-11.1,0.84,OK
F05175,2027-02-06 11:40,G7,29.2,-2,31.2,-11.1,0.83,OK
F05176,2027-02-06 11:40,G8,17.6,0,17.6,-11.1,0.81,OK
F05177,2027-02-06 11:50,G1,-16.2,0,-16.2,-10.9,0.21,OK
F05178,2027-02-06 11:50,G2,-11.6,1,-12.6,-10.9,0.17,OK
F05179,2027-02-06 11:50,G3,-15.3,-1,-14.3,-10.9,0.18,OK
F05180,2027-02-06 11:50,G4,-14.8,0,-14.8,-10.9,0.20,OK
F05181,2027-02-06 11:50,G5,-16.9,2,-18.9,-10.9,0.19,OK
F05182,2027-02-06 11:50,G6,168.4,187,-18.6,-10.9,0.21,OK
F05183,2027-02-06 11:50,G7,-15.9,-2,-13.9,-10.9,0.23,OK
F05184,2027-02-06 11:50,G8,-19.2,0,-19.2,-10.9,0.24,OK
F05185,2027-02-06 12:00,G1,6.1,0,6.1,-10.7,0.60,OK
F05186,2027-02-06 12:00,G2,9.9,1,8.9,-10.7,0.56,OK
F05187,2027-02-06 12:00,G3,10.1,-1,11.1,-10.7,0.56,OK
F05188,2027-02-06 12:00,G4,17.1,0,17.1,-10.7,0.52,OK
F05189,2027-02-06 12:00,G5,26.6,2,24.6,-10.7,0.52,OK
F05190,2027-02-06 12:00,G6,216.1,187,29.1,-10.7,0.56,OK
F05191,2027-02-06 12:00,G7,5.5,-2,7.5,-10.7,0.54,OK
F05192,2027-02-06 12:00,G8,1.2,0,1.2,-10.7,0.58,OK
F05193,2027-02-06 12:10,G1,-14.6,0,-14.6,-10.5,0.22,OK
F05194,2027-02-06 12:10,G2,-14.7,1,-15.7,-10.5,0.19,OK
F05195,2027-02-06 12:10,G3,-12.2,-1,-11.2,-10.5,0.23,OK
F05196,2027-02-06 12:10,G4,-13.2,0,-13.2,-10.5,0.17,OK
F05197,2027-02-06 12:10,G5,-7.9,2,-9.9,-10.5,0.22,OK
F05198,2027-02-06 12:10,G6,176.0,187,-11.0,-10.5,0.16,OK
F05199,2027-02-06 12:10,G7,-15.2,-2,-13.2,-10.5,0.20,OK
F05200,2027-02-06 12:10,G8,-18.5,0,-18.5,-10.5,0.17,OK
F05201,2027-02-06 12:20,G1,12.9,0,12.9,-10.2,0.74,OK
F05202,2027-02-06 12:20,G2,16.1,1,15.1,-10.2,0.71,OK
F05203,2027-02-06 12:20,G3,19.3,-1,20.3,-10.2,0.70,OK
F05204,2027-02-06 12:20,G4,32.3,0,32.3,-10.2,0.72,OK
F05205,2027-02-06 12:20,G5,45.4,2,43.4,-10.2,0.75,OK
F05206,2027-02-06 12:20,G6,234.5,187,47.5,-10.2,0.70,OK
F05207,2027-02-06 12:20,G7,24.6,-2,26.6,-10.2,0.72,OK
F05208,2027-02-06 12:20,G8,10.6,0,10.6,-10.2,0.71,OK
F05209,2027-02-06 12:30,G1,-8.1,0,-8.1,-10.0,0.17,OK
F05210,2027-02-06 12:30,G2,-8.8,1,-9.8,-10.0,0.18,OK
F05211,2027-02-06 12:30,G3,-12.2,-1,-11.2,-10.0,0.17,OK
F05212,2027-02-06 12:30,G4,-16.8,0,-16.8,-10.0,0.23,OK
F05213,2027-02-06 12:30,G5,-10.8,2,-12.8,-10.0,0.22,OK
F05214,2027-02-06 12:30,G6,171.9,187,-15.1,-10.0,0.24,OK
F05215,2027-02-06 12:30,G7,-20.1,-2,-18.1,-10.0,0.23,OK
F05216,2027-02-06 12:30,G8,-15.6,0,-15.6,-10.0,0.17,OK
F05217,2027-02-06 12:40,G1,24.5,0,24.5,-9.7,0.89,OK
F05218,2027-02-06 12:40,G2,30.1,1,29.1,-9.7,0.88,OK
F05219,2027-02-06 12:40,G3,38.1,-1,39.1,-9.7,0.89,OK
F05220,2027-02-06 12:40,G4,46.6,0,46.6,-9.7,0.91,OK
F05221,2027-02-06 12:40,G5,60.6,2,58.6,-9.7,0.92,OK
F05222,2027-02-06 12:40,G6,257.3,187,70.3,-9.7,0.87,OK
F05223,2027-02-06 12:40,G7,40.4,-2,42.4,-9.7,0.93,OK
F05224,2027-02-06 12:40,G8,16.5,0,16.5,-9.7,0.93,OK
F05225,2027-02-06 12:50,G1,-10.1,0,-10.1,-9.5,0.20,OK
F05226,2027-02-06 12:50,G2,-10.2,1,-11.2,-9.5,0.22,OK
F05227,2027-02-06 12:50,G3,-13.2,-1,-12.2,-9.5,0.19,OK
F05228,2027-02-06 12:50,G4,-12.4,0,-12.4,-9.5,0.21,OK
F05229,2027-02-06 12:50,G5,-5.4,2,-7.4,-9.5,0.20,OK
F05230,2027-02-06 12:50,G6,179.2,187,-7.8,-9.5,0.21,OK
F05231,2027-02-06 12:50,G7,-15.4,-2,-13.4,-9.5,0.23,OK
F05232,2027-02-06 12:50,G8,-16.8,0,-16.8,-9.5,0.23,OK
F05233,2027-02-06 13:00,G1,13.6,0,13.6,-9.2,0.65,OK
F05234,2027-02-06 13:00,G2,18.6,1,17.6,-9.2,0.65,OK
F05235,2027-02-06 13:00,G3,20.4,-1,21.4,-9.2,0.60,OK
F05236,2027-02-06 13:00,G4,24.5,0,24.5,-9.2,0.62,OK
F05237,2027-02-06 13:00,G5,32.7,2,30.7,-9.2,0.64,OK
F05238,2027-02-06 13:00,G6,227.3,187,40.3,-9.2,0.59,OK
F05239,2027-02-06 13:00,G7,17.1,-2,19.1,-9.2,0.62,OK
F05240,2027-02-06 13:00,G8,6.1,0,6.1,-9.2,0.59,OK
F05241,2027-02-06 13:10,G1,-9.1,0,-9.1,-9.0,0.18,OK
F05242,2027-02-06 13:10,G2,-7.7,1,-8.7,-9.0,0.20,OK
F05243,2027-02-06 13:10,G3,-13.8,-1,-12.8,-9.0,0.23,OK
F05244,2027-02-06 13:10,G4,-9.9,0,-9.9,-9.0,0.17,OK
F05245,2027-02-06 13:10,G5,-7.3,2,-9.3,-9.0,0.18,OK
F05246,2027-02-06 13:10,G6,173.3,187,-13.7,-9.0,0.18,OK
F05247,2027-02-06 13:10,G7,-16.4,-2,-14.4,-9.0,0.18,OK
F05248,2027-02-06 13:10,G8,-10.1,0,-10.1,-9.0,0.20,OK
F05249,2027-02-06 13:20,G1,22.1,0,22.1,-8.7,0.82,OK
F05250,2027-02-06 13:20,G2,27.2,1,26.2,-8.7,0.78,OK
F05251,2027-02-06 13:20,G3,30.9,-1,31.9,-8.7,0.82,OK
F05252,2027-02-06 13:20,G4,41.9,0,41.9,-8.7,0.76,OK
F05253,2027-02-06 13:20,G5,52.8,2,50.8,-8.7,0.76,OK
F05254,2027-02-06 13:20,G6,243.2,187,56.2,-8.7,0.82,OK
F05255,2027-02-06 13:20,G7,34.6,-2,36.6,-8.7,0.82,OK
F05256,2027-02-06 13:20,G8,17.1,0,17.1,-8.7,0.76,OK
F05257,2027-02-06 13:30,G1,-9.7,0,-9.7,-8.5,0.22,OK
F05258,2027-02-06 13:30,G2,-7.5,1,-8.5,-8.5,0.19,OK
F05259,2027-02-06 13:30,G3,-10.1,-1,-9.1,-8.5,0.23,OK
F05260,2027-02-06 13:30,G4,-9.4,0,-9.4,-8.5,0.16,OK
F05261,2027-02-06 13:30,G5,-6.1,2,-8.1,-8.5,0.20,OK
F05262,2027-02-06 13:30,G6,177.9,187,-9.1,-8.5,0.23,OK
F05263,2027-02-06 13:30,G7,-12.7,-2,-10.7,-8.5,0.19,OK
F05264,2027-02-06 13:30,G8,-8.0,0,-8.0,-8.5,0.21,OK
F05265,2027-02-06 13:40,G1,25.1,0,25.1,-8.2,0.99,OK
F05266,2027-02-06 13:40,G2,32.6,1,31.6,-8.2,1.00,OK
F05267,2027-02-06 13:40,G3,44.7,-1,45.7,-8.2,0.93,OK
F05268,2027-02-06 13:40,G4,52.0,0,52.0,-8.2,0.98,OK
F05269,2027-02-06 13:40,G5,66.1,2,64.1,-8.2,1.00,OK
F05270,2027-02-06 13:40,G6,262.2,187,75.2,-8.2,0.93,OK
F05271,2027-02-06 13:40,G7,41.2,-2,43.2,-8.2,1.00,OK
F05272,2027-02-06 13:40,G8,26.4,0,26.4,-8.2,1.00,OK
F05273,2027-02-06 13:50,G1,-2.9,0,-2.9,-7.9,0.18,OK
F05274,2027-02-06 13:50,G2,-5.3,1,-6.3,-7.9,0.17,OK
F05275,2027-02-06 13:50,G3,-7.1,-1,-6.1,-7.9,0.16,OK
F05276,2027-02-06 13:50,G4,-4.9,0,-4.9,-7.9,0.22,OK
F05277,2027-02-06 13:50,G5,-5.5,2,-7.5,-7.9,0.16,OK
F05278,2027-02-06 13:50,G6,174.9,187,-12.1,-7.9,0.23,OK
F05279,2027-02-06 13:50,G7,-6.8,-2,-4.8,-7.9,0.19,OK
F05280,2027-02-06 13:50,G8,-5.4,0,-5.4,-7.9,0.23,OK
F05281,2027-02-06 14:00,G1,15.9,0,15.9,-7.7,0.67,OK
F05282,2027-02-06 14:00,G2,17.1,1,16.1,-7.7,0.65,OK
F05283,2027-02-06 14:00,G3,27.3,-1,28.3,-7.7,0.66,OK
F05284,2027-02-06 14:00,G4,32.4,0,32.4,-7.7,0.70,OK
F05285,2027-02-06 14:00,G5,46.8,2,44.8,-7.7,0.71,OK
F05286,2027-02-06 14:00,G6,233.7,187,46.7,-7.7,0.67,OK
F05287,2027-02-06 14:00,G7,25.2,-2,27.2,-7.7,0.69,OK
F05288,2027-02-06 14:00,G8,19.5,0,19.5,-7.7,0.70,OK
F05289,2027-02-06 14:10,G1,-7.3,0,-7.3,-7.4,0.21,OK
F05290,2027-02-06 14:10,G2,-5.8,1,-6.8,-7.4,0.20,OK
F05291,2027-02-06 14:10,G3,-10.2,-1,-9.2,-7.4,0.16,OK
F05292,2027-02-06 14:10,G4,-5.3,0,-5.3,-7.4,0.23,OK
F05293,2027-02-06 14:10,G5,-7.4,2,-9.4,-7.4,0.23,OK
F05294,2027-02-06 14:10,G6,178.4,187,-8.6,-7.4,0.23,OK
F05295,2027-02-06 14:10,G7,-7.8,-2,-5.8,-7.4,0.20,OK
F05296,2027-02-06 14:10,G8,-6.1,0,-6.1,-7.4,0.17,OK
F05297,2027-02-06 14:20,G1,23.9,0,23.9,-7.2,0.82,OK
F05298,2027-02-06 14:20,G2,30.3,1,29.3,-7.2,0.87,OK
F05299,2027-02-06 14:20,G3,39.5,-1,40.5,-7.2,0.82,OK
F05300,2027-02-06 14:20,G4,48.2,0,48.2,-7.2,0.84,OK
F05301,2027-02-06 14:20,G5,60.1,2,58.1,-7.2,0.82,OK
F05302,2027-02-06 14:20,G6,253.8,187,66.8,-7.2,0.86,OK
F05303,2027-02-06 14:20,G7,38.2,-2,40.2,-7.2,0.88,OK
F05304,2027-02-06 14:20,G8,22.6,0,22.6,-7.2,0.83,OK
F05305,2027-02-06 14:30,G1,-2.3,0,-2.3,-6.9,0.16,OK
F05306,2027-02-06 14:30,G2,-3.2,1,-4.2,-6.9,0.19,OK
F05307,2027-02-06 14:30,G3,-3.6,-1,-2.6,-6.9,0.20,OK
F05308,2027-02-06 14:30,G4,-9.0,0,-9.0,-6.9,0.19,OK
F05309,2027-02-06 14:30,G5,-2.3,2,-4.3,-6.9,0.20,OK
F05310,2027-02-06 14:30,G6,177.9,187,-9.1,-6.9,0.19,OK
F05311,2027-02-06 14:30,G7,-10.3,-2,-8.3,-6.9,0.24,OK
F05312,2027-02-06 14:30,G8,-3.3,0,-3.3,-6.9,0.16,OK
F05313,2027-02-06 14:40,G1,30.7,0,30.7,-6.6,1.05,OK
F05314,2027-02-06 14:40,G2,40.6,1,39.6,-6.6,1.06,OK
F05315,2027-02-06 14:40,G3,46.8,-1,47.8,-6.6,0.99,OK
F05316,2027-02-06 14:40,G4,62.9,0,62.9,-6.6,1.04,OK
F05317,2027-02-06 14:40,G5,76.4,2,74.4,-6.6,1.03,OK
F05318,2027-02-06 14:40,G6,275.1,187,88.1,-6.6,1.03,OK
F05319,2027-02-06 14:40,G7,56.3,-2,58.3,-6.6,1.00,OK
F05320,2027-02-06 14:40,G8,34.6,0,34.6,-6.6,1.02,OK
F05321,2027-02-06 14:50,G1,-4.2,0,-4.2,-6.4,0.19,OK
F05322,2027-02-06 14:50,G2,-5.5,1,-6.5,-6.4,0.22,OK
F05323,2027-02-06 14:50,G3,-2.4,-1,-1.4,-6.4,0.17,OK
F05324,2027-02-06 14:50,G4,-1.8,0,-1.8,-6.4,0.23,OK
F05325,2027-02-06 14:50,G5,-0.4,2,-2.4,-6.4,0.22,OK
F05326,2027-02-06 14:50,G6,183.7,187,-3.3,-6.4,0.18,OK
F05327,2027-02-06 14:50,G7,-3.8,-2,-1.8,-6.4,0.22,OK
F05328,2027-02-06 14:50,G8,-2.8,0,-2.8,-6.4,0.24,OK
F05329,2027-02-06 15:00,G1,18.8,0,18.8,-6.1,0.73,OK
F05330,2027-02-06 15:00,G2,32.4,1,31.4,-6.1,0.70,OK
F05331,2027-02-06 15:00,G3,28.6,-1,29.6,-6.1,0.71,OK
F05332,2027-02-06 15:00,G4,39.4,0,39.4,-6.1,0.70,OK
F05333,2027-02-06 15:00,G5,48.1,2,46.1,-6.1,0.72,OK
F05334,2027-02-06 15:00,G6,246.7,187,59.7,-6.1,0.72,OK
F05335,2027-02-06 15:00,G7,38.4,-2,40.4,-6.1,0.70,OK
F05336,2027-02-06 15:00,G8,20.8,0,20.8,-6.1,0.74,OK
F05337,2027-02-06 15:10,G1,1.6,0,1.6,-5.9,0.23,OK
F05338,2027-02-06 15:10,G2,3.4,1,2.4,-5.9,0.18,OK
F05339,2027-02-06 15:10,G3,-1.3,-1,-0.3,-5.9,0.18,OK
F05340,2027-02-06 15:10,G4,-6.2,0,-6.2,-5.9,0.22,OK
F05341,2027-02-06 15:10,G5,-1.8,2,-3.8,-5.9,0.18,OK
F05342,2027-02-06 15:10,G6,186.3,187,-0.7,-5.9,0.18,OK
F05343,2027-02-06 15:10,G7,-6.2,-2,-4.2,-5.9,0.18,OK
F05344,2027-02-06 15:10,G8,1.4,0,1.4,-5.9,0.21,OK
F05345,2027-02-06 15:20,G1,32.8,0,32.8,-5.6,0.92,OK
F05346,2027-02-06 15:20,G2,39.2,1,38.2,-5.6,0.90,OK
F05347,2027-02-06 15:20,G3,45.5,-1,46.5,-5.6,0.92,OK
F05348,2027-02-06 15:20,G4,57.4,0,57.4,-5.6,0.94,OK
F05349,2027-02-06 15:20,G5,71.0,2,69.0,-5.6,0.88,OK
F05350,2027-02-06 15:20,G6,270.1,187,83.1,-5.6,0.91,OK
F05351,2027-02-06 15:20,G7,52.6,-2,54.6,-5.6,0.89,OK
F05352,2027-02-06 15:20,G8,33.7,0,33.7,-5.6,0.88,OK
F05353,2027-02-06 15:30,G1,-0.6,0,-0.6,-5.4,0.16,OK
F05354,2027-02-06 15:30,G2,-3.8,1,-4.8,-5.4,0.17,OK
F05355,2027-02-06 15:30,G3,2.5,-1,3.5,-5.4,0.18,OK
F05356,2027-02-06 15:30,G4,2.3,0,2.3,-5.4,0.18,OK
F05357,2027-02-06 15:30,G5,-0.4,2,-2.4,-5.4,0.19,OK
F05358,2027-02-06 15:30,G6,188.2,187,1.2,-5.4,0.24,OK
F05359,2027-02-06 15:30,G7,-0.0,-2,2.0,-5.4,0.17,OK
F05360,2027-02-06 15:30,G8,1.8,0,1.8,-5.4,0.18,OK
F05361,2027-02-06 15:40,G1,35.6,0,35.6,-5.1,1.11,OK
F05362,2027-02-06 15:40,G2,52.4,1,51.4,-5.1,1.05,OK
F05363,2027-02-06 15:40,G3,60.2,-1,61.2,-5.1,1.12,OK
F05364,2027-02-06 15:40,G4,68.8,0,68.8,-5.1,1.10,OK
F05365,2027-02-06 15:40,G5,85.0,2,83.0,-5.1,1.08,OK
F05366,2027-02-06 15:40,G6,287.5,187,100.5,-5.1,1.10,OK
F05367,2027-02-06 15:40,G7,65.9,-2,67.9,-5.1,1.10,OK
F05368,2027-02-06 15:40,G8,39.2,0,39.2,-5.1,1.11,OK
F05369,2027-02-06 15:50,G1,3.3,0,3.3,-4.9,0.21,OK
F05370,2027-02-06 15:50,G2,-0.2,1,-1.2,-4.9,0.16,OK
F05371,2027-02-06 15:50,G3,1.2,-1,2.2,-4.9,0.20,OK
F05372,2027-02-06 15:50,G4,-2.9,0,-2.9,-4.9,0.19,OK
F05373,2027-02-06 15:50,G5,-1.9,2,-3.9,-4.9,0.23,OK
F05374,2027-02-06 15:50,G6,188.4,187,1.4,-4.9,0.21,OK
F05375,2027-02-06 15:50,G7,0.7,-2,2.7,-4.9,0.17,OK
F05376,2027-02-06 15:50,G8,4.5,0,4.5,-4.9,0.22,OK
F05377,2027-02-06 16:00,G1,26.7,0,26.7,-4.7,0.83,OK
F05378,2027-02-06 16:00,G2,34.1,1,33.1,-4.7,0.81,OK
F05379,2027-02-06 16:00,G3,41.5,-1,42.5,-4.7,0.79,OK
F05380,2027-02-06 16:00,G4,53.0,0,53.0,-4.7,0.78,OK
F05381,2027-02-06 16:00,G5,60.2,2,58.2,-4.7,0.76,OK
F05382,2027-02-06 16:00,G6,261.2,187,74.2,-4.7,0.81,OK
F05383,2027-02-06 16:00,G7,42.8,-2,44.8,-4.7,0.82,OK
F05384,2027-02-06 16:00,G8,28.4,0,28.4,-4.7,0.80,OK
F05385,2027-02-06 16:10,G1,2.7,0,2.7,-4.5,0.21,OK
F05386,2027-02-06 16:10,G2,3.4,1,2.4,-4.5,0.24,OK
F05387,2027-02-06 16:10,G3,1.8,-1,2.8,-4.5,0.16,OK
F05388,2027-02-06 16:10,G4,3.3,0,3.3,-4.5,0.23,OK
F05389,2027-02-06 16:10,G5,3.3,2,1.3,-4.5,0.21,OK
F05390,2027-02-06 16:10,G6,190.3,187,3.3,-4.5,0.19,OK
F05391,2027-02-06 16:10,G7,-4.5,-2,-2.5,-4.5,0.24,OK
F05392,2027-02-06 16:10,G8,-0.4,0,-0.4,-4.5,0.16,OK
F05393,2027-02-06 16:20,G1,38.2,0,38.2,-4.2,0.96,OK
F05394,2027-02-06 16:20,G2,46.9,1,45.9,-4.2,0.98,OK
F05395,2027-02-06 16:20,G3,48.8,-1,49.8,-4.2,0.98,OK
F05396,2027-02-06 16:20,G4,67.6,0,67.6,-4.2,0.95,OK
F05397,2027-02-06 16:20,G5,82.8,2,80.8,-4.2,0.95,OK
F05398,2027-02-06 16:20,G6,274.0,187,87.0,-4.2,1.00,OK
F05399,2027-02-06 16:20,G7,52.8,-2,54.8,-4.2,1.01,OK
F05400,2027-02-06 16:20,G8,40.7,0,40.7,-4.2,0.94,OK
F05401,2027-02-06 16:30,G1,5.6,0,5.6,-4.0,0.16,OK
F05402,2027-02-06 16:30,G2,-0.0,1,-1.0,-4.0,0.23,OK
F05403,2027-02-06 16:30,G3,0.1,-1,1.1,-4.0,0.20,OK
F05404,2027-02-06 16:30,G4,5.8,0,5.8,-4.0,0.22,OK
F05405,2027-02-06 16:30,G5,1.2,2,-0.8,-4.0,0.17,OK
F05406,2027-02-06 16:30,G6,191.4,187,4.4,-4.0,0.18,OK
F05407,2027-02-06 16:30,G7,4.2,-2,6.2,-4.0,0.23,OK
F05408,2027-02-06 16:30,G8,5.6,0,5.6,-4.0,0.21,OK
F05409,2027-02-06 16:40,G1,18.7,0,18.7,-3.8,0.56,OK
F05410,2027-02-06 16:40,G2,25.4,1,24.4,-3.8,0.52,OK
F05411,2027-02-06 16:40,G3,18.5,-1,19.5,-3.8,0.54,OK
F05412,2027-02-06 16:40,G4,29.4,0,29.4,-3.8,0.53,OK
F05413,2027-02-06 16:40,G5,37.6,2,35.6,-3.8,0.56,OK
F05414,2027-02-06 16:40,G6,225.3,187,38.3,-3.8,0.49,OK
F05415,2027-02-06 16:40,G7,27.9,-2,29.9,-3.8,0.52,OK
F05416,2027-02-06 16:40,G8,18.6,0,18.6,-3.8,0.56,OK
F05417,2027-02-06 16:50,G1,4.6,0,4.6,-3.6,0.20,OK
F05418,2027-02-06 16:50,G2,6.0,1,5.0,-3.6,0.16,OK
F05419,2027-02-06 16:50,G3,3.4,-1,4.4,-3.6,0.23,OK
F05420,2027-02-06 16:50,G4,3.6,0,3.6,-3.6,0.17,OK
F05421,2027-02-06 16:50,G5,8.1,2,6.1,-3.6,0.19,OK
F05422,2027-02-06 16:50,G6,193.9,187,6.9,-3.6,0.23,OK
F05423,2027-02-06 16:50,G7,1.6,-2,3.6,-3.6,0.18,OK
F05424,2027-02-06 16:50,G8,3.9,0,3.9,-3.6,0.22,OK
F05425,2027-02-06 17:00,G1,32.3,0,32.3,-3.4,0.84,OK
F05426,2027-02-06 17:00,G2,42.6,1,41.6,-3.4,0.82,OK
F05427,2027-02-06 17:00,G3,48.7,-1,49.7,-3.4,0.85,OK
F05428,2027-02-06 17:00,G4,57.7,0,57.7,-3.4,0.86,OK
F05429,2027-02-06 17:00,G5,72.7,2,70.7,-3.4,0.86,OK
F05430,2027-02-06 17:00,G6,265.9,187,78.9,-3.4,0.87,OK
F05431,2027-02-06 17:00,G7,51.7,-2,53.7,-3.4,0.90,OK
F05432,2027-02-06 17:00,G8,41.7,0,41.7,-3.4,0.88,OK
F05433,2027-02-06 17:10,G1,2.4,0,2.4,-3.3,0.21,OK
F05434,2027-02-06 17:10,G2,3.7,1,2.7,-3.3,0.20,OK
F05435,2027-02-06 17:10,G3,2.8,-1,3.8,-3.3,0.20,OK
F05436,2027-02-06 17:10,G4,3.7,0,3.7,-3.3,0.20,OK
F05437,2027-02-06 17:10,G5,10.2,2,8.2,-3.3,0.18,OK
F05438,2027-02-06 17:10,G6,190.0,187,3.0,-3.3,0.22,OK
F05439,2027-02-06 17:10,G7,5.0,-2,7.0,-3.3,0.17,OK
F05440,2027-02-06 17:10,G8,7.1,0,7.1,-3.3,0.17,OK
F05441,2027-02-06 17:20,G1,36.8,0,36.8,-3.1,1.04,OK
F05442,2027-02-06 17:20,G2,52.6,1,51.6,-3.1,1.05,OK
F05443,2027-02-06 17:20,G3,58.1,-1,59.1,-3.1,1.00,OK
F05444,2027-02-06 17:20,G4,73.2,0,73.2,-3.1,1.06,OK
F05445,2027-02-06 17:20,G5,87.9,2,85.9,-3.1,1.01,OK
F05446,2027-02-06 17:20,G6,285.3,187,98.3,-3.1,1.05,OK
F05447,2027-02-06 17:20,G7,62.2,-2,64.2,-3.1,1.07,OK
F05448,2027-02-06 17:20,G8,46.8,0,46.8,-3.1,1.07,OK
F05449,2027-02-06 17:30,G1,5.3,0,5.3,-2.9,0.24,OK
F05450,2027-02-06 17:30,G2,6.6,1,5.6,-2.9,0.20,OK
F05451,2027-02-06 17:30,G3,2.6,-1,3.6,-2.9,0.23,OK
F05452,2027-02-06 17:30,G4,9.1,0,9.1,-2.9,0.20,OK
F05453,2027-02-06 17:30,G5,10.2,2,8.2,-2.9,0.24,OK
F05454,2027-02-06 17:30,G6,194.3,187,7.3,-2.9,0.24,OK
F05455,2027-02-06 17:30,G7,1.5,-2,3.5,-2.9,0.20,OK
F05456,2027-02-06 17:30,G8,4.3,0,4.3,-2.9,0.19,OK
F05457,2027-02-06 17:40,G1,21.7,0,21.7,-2.8,0.62,OK
F05458,2027-02-06 17:40,G2,23.9,1,22.9,-2.8,0.55,OK
F05459,2027-02-06 17:40,G3,30.7,-1,31.7,-2.8,0.59,OK
F05460,2027-02-06 17:40,G4,34.0,0,34.0,-2.8,0.61,OK
F05461,2027-02-06 17:40,G5,45.7,2,43.7,-2.8,0.62,OK
F05462,2027-02-06 17:40,G6,235.8,187,48.8,-2.8,0.61,OK
F05463,2027-02-06 17:40,G7,28.3,-2,30.3,-2.8,0.58,OK
F05464,2027-02-06 17:40,G8,22.8,0,22.8,-2.8,0.60,OK
F05465,2027-02-06 17:50,G1,6.4,0,6.4,-2.6,0.16,OK
F05466,2027-02-06 17:50,G2,2.1,1,1.1,-2.6,0.18,OK
F05467,2027-02-06 17:50,G3,5.2,-1,6.2,-2.6,0.16,OK
F05468,2027-02-06 17:50,G4,4.6,0,4.6,-2.6,0.19,OK
F05469,2027-02-06 17:50,G5,8.4,2,6.4,-2.6,0.20,OK
F05470,2027-02-06 17:50,G6,191.0,187,4.0,-2.6,0.23,OK
F05471,2027-02-06 17:50,G7,0.4,-2,2.4,-2.6,0.23,OK
F05472,2027-02-06 17:50,G8,8.9,0,8.9,-2.6,0.19,OK
F05473,2027-02-06 18:00,G1,35.4,0,35.4,-2.5,0.96,OK
F05474,2027-02-06 18:00,G2,45.0,1,44.0,-2.5,0.92,OK
F05475,2027-02-06 18:00,G3,56.7,-1,57.7,-2.5,0.94,OK
F05476,2027-02-06 18:00,G4,61.6,0,61.6,-2.5,0.93,OK
F05477,2027-02-06 18:00,G5,75.5,2,73.5,-2.5,0.88,OK
F05478,2027-02-06 18:00,G6,272.8,187,85.8,-2.5,0.94,OK
F05479,2027-02-06 18:00,G7,61.4,-2,63.4,-2.5,0.95,OK
F05480,2027-02-06 18:00,G8,41.3,0,41.3,-2.5,0.95,OK
F05481,2027-02-06 18:10,G1,2.2,0,2.2,-2.4,0.17,OK
F05482,2027-02-06 18:10,G2,4.4,1,3.4,-2.4,0.20,OK
F05483,2027-02-06 18:10,G3,6.4,-1,7.4,-2.4,0.23,OK
F05484,2027-02-06 18:10,G4,6.9,0,6.9,-2.4,0.20,OK
F05485,2027-02-06 18:10,G5,6.1,2,4.1,-2.4,0.21,OK
F05486,2027-02-06 18:10,G6,191.4,187,4.4,-2.4,0.17,OK
F05487,2027-02-06 18:10,G7,6.0,-2,8.0,-2.4,0.21,OK
F05488,2027-02-06 18:10,G8,6.6,0,6.6,-2.4,0.23,OK
F05489,2027-02-06 18:20,G1,46.6,0,46.6,-2.2,1.11,OK
F05490,2027-02-06 18:20,G2,52.6,1,51.6,-2.2,1.07,OK
F05491,2027-02-06 18:20,G3,65.0,-1,66.0,-2.2,1.11,OK
F05492,2027-02-06 18:20,G4,80.8,0,80.8,-2.2,1.07,OK
F05493,2027-02-06 18:20,G5,101.6,2,99.6,-2.2,1.07,OK
F05494,2027-02-06 18:20,G6,293.7,187,106.7,-2.2,1.07,OK
F05495,2027-02-06 18:20,G7,70.2,-2,72.2,-2.2,1.11,OK
F05496,2027-02-06 18:20,G8,50.6,0,50.6,-2.2,1.11,OK
F05497,2027-02-06 18:30,G1,5.4,0,5.4,-2.1,0.23,OK
F05498,2027-02-06 18:30,G2,10.5,1,9.5,-2.1,0.21,OK
F05499,2027-02-06 18:30,G3,9.8,-1,10.8,-2.1,0.17,OK
F05500,2027-02-06 18:30,G4,3.5,0,3.5,-2.1,0.17,OK
F05501,2027-02-06 18:30,G5,7.3,2,5.3,-2.1,0.16,OK
F05502,2027-02-06 18:30,G6,194.0,187,7.0,-2.1,0.20,OK
F05503,2027-02-06 18:30,G7,3.1,-2,5.1,-2.1,0.17,OK
F05504,2027-02-06 18:30,G8,6.2,0,6.2,-2.1,0.16,OK
F05505,2027-02-06 18:40,G1,28.6,0,28.6,-2.0,0.62,OK
F05506,2027-02-06 18:40,G2,30.9,1,29.9,-2.0,0.67,OK
F05507,2027-02-06 18:40,G3,37.6,-1,38.6,-2.0,0.65,OK
F05508,2027-02-06 18:40,G4,45.5,0,45.5,-2.0,0.62,OK
F05509,2027-02-06 18:40,G5,53.4,2,51.4,-2.0,0.65,OK
F05510,2027-02-06 18:40,G6,242.7,187,55.7,-2.0,0.62,OK
F05511,2027-02-06 18:40,G7,36.8,-2,38.8,-2.0,0.63,OK
F05512,2027-02-06 18:40,G8,30.4,0,30.4,-2.0,0.65,OK
F05513,2027-02-06 18:50,G1,10.9,0,10.9,-2.0,0.23,OK
F05514,2027-02-06 18:50,G2,12.3,1,11.3,-2.0,0.22,OK
F05515,2027-02-06 18:50,G3,9.2,-1,10.2,-2.0,0.18,OK
F05516,2027-02-06 18:50,G4,9.9,0,9.9,-2.0,0.17,OK
F05517,2027-02-06 18:50,G5,9.7,2,7.7,-2.0,0.22,OK
F05518,2027-02-06 18:50,G6,195.6,187,8.6,-2.0,0.20,OK
F05519,2027-02-06 18:50,G7,7.3,-2,9.3,-2.0,0.22,OK
F05520,2027-02-06 18:50,G8,8.3,0,8.3,-2.0,0.23,OK
F05521,2027-02-06 19:00,G1,39.9,0,39.9,-1.9,0.97,OK
F05522,2027-02-06 19:00,G2,51.1,1,50.1,-1.9,1.02,OK
F05523,2027-02-06 19:00,G3,57.1,-1,58.1,-1.9,1.01,OK
F05524,2027-02-06 19:00,G4,68.6,0,68.6,-1.9,0.97,OK
F05525,2027-02-06 19:00,G5,90.3,2,88.3,-1.9,0.97,OK
F05526,2027-02-06 19:00,G6,284.2,187,97.2,-1.9,0.96,OK
F05527,2027-02-06 19:00,G7,63.1,-2,65.1,-1.9,0.99,OK
F05528,2027-02-06 19:00,G8,49.7,0,49.7,-1.9,1.01,OK
F05529,2027-02-06 19:10,G1,6.6,0,6.6,-1.8,0.18,OK
F05530,2027-02-06 19:10,G2,4.4,1,3.4,-1.8,0.16,OK
F05531,2027-02-06 19:10,G3,7.5,-1,8.5,-1.8,0.18,OK
F05532,2027-02-06 19:10,G4,8.1,0,8.1,-1.8,0.24,OK
F05533,2027-02-06 19:10,G5,7.7,2,5.7,-1.8,0.16,OK
F05534,2027-02-06 19:10,G6,198.5,187,11.5,-1.8,0.22,OK
F05535,2027-02-06 19:10,G7,8.1,-2,10.1,-1.8,0.24,OK
F05536,2027-02-06 19:10,G8,5.1,0,5.1,-1.8,0.18,OK
F05537,2027-02-06 19:20,G1,21.7,0,21.7,-1.8,0.53,OK
F05538,2027-02-06 19:20,G2,29.1,1,28.1,-1.8,0.53,OK
F05539,2027-02-06 19:20,G3,27.1,-1,28.1,-1.8,0.54,OK
F05540,2027-02-06 19:20,G4,33.3,0,33.3,-1.8,0.53,OK
F05541,2027-02-06 19:20,G5,43.4,2,41.4,-1.8,0.56,OK
F05542,2027-02-06 19:20,G6,229.8,187,42.8,-1.8,0.56,OK
F05543,2027-02-06 19:20,G7,27.1,-2,29.1,-1.8,0.50,OK
F05544,2027-02-06 19:20,G8,25.5,0,25.5,-1.8,0.55,OK
F05545,2027-02-06 19:30,G1,6.1,0,6.1,-1.7,0.21,OK
F05546,2027-02-06 19:30,G2,10.0,1,9.0,-1.7,0.18,OK
F05547,2027-02-06 19:30,G3,4.0,-1,5.0,-1.7,0.18,OK
F05548,2027-02-06 19:30,G4,10.1,0,10.1,-1.7,0.23,OK
F05549,2027-02-06 19:30,G5,9.2,2,7.2,-1.7,0.19,OK
F05550,2027-02-06 19:30,G6,198.0,187,11.0,-1.7,0.22,OK
F05551,2027-02-06 19:30,G7,11.1,-2,13.1,-1.7,0.23,OK
F05552,2027-02-06 19:30,G8,11.6,0,11.6,-1.7,0.24,OK
F05553,2027-02-06 19:40,G1,31.5,0,31.5,-1.7,0.70,OK
F05554,2027-02-06 19:40,G2,36.4,1,35.4,-1.7,0.72,OK
F05555,2027-02-06 19:40,G3,38.5,-1,39.5,-1.7,0.71,OK
F05556,2027-02-06 19:40,G4,52.7,0,52.7,-1.7,0.68,OK
F05557,2027-02-06 19:40,G5,58.9,2,56.9,-1.7,0.68,OK
F05558,2027-02-06 19:40,G6,253.9,187,66.9,-1.7,0.72,OK
F05559,2027-02-06 19:40,G7,48.5,-2,50.5,-1.7,0.73,OK
F05560,2027-02-06 19:40,G8,35.8,0,35.8,-1.7,0.72,OK
F05561,2027-02-06 19:50,G1,5.2,0,5.2,-1.7,0.23,OK
F05562,2027-02-06 19:50,G2,4.1,1,3.1,-1.7,0.19,OK
F05563,2027-02-06 19:50,G3,7.9,-1,8.9,-1.7,0.17,OK
F05564,2027-02-06 19:50,G4,10.4,0,10.4,-1.7,0.18,OK
F05565,2027-02-06 19:50,G5,8.8,2,6.8,-1.7,0.20,OK
F05566,2027-02-06 19:50,G6,194.7,187,7.7,-1.7,0.18,OK
F05567,2027-02-06 19:50,G7,8.5,-2,10.5,-1.7,0.17,OK
F05568,2027-02-06 19:50,G8,11.7,0,11.7,-1.7,0.20,OK
F05569,2027-02-06 20:00,G1,41.7,0,41.7,-1.7,1.02,OK
F05570,2027-02-06 20:00,G2,55.1,1,54.1,-1.7,1.01,OK
F05571,2027-02-06 20:00,G3,66.3,-1,67.3,-1.7,1.07,OK
F05572,2027-02-06 20:00,G4,75.4,0,75.4,-1.7,1.06,OK
F05573,2027-02-06 20:00,G5,91.5,2,89.5,-1.7,1.07,OK
F05574,2027-02-06 20:00,G6,295.3,187,108.3,-1.7,1.01,OK
F05575,2027-02-06 20:00,G7,70.3,-2,72.3,-1.7,1.07,OK
F05576,2027-02-06 20:00,G8,53.7,0,53.7,-1.7,1.03,OK
F05577,2027-02-06 20:10,G1,5.3,0,5.3,-1.7,0.18,OK
F05578,2027-02-06 20:10,G2,4.6,1,3.6,-1.7,0.22,OK
F05579,2027-02-06 20:10,G3,10.4,-1,11.4,-1.7,0.21,OK
F05580,2027-02-06 20:10,G4,12.7,0,12.7,-1.7,0.21,OK
F05581,2027-02-06 20:10,G5,6.2,2,4.2,-1.7,0.21,OK
F05582,2027-02-06 20:10,G6,192.4,187,5.4,-1.7,0.18,OK
F05583,2027-02-06 20:10,G7,3.4,-2,5.4,-1.7,0.20,OK
F05584,2027-02-06 20:10,G8,8.4,0,8.4,-1.7,0.19,OK
F05585,2027-02-06 20:20,G1,26.4,0,26.4,-1.7,0.61,OK
F05586,2027-02-06 20:20,G2,29.8,1,28.8,-1.7,0.57,OK
F05587,2027-02-06 20:20,G3,30.1,-1,31.1,-1.7,0.57,OK
F05588,2027-02-06 20:20,G4,40.1,0,40.1,-1.7,0.63,OK
F05589,2027-02-06 20:20,G5,53.0,2,51.0,-1.7,0.56,OK
F05590,2027-02-06 20:20,G6,241.6,187,54.6,-1.7,0.59,OK
F05591,2027-02-06 20:20,G7,38.3,-2,40.3,-1.7,0.58,OK
F05592,2027-02-06 20:20,G8,28.0,0,28.0,-1.7,0.59,OK
F05593,2027-02-06 20:30,G1,5.5,0,5.5,-1.7,0.24,OK
F05594,2027-02-06 20:30,G2,5.7,1,4.7,-1.7,0.18,OK
F05595,2027-02-06 20:30,G3,4.8,-1,5.8,-1.7,0.19,OK
F05596,2027-02-06 20:30,G4,3.9,0,3.9,-1.7,0.21,OK
F05597,2027-02-06 20:30,G5,7.3,2,5.3,-1.7,0.23,OK
F05598,2027-02-06 20:30,G6,194.2,187,7.2,-1.7,0.17,OK
F05599,2027-02-06 20:30,G7,9.0,-2,11.0,-1.7,0.17,OK
F05600,2027-02-06 20:30,G8,8.0,0,8.0,-1.7,0.22,OK
F05601,2027-02-06 20:40,G1,28.0,0,28.0,-1.8,0.76,OK
F05602,2027-02-06 20:40,G2,39.7,1,38.7,-1.8,0.76,OK
F05603,2027-02-06 20:40,G3,44.9,-1,45.9,-1.8,0.74,OK
F05604,2027-02-06 20:40,G4,54.8,0,54.8,-1.8,0.78,OK
F05605,2027-02-06 20:40,G5,64.7,2,62.7,-1.8,0.78,OK
F05606,2027-02-06 20:40,G6,257.8,187,70.8,-1.8,0.80,OK
F05607,2027-02-06 20:40,G7,47.9,-2,49.9,-1.8,0.73,OK
F05608,2027-02-06 20:40,G8,37.4,0,37.4,-1.8,0.73,OK
F05609,2027-02-06 20:50,G1,9.7,0,9.7,-1.8,0.21,OK
F05610,2027-02-06 20:50,G2,4.0,1,3.0,-1.8,0.17,OK
F05611,2027-02-06 20:50,G3,8.9,-1,9.9,-1.8,0.18,OK
F05612,2027-02-06 20:50,G4,4.6,0,4.6,-1.8,0.23,OK
F05613,2027-02-06 20:50,G5,11.9,2,9.9,-1.8,0.24,OK
F05614,2027-02-06 20:50,G6,194.5,187,7.5,-1.8,0.23,OK
F05615,2027-02-06 20:50,G7,6.0,-2,8.0,-1.8,0.24,OK
F05616,2027-02-06 20:50,G8,13.6,0,13.6,-1.8,0.20,OK
F05617,2027-02-06 21:00,G1,47.7,0,47.7,-1.9,1.13,OK
F05618,2027-02-06 21:00,G2,61.7,1,60.7,-1.9,1.11,OK
F05619,2027-02-06 21:00,G3,63.7,-1,64.7,-1.9,1.07,OK
F05620,2027-02-06 21:00,G4,81.6,0,81.6,-1.9,1.12,OK
F05621,2027-02-06 21:00,G5,97.9,2,95.9,-1.9,1.07,OK
F05622,2027-02-06 21:00,G6,296.3,187,109.3,-1.9,1.12,OK
F05623,2027-02-06 21:00,G7,72.4,-2,74.4,-1.9,1.13,OK
F05624,2027-02-06 21:00,G8,50.7,0,50.7,-1.9,1.14,OK
F05625,2027-02-06 21:10,G1,9.6,0,9.6,-2.0,0.21,OK
F05626,2027-02-06 21:10,G2,10.6,1,9.6,-2.0,0.18,OK
F05627,2027-02-06 21:10,G3,10.0,-1,11.0,-2.0,0.16,OK
F05628,2027-02-06 21:10,G4,5.0,0,5.0,-2.0,0.24,OK
F05629,2027-02-06 21:10,G5,6.9,2,4.9,-2.0,0.21,OK
F05630,2027-02-06 21:10,G6,194.2,187,7.2,-2.0,0.18,OK
F05631,2027-02-06 21:10,G7,8.8,-2,10.8,-2.0,0.18,OK
F05632,2027-02-06 21:10,G8,9.8,0,9.8,-2.0,0.20,OK
F05633,2027-02-06 21:20,G1,29.6,0,29.6,-2.0,0.62,OK
F05634,2027-02-06 21:20,G2,29.7,1,28.7,-2.0,0.69,OK
F05635,2027-02-06 21:20,G3,36.4,-1,37.4,-2.0,0.67,OK
F05636,2027-02-06 21:20,G4,44.6,0,44.6,-2.0,0.66,OK
F05637,2027-02-06 21:20,G5,52.0,2,50.0,-2.0,0.65,OK
F05638,2027-02-06 21:20,G6,247.9,187,60.9,-2.0,0.68,OK
F05639,2027-02-06 21:20,G7,42.6,-2,44.6,-2.0,0.61,OK
F05640,2027-02-06 21:20,G8,35.2,0,35.2,-2.0,0.67,OK
F05641,2027-02-06 21:30,G1,7.2,0,7.2,-2.1,0.24,OK
F05642,2027-02-06 21:30,G2,11.0,1,10.0,-2.1,0.16,OK
F05643,2027-02-06 21:30,G3,8.4,-1,9.4,-2.1,0.17,OK
F05644,2027-02-06 21:30,G4,10.3,0,10.3,-2.1,0.16,OK
F05645,2027-02-06 21:30,G5,5.6,2,3.6,-2.1,0.18,OK
F05646,2027-02-06 21:30,G6,195.3,187,8.3,-2.1,0.20,OK
F05647,2027-02-06 21:30,G7,10.3,-2,12.3,-2.1,0.18,OK
F05648,2027-02-06 21:30,G8,7.0,0,7.0,-2.1,0.16,OK
F05649,2027-02-06 21:40,G1,33.7,0,33.7,-2.2,0.82,OK
F05650,2027-02-06 21:40,G2,44.2,1,43.2,-2.2,0.79,OK
F05651,2027-02-06 21:40,G3,42.5,-1,43.5,-2.2,0.81,OK
F05652,2027-02-06 21:40,G4,62.3,0,62.3,-2.2,0.81,OK
F05653,2027-02-06 21:40,G5,75.4,2,73.4,-2.2,0.80,OK
F05654,2027-02-06 21:40,G6,266.5,187,79.5,-2.2,0.80,OK
F05655,2027-02-06 21:40,G7,50.7,-2,52.7,-2.2,0.85,OK
F05656,2027-02-06 21:40,G8,38.8,0,38.8,-2.2,0.80,OK
F05657,2027-02-06 21:50,G1,2.6,0,2.6,-2.4,0.24,OK
F05658,2027-02-06 21:50,G2,8.9,1,7.9,-2.4,0.20,OK
F05659,2027-02-06 21:50,G3,6.8,-1,7.8,-2.4,0.16,OK
F05660,2027-02-06 21:50,G4,2.9,0,2.9,-2.4,0.17,OK
F05661,2027-02-06 21:50,G5,8.9,2,6.9,-2.4,0.18,OK
F05662,2027-02-06 21:50,G6,194.8,187,7.8,-2.4,0.24,OK
F05663,2027-02-06 21:50,G7,1.0,-2,3.0,-2.4,0.19,OK
F05664,2027-02-06 21:50,G8,5.5,0,5.5,-2.4,0.22,OK
F05665,2027-02-06 22:00,G1,8.0,0,8.0,-2.5,0.17,OK
F05666,2027-02-06 22:00,G2,4.1,1,3.1,-2.5,0.16,OK
F05667,2027-02-06 22:00,G3,5.1,-1,6.1,-2.5,0.23,OK
F05668,2027-02-06 22:00,G4,4.4,0,4.4,-2.5,0.16,OK
F05669,2027-02-06 22:00,G5,10.5,2,8.5,-2.5,0.23,OK
F05670,2027-02-06 22:00,G6,191.8,187,4.8,-2.5,0.23,OK
F05671,2027-02-06 22:00,G7,4.0,-2,6.0,-2.5,0.20,OK
F05672,2027-02-06 22:00,G8,9.6,0,9.6,-2.5,0.20,OK
F05673,2027-02-06 22:10,G1,1.5,0,1.5,-2.6,0.18,OK
F05674,2027-02-06 22:10,G2,6.8,1,5.8,-2.6,0.19,OK
F05675,2027-02-06 22:10,G3,5.9,-1,6.9,-2.6,0.24,OK
F05676,2027-02-06 22:10,G4,1.7,0,1.7,-2.6,0.21,OK
F05677,2027-02-06 22:10,G5,6.2,2,4.2,-2.6,0.22,OK
F05678,2027-02-06 22:10,G6,193.7,187,6.7,-2.6,0.20,OK
F05679,2027-02-06 22:10,G7,1.3,-2,3.3,-2.6,0.17,OK
F05680,2027-02-06 22:10,G8,3.7,0,3.7,-2.6,0.16,OK
F05681,2027-02-06 22:20,G1,4.1,0,4.1,-2.8,0.20,OK
F05682,2027-02-06 22:20,G2,6.3,1,5.3,-2.8,0.21,OK
F05683,2027-02-06 22:20,G3,3.7,-1,4.7,-2.8,0.19,OK
F05684,2027-02-06 22:20,G4,2.7,0,2.7,-2.8,0.22,OK
F05685,2027-02-06 22:20,G5,3.4,2,1.4,-2.8,0.17,OK
F05686,2027-02-06 22:20,G6,193.7,187,6.7,-2.8,0.20,OK
F05687,2027-02-06 22:20,G7,5.5,-2,7.5,-2.8,0.17,OK
F05688,2027-02-06 22:20,G8,7.3,0,7.3,-2.8,0.23,OK
F05689,2027-02-06 22:30,G1,0.2,0,0.2,-2.9,0.21,OK
F05690,2027-02-06 22:30,G2,4.7,1,3.7,-2.9,0.24,OK
F05691,2027-02-06 22:30,G3,3.0,-1,4.0,-2.9,0.17,OK
F05692,2027-02-06 22:30,G4,5.5,0,5.5,-2.9,0.18,OK
F05693,2027-02-06 22:30,G5,6.3,2,4.3,-2.9,0.20,OK
F05694,2027-02-06 22:30,G6,192.3,187,5.3,-2.9,0.20,OK
F05695,2027-02-06 22:30,G7,0.4,-2,2.4,-2.9,0.20,OK
F05696,2027-02-06 22:30,G8,2.6,0,2.6,-2.9,0.22,OK
F05697,2027-02-06 22:40,G1,7.7,0,7.7,-3.1,0.21,OK
F05698,2027-02-06 22:40,G2,5.0,1,4.0,-3.1,0.22,OK
F05699,2027-02-06 22:40,G3,6.6,-1,7.6,-3.1,0.20,OK
F05700,2027-02-06 22:40,G4,8.0,0,8.0,-3.1,0.17,OK
F05701,2027-02-06 22:40,G5,9.4,2,7.4,-3.1,0.19,OK
F05702,2027-02-06 22:40,G6,192.8,187,5.8,-3.1,0.23,OK
F05703,2027-02-06 22:40,G7,0.5,-2,2.5,-3.1,0.19,OK
F05704,2027-02-06 22:40,G8,2.3,0,2.3,-3.1,0.23,OK
F05705,2027-02-06 22:50,G1,6.7,0,6.7,-3.3,0.20,OK
F05706,2027-02-06 22:50,G2,2.1,1,1.1,-3.3,0.20,OK
F05707,2027-02-06 22:50,G3,3.3,-1,4.3,-3.3,0.17,OK
F05708,2027-02-06 22:50,G4,8.4,0,8.4,-3.3,0.20,OK
F05709,2027-02-06 22:50,G5,11.0,2,9.0,-3.3,0.21,OK
F05710,2027-02-06 22:50,G6,191.6,187,4.6,-3.3,0.21,OK
F05711,2027-02-06 22:50,G7,5.1,-2,7.1,-3.3,0.23,OK
F05712,2027-02-06 22:50,G8,1.2,0,1.2,-3.3,0.21,OK
F05713,2027-02-06 23:00,G1,-1.0,0,-1.0,-3.4,0.22,OK
F05714,2027-02-06 23:00,G2,6.2,1,5.2,-3.4,0.20,OK
F05715,2027-02-06 23:00,G3,6.6,-1,7.6,-3.4,0.20,OK
F05716,2027-02-06 23:00,G4,6.7,0,6.7,-3.4,0.24,OK
F05717,2027-02-06 23:00,G5,5.8,2,3.8,-3.4,0.23,OK
F05718,2027-02-06 23:00,G6,189.3,187,2.3,-3.4,0.18,OK
F05719,2027-02-06 23:00,G7,1.9,-2,3.9,-3.4,0.18,OK
F05720,2027-02-06 23:00,G8,6.6,0,6.6,-3.4,0.17,OK
F05721,2027-02-06 23:10,G1,3.0,0,3.0,-3.6,0.24,OK
F05722,2027-02-06 23:10,G2,7.0,1,6.0,-3.6,0.23,OK
F05723,2027-02-06 23:10,G3,5.3,-1,6.3,-3.6,0.18,OK
F05724,2027-02-06 23:10,G4,4.3,0,4.3,-3.6,0.19,OK
F05725,2027-02-06 23:10,G5,4.4,2,2.4,-3.6,0.23,OK
F05726,2027-02-06 23:10,G6,194.0,187,7.0,-3.6,0.24,OK
F05727,2027-02-06 23:10,G7,0.5,-2,2.5,-3.6,0.18,OK
F05728,2027-02-06 23:10,G8,5.7,0,5.7,-3.6,0.17,OK
F05729,2027-02-06 23:20,G1,-1.7,0,-1.7,-3.8,0.23,OK
F05730,2027-02-06 23:20,G2,7.4,1,6.4,-3.8,0.21,OK
F05731,2027-02-06 23:20,G3,0.4,-1,1.4,-3.8,0.21,OK
F05732,2027-02-06 23:20,G4,0.2,0,0.2,-3.8,0.19,OK
F05733,2027-02-06 23:20,G5,7.4,2,5.4,-3.8,0.23,OK
F05734,2027-02-06 23:20,G6,189.6,187,2.6,-3.8,0.18,OK
F05735,2027-02-06 23:20,G7,-2.7,-2,-0.7,-3.8,0.17,OK
F05736,2027-02-06 23:20,G8,1.2,0,1.2,-3.8,0.24,OK
F05737,2027-02-06 23:30,G1,1.5,0,1.5,-4.0,0.18,OK
F05738,2027-02-06 23:30,G2,5.5,1,4.5,-4.0,0.18,OK
F05739,2027-02-06 23:30,G3,4.6,-1,5.6,-4.0,0.20,OK
F05740,2027-02-06 23:30,G4,1.8,0,1.8,-4.0,0.22,OK
F05741,2027-02-06 23:30,G5,3.4,2,1.4,-4.0,0.21,OK
F05742,2027-02-06 23:30,G6,191.3,187,4.3,-4.0,0.16,OK
F05743,2027-02-06 23:30,G7,0.4,-2,2.4,-4.0,0.19,OK
F05744,2027-02-06 23:30,G8,5.6,0,5.6,-4.0,0.19,OK
F05745,2027-02-06 23:40,G1,4.0,0,4.0,-4.2,0.17,OK
F05746,2027-02-06 23:40,G2,5.4,1,4.4,-4.2,0.22,OK
F05747,2027-02-06 23:40,G3,0.5,-1,1.5,-4.2,0.19,OK
F05748,2027-02-06 23:40,G4,0.1,0,0.1,-4.2,0.20,OK
F05749,2027-02-06 23:40,G5,2.1,2,0.1,-4.2,0.20,OK
F05750,2027-02-06 23:40,G6,191.4,187,4.4,-4.2,0.21,OK
F05751,2027-02-06 23:40,G7,0.5,-2,2.5,-4.2,0.23,OK
F05752,2027-02-06 23:40,G8,4.7,0,4.7,-4.2,0.19,OK
F05753,2027-02-06 23:50,G1,3.0,0,3.0,-4.5,0.18,OK
F05754,2027-02-06 23:50,G2,-2.2,1,-3.2,-4.5,0.22,OK
F05755,2027-02-06 23:50,G3,1.3,-1,2.3,-4.5,0.17,OK
F05756,2027-02-06 23:50,G4,-2.0,0,-2.0,-4.5,0.19,OK
F05757,2027-02-06 23:50,G5,7.5,2,5.5,-4.5,0.20,OK
F05758,2027-02-06 23:50,G6,186.6,187,-0.4,-4.5,0.19,OK
F05759,2027-02-06 23:50,G7,-0.2,-2,1.8,-4.5,0.17,OK
F05760,2027-02-06 23:50,G8,-1.4,0,-1.4,-4.5,0.21,OK
F05761,2027-02-07 00:00,G1,-0.0,0,-0.0,-4.6,0.18,OK
F05762,2027-02-07 00:00,G2,5.0,1,4.0,-4.6,0.19,OK
F05763,2027-02-07 00:00,G3,1.5,-1,2.5,-4.6,0.21,OK
F05764,2027-02-07 00:00,G4,-1.8,0,-1.8,-4.6,0.20,OK
F05765,2027-02-07 00:00,G5,6.4,2,4.4,-4.6,0.20,OK
F05766,2027-02-07 00:00,G6,190.4,187,3.4,-4.6,0.18,OK
F05767,2027-02-07 00:00,G7,2.8,-2,4.8,-4.6,0.23,OK
F05768,2027-02-07 00:00,G8,5.6,0,5.6,-4.6,0.18,OK
F05769,2027-02-07 00:10,G1,2.6,0,2.6,-4.8,0.22,OK
F05770,2027-02-07 00:10,G2,0.9,1,-0.1,-4.8,0.20,OK
F05771,2027-02-07 00:10,G3,2.8,-1,3.8,-4.8,0.16,OK
F05772,2027-02-07 00:10,G4,-1.9,0,-1.9,-4.8,0.23,OK
F05773,2027-02-07 00:10,G5,1.4,2,-0.6,-4.8,0.18,OK
F05774,2027-02-07 00:10,G6,186.8,187,-0.2,-4.8,0.22,OK
F05775,2027-02-07 00:10,G7,-0.3,-2,1.7,-4.8,0.21,OK
F05776,2027-02-07 00:10,G8,0.3,0,0.3,-4.8,0.23,OK
F05777,2027-02-07 00:20,G1,-0.1,0,-0.1,-5.1,0.16,OK
F05778,2027-02-07 00:20,G2,-0.5,1,-1.5,-5.1,0.16,OK
F05779,2027-02-07 00:20,G3,-4.5,-1,-3.5,-5.1,0.23,OK
F05780,2027-02-07 00:20,G4,1.3,0,1.3,-5.1,0.21,OK
F05781,2027-02-07 00:20,G5,0.0,2,-2.0,-5.1,0.22,OK
F05782,2027-02-07 00:20,G6,187.0,187,0.0,-5.1,0.22,OK
F05783,2027-02-07 00:20,G7,0.4,-2,2.4,-5.1,0.23,OK
F05784,2027-02-07 00:20,G8,2.8,0,2.8,-5.1,0.22,OK
F05785,2027-02-07 00:30,G1,-3.5,0,-3.5,-5.3,0.20,OK
F05786,2027-02-07 00:30,G2,-2.3,1,-3.3,-5.3,0.22,OK
F05787,2027-02-07 00:30,G3,-5.4,-1,-4.4,-5.3,0.23,OK
F05788,2027-02-07 00:30,G4,-2.1,0,-2.1,-5.3,0.20,OK
F05789,2027-02-07 00:30,G5,-1.4,2,-3.4,-5.3,0.19,OK
F05790,2027-02-07 00:30,G6,184.6,187,-2.4,-5.3,0.17,OK
F05791,2027-02-07 00:30,G7,-4.1,-2,-2.1,-5.3,0.19,OK
F05792,2027-02-07 00:30,G8,-3.6,0,-3.6,-5.3,0.17,OK
F05793,2027-02-07 00:40,G1,1.3,0,1.3,-5.5,0.23,OK
F05794,2027-02-07 00:40,G2,-1.1,1,-2.1,-5.5,0.23,OK
F05795,2027-02-07 00:40,G3,-5.6,-1,-4.6,-5.5,0.23,OK
F05796,2027-02-07 00:40,G4,-3.9,0,-3.9,-5.5,0.22,OK
F05797,2027-02-07 00:40,G5,-1.7,2,-3.7,-5.5,0.24,OK
F05798,2027-02-07 00:40,G6,185.8,187,-1.2,-5.5,0.18,OK
F05799,2027-02-07 00:40,G7,-5.3,-2,-3.3,-5.5,0.21,OK
F05800,2027-02-07 00:40,G8,-2.5,0,-2.5,-5.5,0.19,OK
F05801,2027-02-07 00:50,G1,0.1,0,0.1,-5.8,0.19,OK
F05802,2027-02-07 00:50,G2,-4.5,1,-5.5,-5.8,0.23,OK
F05803,2027-02-07 00:50,G3,-2.7,-1,-1.7,-5.8,0.16,OK
F05804,2027-02-07 00:50,G4,0.3,0,0.3,-5.8,0.16,OK
F05805,2027-02-07 00:50,G5,0.9,2,-1.1,-5.8,0.17,OK
F05806,2027-02-07 00:50,G6,188.7,187,1.7,-5.8,0.22,OK
F05807,2027-02-07 00:50,G7,-5.8,-2,-3.8,-5.8,0.24,OK
F05808,2027-02-07 00:50,G8,-1.7,0,-1.7,-5.8,0.18,OK
F05809,2027-02-07 01:00,G1,-6.0,0,-6.0,-6.0,0.16,OK
F05810,2027-02-07 01:00,G2,-2.6,1,-3.6,-6.0,0.17,OK
F05811,2027-02-07 01:00,G3,-0.4,-1,0.6,-6.0,0.20,OK
F05812,2027-02-07 01:00,G4,-3.9,0,-3.9,-6.0,0.16,OK
F05813,2027-02-07 01:00,G5,0.1,2,-1.9,-6.0,0.23,OK
F05814,2027-02-07 01:00,G6,181.5,187,-5.5,-6.0,0.17,OK
F05815,2027-02-07 01:00,G7,-4.7,-2,-2.7,-6.0,0.22,OK
F05816,2027-02-07 01:00,G8,-1.4,0,-1.4,-6.0,0.20,OK
F05817,2027-02-07 01:10,G1,-7.1,0,-7.1,-6.3,0.24,OK
F05818,2027-02-07 01:10,G2,2.0,1,1.0,-6.3,0.22,OK
F05819,2027-02-07 01:10,G3,-3.6,-1,-2.6,-6.3,0.19,OK
F05820,2027-02-07 01:10,G4,-1.0,0,-1.0,-6.3,0.19,OK
F05821,2027-02-07 01:10,G5,2.6,2,0.6,-6.3,0.23,OK
F05822,2027-02-07 01:10,G6,185.2,187,-1.8,-6.3,0.17,OK
F05823,2027-02-07 01:10,G7,-3.8,-2,-1.8,-6.3,0.20,OK
F05824,2027-02-07 01:10,G8,0.3,0,0.3,-6.3,0.19,OK
F05825,2027-02-07 01:20,G1,-6.1,0,-6.1,-6.6,0.17,OK
F05826,2027-02-07 01:20,G2,1.5,1,0.5,-6.6,0.22,OK
F05827,2027-02-07 01:20,G3,-0.8,-1,0.2,-6.6,0.24,OK
F05828,2027-02-07 01:20,G4,-6.9,0,-6.9,-6.6,0.21,OK
F05829,2027-02-07 01:20,G5,1.6,2,-0.4,-6.6,0.19,OK
F05830,2027-02-07 01:20,G6,185.8,187,-1.2,-6.6,0.20,OK
F05831,2027-02-07 01:20,G7,-9.7,-2,-7.7,-6.6,0.19,OK
F05832,2027-02-07 01:20,G8,-2.8,0,-2.8,-6.6,0.18,OK
F05833,2027-02-07 01:30,G1,-8.1,0,-8.1,-6.8,0.23,OK
F05834,2027-02-07 01:30,G2,-3.2,1,-4.2,-6.8,0.18,OK
F05835,2027-02-07 01:30,G3,-3.1,-1,-2.1,-6.8,0.23,OK
F05836,2027-02-07 01:30,G4,-5.4,0,-5.4,-6.8,0.22,OK
F05837,2027-02-07 01:30,G5,-2.4,2,-4.4,-6.8,0.17,OK
F05838,2027-02-07 01:30,G6,183.7,187,-3.3,-6.8,0.23,OK
F05839,2027-02-07 01:30,G7,-6.6,-2,-4.6,-6.8,0.24,OK
F05840,2027-02-07 01:30,G8,-7.8,0,-7.8,-6.8,0.22,OK
F05841,2027-02-07 01:40,G1,-6.3,0,-6.3,-7.1,0.23,OK
F05842,2027-02-07 01:40,G2,-6.6,1,-7.6,-7.1,0.22,OK
F05843,2027-02-07 01:40,G3,-6.0,-1,-5.0,-7.1,0.17,OK
F05844,2027-02-07 01:40,G4,-2.8,0,-2.8,-7.1,0.20,OK
F05845,2027-02-07 01:40,G5,-5.1,2,-7.1,-7.1,0.19,OK
F05846,2027-02-07 01:40,G6,180.6,187,-6.4,-7.1,0.23,OK
F05847,2027-02-07 01:40,G7,-3.9,-2,-1.9,-7.1,0.23,OK
F05848,2027-02-07 01:40,G8,-10.6,0,-10.6,-7.1,0.17,OK
F05849,2027-02-07 01:50,G1,-1.8,0,-1.8,-7.3,0.16,OK
F05850,2027-02-07 01:50,G2,-2.5,1,-3.5,-7.3,0.16,OK
F05851,2027-02-07 01:50,G3,-4.3,-1,-3.3,-7.3,0.17,OK
F05852,2027-02-07 01:50,G4,-5.6,0,-5.6,-7.3,0.20,OK
F05853,2027-02-07 01:50,G5,-0.2,2,-2.2,-7.3,0.20,OK
F05854,2027-02-07 01:50,G6,179.9,187,-7.1,-7.3,0.23,OK
F05855,2027-02-07 01:50,G7,-8.9,-2,-6.9,-7.3,0.16,OK
F05856,2027-02-07 01:50,G8,-8.6,0,-8.6,-7.3,0.23,OK
F05857,2027-02-07 02:00,G1,-9.5,0,-9.5,-7.6,0.18,OK
F05858,2027-02-07 02:00,G2,-8.1,1,-9.1,-7.6,0.22,OK
F05859,2027-02-07 02:00,G3,-3.9,-1,-2.9,-7.6,0.21,OK
F05860,2027-02-07 02:00,G4,-9.9,0,-9.9,-7.6,0.18,OK
F05861,2027-02-07 02:00,G5,-0.8,2,-2.8,-7.6,0.18,OK
F05862,2027-02-07 02:00,G6,178.9,187,-8.1,-7.6,0.24,OK
F05863,2027-02-07 02:00,G7,-13.3,-2,-11.3,-7.6,0.21,OK
F05864,2027-02-07 02:00,G8,-8.5,0,-8.5,-7.6,0.18,OK
F05865,2027-02-07 02:10,G1,-4.0,0,-4.0,-7.9,0.24,OK
F05866,2027-02-07 02:10,G2,-6.3,1,-7.3,-7.9,0.20,OK
F05867,2027-02-07 02:10,G3,-11.6,-1,-10.6,-7.9,0.16,OK
F05868,2027-02-07 02:10,G4,-3.6,0,-3.6,-7.9,0.21,OK
F05869,2027-02-07 02:10,G5,-8.3,2,-10.3,-7.9,0.24,OK
F05870,2027-02-07 02:10,G6,180.8,187,-6.2,-7.9,0.24,OK
F05871,2027-02-07 02:10,G7,-10.6,-2,-8.6,-7.9,0.20,OK
F05872,2027-02-07 02:10,G8,-5.2,0,-5.2,-7.9,0.21,OK
F05873,2027-02-07 02:20,G1,-8.6,0,-8.6,-8.1,0.23,OK
F05874,2027-02-07 02:20,G2,-6.3,1,-7.3,-8.1,0.23,OK
F05875,2027-02-07 02:20,G3,-10.4,-1,-9.4,-8.1,0.18,OK
F05876,2027-02-07 02:20,G4,-4.3,0,-4.3,-8.1,0.18,OK
F05877,2027-02-07 02:20,G5,-6.8,2,-8.8,-8.1,0.16,OK
F05878,2027-02-07 02:20,G6,180.8,187,-6.2,-8.1,0.21,OK
F05879,2027-02-07 02:20,G7,-11.5,-2,-9.5,-8.1,0.22,OK
F05880,2027-02-07 02:20,G8,-7.0,0,-7.0,-8.1,0.17,OK
F05881,2027-02-07 02:30,G1,-2.7,0,-2.7,-8.4,0.16,OK
F05882,2027-02-07 02:30,G2,-3.2,1,-4.2,-8.4,0.16,OK
F05883,2027-02-07 02:30,G3,-8.7,-1,-7.7,-8.4,0.19,OK
F05884,2027-02-07 02:30,G4,-5.7,0,-5.7,-8.4,0.21,OK
F05885,2027-02-07 02:30,G5,-9.7,2,-11.7,-8.4,0.21,OK
F05886,2027-02-07 02:30,G6,179.4,187,-7.6,-8.4,0.23,OK
F05887,2027-02-07 02:30,G7,-10.1,-2,-8.1,-8.4,0.20,OK
F05888,2027-02-07 02:30,G8,-8.6,0,-8.6,-8.4,0.23,OK
F05889,2027-02-07 02:40,G1,-9.9,0,-9.9,-8.6,0.18,OK
F05890,2027-02-07 02:40,G2,-7.5,1,-8.5,-8.6,0.24,OK
F05891,2027-02-07 02:40,G3,-7.2,-1,-6.2,-8.6,0.19,OK
F05892,2027-02-07 02:40,G4,-12.4,0,-12.4,-8.6,0.23,OK
F05893,2027-02-07 02:40,G5,-7.7,2,-9.7,-8.6,0.22,OK
F05894,2027-02-07 02:40,G6,178.0,187,-9.0,-8.6,0.22,OK
F05895,2027-02-07 02:40,G7,-14.0,-2,-12.0,-8.6,0.23,OK
F05896,2027-02-07 02:40,G8,-9.1,0,-9.1,-8.6,0.21,OK
F05897,2027-02-07 02:50,G1,-8.6,0,-8.6,-8.9,0.20,OK
F05898,2027-02-07 02:50,G2,-9.4,1,-10.4,-8.9,0.22,OK
F05899,2027-02-07 02:50,G3,-6.0,-1,-5.0,-8.9,0.23,OK
F05900,2027-02-07 02:50,G4,-7.9,0,-7.9,-8.9,0.24,OK
F05901,2027-02-07 02:50,G5,-10.4,2,-12.4,-8.9,0.23,OK
F05902,2027-02-07 02:50,G6,179.5,187,-7.5,-8.9,0.16,OK
F05903,2027-02-07 02:50,G7,-11.0,-2,-9.0,-8.9,0.19,OK
F05904,2027-02-07 02:50,G8,-8.3,0,-8.3,-8.9,0.21,OK
F05905,2027-02-07 03:00,G1,-6.9,0,-6.9,-9.2,0.19,OK
F05906,2027-02-07 03:00,G2,-10.1,1,-11.1,-9.2,0.21,OK
F05907,2027-02-07 03:00,G3,-13.3,-1,-12.3,-9.2,0.22,OK
F05908,2027-02-07 03:00,G4,-12.7,0,-12.7,-9.2,0.23,OK
F05909,2027-02-07 03:00,G5,-6.6,2,-8.6,-9.2,0.22,OK
F05910,2027-02-07 03:00,G6,178.4,187,-8.6,-9.2,0.21,OK
F05911,2027-02-07 03:00,G7,-12.8,-2,-10.8,-9.2,0.22,OK
F05912,2027-02-07 03:00,G8,-13.5,0,-13.5,-9.2,0.24,OK
F05913,2027-02-07 03:10,G1,-9.6,0,-9.6,-9.4,0.23,OK
F05914,2027-02-07 03:10,G2,-10.2,1,-11.2,-9.4,0.17,OK
F05915,2027-02-07 03:10,G3,-7.4,-1,-6.4,-9.4,0.23,OK
F05916,2027-02-07 03:10,G4,-8.9,0,-8.9,-9.4,0.22,OK
F05917,2027-02-07 03:10,G5,-7.3,2,-9.3,-9.4,0.20,OK
F05918,2027-02-07 03:10,G6,176.5,187,-10.5,-9.4,0.19,OK
F05919,2027-02-07 03:10,G7,-14.0,-2,-12.0,-9.4,0.23,OK
F05920,2027-02-07 03:10,G8,-12.0,0,-12.0,-9.4,0.19,OK
F05921,2027-02-07 03:20,G1,-11.7,0,-11.7,-9.7,0.16,OK
F05922,2027-02-07 03:20,G2,-11.3,1,-12.3,-9.7,0.24,OK
F05923,2027-02-07 03:20,G3,-11.5,-1,-10.5,-9.7,0.20,OK
F05924,2027-02-07 03:20,G4,-14.5,0,-14.5,-9.7,0.23,OK
F05925,2027-02-07 03:20,G5,-9.3,2,-11.3,-9.7,0.16,OK
F05926,2027-02-07 03:20,G6,173.1,187,-13.9,-9.7,0.17,OK
F05927,2027-02-07 03:20,G7,-17.8,-2,-15.8,-9.7,0.23,OK
F05928,2027-02-07 03:20,G8,-10.5,0,-10.5,-9.7,0.21,OK
F05929,2027-02-07 03:30,G1,-10.7,0,-10.7,-9.9,0.19,OK
F05930,2027-02-07 03:30,G2,-13.3,1,-14.3,-9.9,0.16,OK
F05931,2027-02-07 03:30,G3,-8.4,-1,-7.4,-9.9,0.21,OK
F05932,2027-02-07 03:30,G4,-11.9,0,-11.9,-9.9,0.22,OK
F05933,2027-02-07 03:30,G5,-9.9,2,-11.9,-9.9,0.17,OK
F05934,2027-02-07 03:30,G6,173.9,187,-13.1,-9.9,0.19,OK
F05935,2027-02-07 03:30,G7,-14.0,-2,-12.0,-9.9,0.19,OK
F05936,2027-02-07 03:30,G8,-18.9,0,-18.9,-9.9,0.22,OK
F05937,2027-02-07 03:40,G1,-8.1,0,-8.1,-10.1,0.20,OK
F05938,2027-02-07 03:40,G2,-11.0,1,-12.0,-10.1,0.16,OK
F05939,2027-02-07 03:40,G3,-10.1,-1,-9.1,-10.1,0.23,OK
F05940,2027-02-07 03:40,G4,-15.5,0,-15.5,-10.1,0.17,OK
F05941,2027-02-07 03:40,G5,-13.7,2,-15.7,-10.1,0.19,OK
F05942,2027-02-07 03:40,G6,174.5,187,-12.5,-10.1,0.23,OK
F05943,2027-02-07 03:40,G7,-15.2,-2,-13.2,-10.1,0.20,OK
F05944,2027-02-07 03:40,G8,-14.0,0,-14.0,-10.1,0.23,OK
F05945,2027-02-07 03:50,G1,-11.9,0,-11.9,-10.4,0.21,OK
F05946,2027-02-07 03:50,G2,-11.0,1,-12.0,-10.4,0.19,OK
F05947,2027-02-07 03:50,G3,-17.6,-1,-16.6,-10.4,0.17,OK
F05948,2027-02-07 03:50,G4,-14.2,0,-14.2,-10.4,0.16,OK
F05949,2027-02-07 03:50,G5,-10.7,2,-12.7,-10.4,0.22,OK
F05950,2027-02-07 03:50,G6,169.7,187,-17.3,-10.4,0.22,OK
F05951,2027-02-07 03:50,G7,-16.4,-2,-14.4,-10.4,0.20,OK
F05952,2027-02-07 03:50,G8,-12.6,0,-12.6,-10.4,0.16,OK
F05953,2027-02-07 04:00,G1,-13.6,0,-13.6,-10.6,0.21,OK
F05954,2027-02-07 04:00,G2,-10.7,1,-11.7,-10.6,0.20,OK
F05955,2027-02-07 04:00,G3,-12.9,-1,-11.9,-10.6,0.17,OK
F05956,2027-02-07 04:00,G4,-12.1,0,-12.1,-10.6,0.18,OK
F05957,2027-02-07 04:00,G5,-15.0,2,-17.0,-10.6,0.20,OK
F05958,2027-02-07 04:00,G6,167.4,187,-19.6,-10.6,0.21,OK
F05959,2027-02-07 04:00,G7,-17.2,-2,-15.2,-10.6,0.24,OK
F05960,2027-02-07 04:00,G8,-19.7,0,-19.7,-10.6,0.20,OK
F05961,2027-02-07 04:10,G1,-10.5,0,-10.5,-10.8,0.20,OK
F05962,2027-02-07 04:10,G2,-11.7,1,-12.7,-10.8,0.21,OK
F05963,2027-02-07 04:10,G3,-10.6,-1,-9.6,-10.8,0.18,OK
F05964,2027-02-07 04:10,G4,-13.3,0,-13.3,-10.8,0.17,OK
F05965,2027-02-07 04:10,G5,-15.4,2,-17.4,-10.8,0.19,OK
F05966,2027-02-07 04:10,G6,171.9,187,-15.1,-10.8,0.18,OK
F05967,2027-02-07 04:10,G7,-21.7,-2,-19.7,-10.8,0.22,OK
F05968,2027-02-07 04:10,G8,-14.5,0,-14.5,-10.8,0.18,OK
F05969,2027-02-07 04:20,G1,-10.1,0,-10.1,-11.0,0.20,OK
F05970,2027-02-07 04:20,G2,-8.1,1,-9.1,-11.0,0.18,OK
F05971,2027-02-07 04:20,G3,-14.7,-1,-13.7,-11.0,0.22,OK
F05972,2027-02-07 04:20,G4,-19.4,0,-19.4,-11.0,0.24,OK
F05973,2027-02-07 04:20,G5,-18.0,2,-20.0,-11.0,0.16,OK
F05974,2027-02-07 04:20,G6,168.9,187,-18.1,-11.0,0.16,OK
F05975,2027-02-07 04:20,G7,-23.1,-2,-21.1,-11.0,0.20,OK
F05976,2027-02-07 04:20,G8,-14.4,0,-14.4,-11.0,0.21,OK
F05977,2027-02-07 04:30,G1,-16.4,0,-16.4,-11.3,0.24,OK
F05978,2027-02-07 04:30,G2,-16.1,1,-17.1,-11.3,0.20,OK
F05979,2027-02-07 04:30,G3,-19.8,-1,-18.8,-11.3,0.16,OK
F05980,2027-02-07 04:30,G4,-13.4,0,-13.4,-11.3,0.24,OK
F05981,2027-02-07 04:30,G5,-11.2,2,-13.2,-11.3,0.18,OK
F05982,2027-02-07 04:30,G6,166.2,187,-20.8,-11.3,0.18,OK
F05983,2027-02-07 04:30,G7,-16.9,-2,-14.9,-11.3,0.22,OK
F05984,2027-02-07 04:30,G8,-22.4,0,-22.4,-11.3,0.23,OK
F05985,2027-02-07 04:40,G1,-12.9,0,-12.9,-11.5,0.23,OK
F05986,2027-02-07 04:40,G2,-13.6,1,-14.6,-11.5,0.17,OK
F05987,2027-02-07 04:40,G3,-19.4,-1,-18.4,-11.5,0.17,OK
F05988,2027-02-07 04:40,G4,-16.6,0,-16.6,-11.5,0.21,OK
F05989,2027-02-07 04:40,G5,-18.3,2,-20.3,-11.5,0.17,OK
F05990,2027-02-07 04:40,G6,168.2,187,-18.8,-11.5,0.24,OK
F05991,2027-02-07 04:40,G7,-22.5,-2,-20.5,-11.5,0.23,OK
F05992,2027-02-07 04:40,G8,-23.5,0,-23.5,-11.5,0.22,OK
F05993,2027-02-07 04:50,G1,-16.1,0,-16.1,-11.7,0.17,OK
F05994,2027-02-07 04:50,G2,-16.6,1,-17.6,-11.7,0.23,OK
F05995,2027-02-07 04:50,G3,-19.7,-1,-18.7,-11.7,0.23,OK
F05996,2027-02-07 04:50,G4,-16.3,0,-16.3,-11.7,0.22,OK
F05997,2027-02-07 04:50,G5,-15.5,2,-17.5,-11.7,0.22,OK
F05998,2027-02-07 04:50,G6,169.9,187,-17.1,-11.7,0.18,OK
F05999,2027-02-07 04:50,G7,-20.4,-2,-18.4,-11.7,0.21,OK
F06000,2027-02-07 04:50,G8,-18.1,0,-18.1,-11.7,0.23,OK
F06001,2027-02-07 05:00,G1,-15.2,0,-15.2,-11.8,0.19,OK
F06002,2027-02-07 05:00,G2,-17.4,1,-18.4,-11.8,0.21,OK
F06003,2027-02-07 05:00,G3,-19.3,-1,-18.3,-11.8,0.20,OK
F06004,2027-02-07 05:00,G4,-18.0,0,-18.0,-11.8,0.17,OK
F06005,2027-02-07 05:00,G5,-13.0,2,-15.0,-11.8,0.19,OK
F06006,2027-02-07 05:00,G6,169.8,187,-17.2,-11.8,0.16,OK
F06007,2027-02-07 05:00,G7,-22.5,-2,-20.5,-11.8,0.21,OK
F06008,2027-02-07 05:00,G8,-21.8,0,-21.8,-11.8,0.20,OK
F06009,2027-02-07 05:10,G1,-17.9,0,-17.9,-12.0,0.23,OK
F06010,2027-02-07 05:10,G2,-13.1,1,-14.1,-12.0,0.22,OK
F06011,2027-02-07 05:10,G3,-16.8,-1,-15.8,-12.0,0.18,OK
F06012,2027-02-07 05:10,G4,-15.4,0,-15.4,-12.0,0.22,OK
F06013,2027-02-07 05:10,G5,-17.8,2,-19.8,-12.0,0.23,OK
F06014,2027-02-07 05:10,G6,171.2,187,-15.8,-12.0,0.20,OK
F06015,2027-02-07 05:10,G7,-23.2,-2,-21.2,-12.0,0.24,OK
F06016,2027-02-07 05:10,G8,-23.4,0,-23.4,-12.0,0.24,OK
F06017,2027-02-07 05:20,G1,-17.3,0,-17.3,-12.2,0.21,OK
F06018,2027-02-07 05:20,G2,-12.3,1,-13.3,-12.2,0.22,OK
F06019,2027-02-07 05:20,G3,-19.3,-1,-18.3,-12.2,0.20,OK
F06020,2027-02-07 05:20,G4,-19.9,0,-19.9,-12.2,0.19,OK
F06021,2027-02-07 05:20,G5,-19.0,2,-21.0,-12.2,0.24,OK
F06022,2027-02-07 05:20,G6,163.8,187,-23.2,-12.2,0.18,OK
F06023,2027-02-07 05:20,G7,-26.1,-2,-24.1,-12.2,0.16,OK
F06024,2027-02-07 05:20,G8,-25.4,0,-25.4,-12.2,0.19,OK
F06025,2027-02-07 05:30,G1,-13.8,0,-13.8,-12.4,0.21,OK
F06026,2027-02-07 05:30,G2,-12.1,1,-13.1,-12.4,0.17,OK
F06027,2027-02-07 05:30,G3,-14.9,-1,-13.9,-12.4,0.18,OK
F06028,2027-02-07 05:30,G4,-19.3,0,-19.3,-12.4,0.17,OK
F06029,2027-02-07 05:30,G5,-18.0,2,-20.0,-12.4,0.17,OK
F06030,2027-02-07 05:30,G6,166.6,187,-20.4,-12.4,0.22,OK
F06031,2027-02-07 05:30,G7,-19.1,-2,-17.1,-12.4,0.21,OK
F06032,2027-02-07 05:30,G8,-19.0,0,-19.0,-12.4,0.18,OK
F06033,2027-02-07 05:40,G1,-17.9,0,-17.9,-12.5,0.17,OK
F06034,2027-02-07 05:40,G2,-19.4,1,-20.4,-12.5,0.19,OK
F06035,2027-02-07 05:40,G3,-15.8,-1,-14.8,-12.5,0.18,OK
F06036,2027-02-07 05:40,G4,-17.3,0,-17.3,-12.5,0.20,OK
F06037,2027-02-07 05:40,G5,-13.5,2,-15.5,-12.5,0.18,OK
F06038,2027-02-07 05:40,G6,163.0,187,-24.0,-12.5,0.21,OK
F06039,2027-02-07 05:40,G7,-26.9,-2,-24.9,-12.5,0.17,OK
F06040,2027-02-07 05:40,G8,-18.2,0,-18.2,-12.5,0.16,OK
F06041,2027-02-07 05:50,G1,-18.2,0,-18.2,-12.7,0.17,OK
F06042,2027-02-07 05:50,G2,-19.4,1,-20.4,-12.7,0.19,OK
F06043,2027-02-07 05:50,G3,-16.4,-1,-15.4,-12.7,0.17,OK
F06044,2027-02-07 05:50,G4,-16.3,0,-16.3,-12.7,0.23,OK
F06045,2027-02-07 05:50,G5,-14.5,2,-16.5,-12.7,0.22,OK
F06046,2027-02-07 05:50,G6,170.2,187,-16.8,-12.7,0.20,OK
F06047,2027-02-07 05:50,G7,-27.5,-2,-25.5,-12.7,0.16,OK
F06048,2027-02-07 05:50,G8,-25.2,0,-25.2,-12.7,0.21,OK
F06049,2027-02-07 06:00,G1,15.4,0,15.4,-12.8,0.94,OK
F06050,2027-02-07 06:00,G2,20.1,1,19.1,-12.8,0.88,OK
F06051,2027-02-07 06:00,G3,30.1,-1,31.1,-12.8,0.95,OK
F06052,2027-02-07 06:00,G4,38.6,0,38.6,-12.8,0.90,OK
F06053,2027-02-07 06:00,G5,53.2,2,51.2,-12.8,0.92,OK
F06054,2027-02-07 06:00,G6,251.2,187,64.2,-12.8,0.93,OK
F06055,2027-02-07 06:00,G7,25.4,-2,27.4,-12.8,0.93,OK
F06056,2027-02-07 06:00,G8,16.4,0,16.4,-12.8,0.91,OK
F06057,2027-02-07 06:10,G1,-12.6,0,-12.6,-12.9,0.24,OK
F06058,2027-02-07 06:10,G2,-15.8,1,-16.8,-12.9,0.18,OK
F06059,2027-02-07 06:10,G3,-23.3,-1,-22.3,-12.9,0.21,OK
F06060,2027-02-07 06:10,G4,-20.7,0,-20.7,-12.9,0.18,OK
F06061,2027-02-07 06:10,G5,-20.5,2,-22.5,-12.9,0.16,OK
F06062,2027-02-07 06:10,G6,168.7,187,-18.3,-12.9,0.18,OK
F06063,2027-02-07 06:10,G7,-27.3,-2,-25.3,-12.9,0.17,OK
F06064,2027-02-07 06:10,G8,-27.8,0,-27.8,-12.9,0.17,OK
F06065,2027-02-07 06:20,G1,25.3,0,25.3,-13.0,1.09,OK
F06066,2027-02-07 06:20,G2,27.9,1,26.9,-13.0,1.11,OK
F06067,2027-02-07 06:20,G3,41.7,-1,42.7,-13.0,1.12,OK
F06068,2027-02-07 06:20,G4,52.3,0,52.3,-13.0,1.05,OK
F06069,2027-02-07 06:20,G5,65.8,2,63.8,-13.0,1.08,OK
F06070,2027-02-07 06:20,G6,264.4,187,77.4,-13.0,1.11,OK
F06071,2027-02-07 06:20,G7,42.8,-2,44.8,-13.0,1.06,OK
F06072,2027-02-07 06:20,G8,22.7,0,22.7,-13.0,1.11,OK
F06073,2027-02-07 06:30,G1,-19.1,0,-19.1,-13.1,0.21,OK
F06074,2027-02-07 06:30,G2,-15.1,1,-16.1,-13.1,0.20,OK
F06075,2027-02-07 06:30,G3,-20.0,-1,-19.0,-13.1,0.20,OK
F06076,2027-02-07 06:30,G4,-24.5,0,-24.5,-13.1,0.22,OK
F06077,2027-02-07 06:30,G5,-23.5,2,-25.5,-13.1,0.17,OK
F06078,2027-02-07 06:30,G6,163.9,187,-23.1,-13.1,0.17,OK
F06079,2027-02-07 06:30,G7,-23.6,-2,-21.6,-13.1,0.22,OK
F06080,2027-02-07 06:30,G8,-24.2,0,-24.2,-13.1,0.17,OK
F06081,2027-02-07 06:40,G1,1.7,0,1.7,-13.2,0.61,OK
F06082,2027-02-07 06:40,G2,2.4,1,1.4,-13.2,0.60,OK
F06083,2027-02-07 06:40,G3,10.9,-1,11.9,-13.2,0.62,OK
F06084,2027-02-07 06:40,G4,19.9,0,19.9,-13.2,0.66,OK
F06085,2027-02-07 06:40,G5,21.3,2,19.3,-13.2,0.65,OK
F06086,2027-02-07 06:40,G6,219.0,187,32.0,-13.2,0.62,OK
F06087,2027-02-07 06:40,G7,8.4,-2,10.4,-13.2,0.64,OK
F06088,2027-02-07 06:40,G8,-0.9,0,-0.9,-13.2,0.66,OK
F06089,2027-02-07 06:50,G1,-16.6,0,-16.6,-13.3,0.18,OK
F06090,2027-02-07 06:50,G2,-17.3,1,-18.3,-13.3,0.24,OK
F06091,2027-02-07 06:50,G3,-18.2,-1,-17.2,-13.3,0.24,OK
F06092,2027-02-07 06:50,G4,-16.8,0,-16.8,-13.3,0.20,OK
F06093,2027-02-07 06:50,G5,-16.2,2,-18.2,-13.3,0.21,OK
F06094,2027-02-07 06:50,G6,167.3,187,-19.7,-13.3,0.17,OK
F06095,2027-02-07 06:50,G7,-22.2,-2,-20.2,-13.3,0.21,OK
F06096,2027-02-07 06:50,G8,-27.5,0,-27.5,-13.3,0.20,OK
F06097,2027-02-07 07:00,G1,13.8,0,13.8,-13.4,0.98,OK
F06098,2027-02-07 07:00,G2,21.8,1,20.8,-13.4,1.00,OK
F06099,2027-02-07 07:00,G3,29.6,-1,30.6,-13.4,1.01,OK
F06100,2027-02-07 07:00,G4,43.6,0,43.6,-13.4,1.00,OK
F06101,2027-02-07 07:00,G5,60.8,2,58.8,-13.4,1.00,OK
F06102,2027-02-07 07:00,G6,255.6,187,68.6,-13.4,0.96,OK
F06103,2027-02-07 07:00,G7,32.4,-2,34.4,-13.4,0.95,OK
F06104,2027-02-07 07:00,G8,11.9,0,11.9,-13.4,1.00,OK
F06105,2027-02-07 07:10,G1,-21.7,0,-21.7,-13.5,0.17,OK
F06106,2027-02-07 07:10,G2,-18.1,1,-19.1,-13.5,0.21,OK
F06107,2027-02-07 07:10,G3,-17.3,-1,-16.3,-13.5,0.18,OK
F06108,2027-02-07 07:10,G4,-21.5,0,-21.5,-13.5,0.20,OK
F06109,2027-02-07 07:10,G5,-22.0,2,-24.0,-13.5,0.21,OK
F06110,2027-02-07 07:10,G6,167.7,187,-19.3,-13.5,0.16,OK
F06111,2027-02-07 07:10,G7,-25.1,-2,-23.1,-13.5,0.21,OK
F06112,2027-02-07 07:10,G8,-21.7,0,-21.7,-13.5,0.18,OK
F06113,2027-02-07 07:20,G1,-0.2,0,-0.2,-13.5,0.53,OK
F06114,2027-02-07 07:20,G2,1.1,1,0.1,-13.5,0.51,OK
F06115,2027-02-07 07:20,G3,1.9,-1,2.9,-13.5,0.51,OK
F06116,2027-02-07 07:20,G4,9.7,0,9.7,-13.5,0.56,OK
F06117,2027-02-07 07:20,G5,11.6,2,9.6,-13.5,0.53,OK
F06118,2027-02-07 07:20,G6,197.3,187,10.3,-13.5,0.49,OK
F06119,2027-02-07 07:20,G7,-3.5,-2,-1.5,-13.5,0.52,OK
F06120,2027-02-07 07:20,G8,-12.3,0,-12.3,-13.5,0.54,OK
F06121,2027-02-07 07:30,G1,-17.8,0,-17.8,-13.5,0.19,OK
F06122,2027-02-07 07:30,G2,-21.3,1,-22.3,-13.5,0.18,OK
F06123,2027-02-07 07:30,G3,-19.6,-1,-18.6,-13.5,0.24,OK
F06124,2027-02-07 07:30,G4,-21.4,0,-21.4,-13.5,0.17,OK
F06125,2027-02-07 07:30,G5,-18.5,2,-20.5,-13.5,0.22,OK
F06126,2027-02-07 07:30,G6,163.7,187,-23.3,-13.5,0.22,OK
F06127,2027-02-07 07:30,G7,-27.0,-2,-25.0,-13.5,0.18,OK
F06128,2027-02-07 07:30,G8,-25.8,0,-25.8,-13.5,0.16,OK
F06129,2027-02-07 07:40,G1,5.2,0,5.2,-13.6,0.72,OK
F06130,2027-02-07 07:40,G2,10.9,1,9.9,-13.6,0.70,OK
F06131,2027-02-07 07:40,G3,12.6,-1,13.6,-13.6,0.68,OK
F06132,2027-02-07 07:40,G4,18.8,0,18.8,-13.6,0.71,OK
F06133,2027-02-07 07:40,G5,30.7,2,28.7,-13.6,0.70,OK
F06134,2027-02-07 07:40,G6,219.9,187,32.9,-13.6,0.69,OK
F06135,2027-02-07 07:40,G7,11.3,-2,13.3,-13.6,0.67,OK
F06136,2027-02-07 07:40,G8,-1.0,0,-1.0,-13.6,0.66,OK
F06137,2027-02-07 07:50,G1,-17.2,0,-17.2,-13.6,0.18,OK
F06138,2027-02-07 07:50,G2,-16.1,1,-17.1,-13.6,0.21,OK
F06139,2027-02-07 07:50,G3,-19.8,-1,-18.8,-13.6,0.23,OK
F06140,2027-02-07 07:50,G4,-17.7,0,-17.7,-13.6,0.20,OK
F06141,2027-02-07 07:50,G5,-19.6,2,-21.6,-13.6,0.22,OK
F06142,2027-02-07 07:50,G6,163.9,187,-23.1,-13.6,0.18,OK
F06143,2027-02-07 07:50,G7,-27.5,-2,-25.5,-13.6,0.21,OK
F06144,2027-02-07 07:50,G8,-23.3,0,-23.3,-13.6,0.18,OK
F06145,2027-02-07 08:00,G1,13.8,0,13.8,-13.6,1.07,OK
F06146,2027-02-07 08:00,G2,23.8,1,22.8,-13.6,1.07,OK
F06147,2027-02-07 08:00,G3,37.2,-1,38.2,-13.6,1.03,OK
F06148,2027-02-07 08:00,G4,43.3,0,43.3,-13.6,1.03,OK
F06149,2027-02-07 08:00,G5,66.6,2,64.6,-13.6,1.03,OK
F06150,2027-02-07 08:00,G6,257.9,187,70.9,-13.6,1.00,OK
F06151,2027-02-07 08:00,G7,37.7,-2,39.7,-13.6,1.05,OK
F06152,2027-02-07 08:00,G8,13.8,0,13.8,-13.6,1.04,OK
F06153,2027-02-07 08:10,G1,-17.4,0,-17.4,-13.6,0.20,OK
F06154,2027-02-07 08:10,G2,-15.6,1,-16.6,-13.6,0.19,OK
F06155,2027-02-07 08:10,G3,-20.9,-1,-19.9,-13.6,0.20,OK
F06156,2027-02-07 08:10,G4,-19.1,0,-19.1,-13.6,0.22,OK
F06157,2027-02-07 08:10,G5,-18.2,2,-20.2,-13.6,0.21,OK
F06158,2027-02-07 08:10,G6,163.1,187,-23.9,-13.6,0.19,OK
F06159,2027-02-07 08:10,G7,-30.0,-2,-28.0,-13.6,0.23,OK
F06160,2027-02-07 08:10,G8,-24.9,0,-24.9,-13.6,0.20,OK
F06161,2027-02-07 08:20,G1,-1.1,0,-1.1,-13.6,0.61,OK
F06162,2027-02-07 08:20,G2,3.3,1,2.3,-13.6,0.62,OK
F06163,2027-02-07 08:20,G3,5.0,-1,6.0,-13.6,0.61,OK
F06164,2027-02-07 08:20,G4,8.6,0,8.6,-13.6,0.59,OK
F06165,2027-02-07 08:20,G5,14.7,2,12.7,-13.6,0.55,OK
F06166,2027-02-07 08:20,G6,203.9,187,16.9,-13.6,0.61,OK
F06167,2027-02-07 08:20,G7,4.6,-2,6.6,-13.6,0.56,OK
F06168,2027-02-07 08:20,G8,-5.6,0,-5.6,-13.6,0.55,OK
F06169,2027-02-07 08:30,G1,-17.1,0,-17.1,-13.5,0.23,OK
F06170,2027-02-07 08:30,G2,-19.6,1,-20.6,-13.5,0.18,OK
F06171,2027-02-07 08:30,G3,-18.2,-1,-17.2,-13.5,0.19,OK
F06172,2027-02-07 08:30,G4,-17.6,0,-17.6,-13.5,0.18,OK
F06173,2027-02-07 08:30,G5,-19.4,2,-21.4,-13.5,0.20,OK
F06174,2027-02-07 08:30,G6,166.5,187,-20.5,-13.5,0.20,OK
F06175,2027-02-07 08:30,G7,-29.3,-2,-27.3,-13.5,0.23,OK
F06176,2027-02-07 08:30,G8,-29.0,0,-29.0,-13.5,0.21,OK
F06177,2027-02-07 08:40,G1,7.4,0,7.4,-13.5,0.79,OK
F06178,2027-02-07 08:40,G2,15.0,1,14.0,-13.5,0.76,OK
F06179,2027-02-07 08:40,G3,14.8,-1,15.8,-13.5,0.74,OK
F06180,2027-02-07 08:40,G4,22.2,0,22.2,-13.5,0.77,OK
F06181,2027-02-07 08:40,G5,30.6,2,28.6,-13.5,0.78,OK
F06182,2027-02-07 08:40,G6,226.0,187,39.0,-13.5,0.79,OK
F06183,2027-02-07 08:40,G7,14.6,-2,16.6,-13.5,0.77,OK
F06184,2027-02-07 08:40,G8,2.9,0,2.9,-13.5,0.80,OK
F06185,2027-02-07 08:50,G1,-22.4,0,-22.4,-13.5,0.24,OK
F06186,2027-02-07 08:50,G2,-20.5,1,-21.5,-13.5,0.20,OK
F06187,2027-02-07 08:50,G3,-25.4,-1,-24.4,-13.5,0.24,OK
F06188,2027-02-07 08:50,G4,-17.8,0,-17.8,-13.5,0.23,OK
F06189,2027-02-07 08:50,G5,-20.2,2,-22.2,-13.5,0.23,OK
F06190,2027-02-07 08:50,G6,162.7,187,-24.3,-13.5,0.18,OK
F06191,2027-02-07 08:50,G7,-21.8,-2,-19.8,-13.5,0.19,OK
F06192,2027-02-07 08:50,G8,-23.3,0,-23.3,-13.5,0.23,OK
F06193,2027-02-07 09:00,G1,18.3,0,18.3,-13.4,1.12,OK
F06194,2027-02-07 09:00,G2,30.9,1,29.9,-13.4,1.06,OK
F06195,2027-02-07 09:00,G3,35.1,-1,36.1,-13.4,1.13,OK
F06196,2027-02-07 09:00,G4,53.5,0,53.5,-13.4,1.08,OK
F06197,2027-02-07 09:00,G5,64.6,2,62.6,-13.4,1.06,OK
F06198,2027-02-07 09:00,G6,263.7,187,76.7,-13.4,1.11,OK
F06199,2027-02-07 09:00,G7,42.5,-2,44.5,-13.4,1.06,OK
F06200,2027-02-07 09:00,G8,23.0,0,23.0,-13.4,1.13,OK
F06201,2027-02-07 09:10,G1,-20.4,0,-20.4,-13.3,0.16,OK
F06202,2027-02-07 09:10,G2,-14.4,1,-15.4,-13.3,0.23,OK
F06203,2027-02-07 09:10,G3,-19.5,-1,-18.5,-13.3,0.21,OK
F06204,2027-02-07 09:10,G4,-21.6,0,-21.6,-13.3,0.23,OK
F06205,2027-02-07 09:10,G5,-21.1,2,-23.1,-13.3,0.18,OK
F06206,2027-02-07 09:10,G6,164.9,187,-22.1,-13.3,0.17,OK
F06207,2027-02-07 09:10,G7,-25.0,-2,-23.0,-13.3,0.21,OK
F06208,2027-02-07 09:10,G8,-21.0,0,-21.0,-13.3,0.20,OK
F06209,2027-02-07 09:20,G1,5.7,0,5.7,-13.2,0.68,OK
F06210,2027-02-07 09:20,G2,5.6,1,4.6,-13.2,0.66,OK
F06211,2027-02-07 09:20,G3,6.7,-1,7.7,-13.2,0.66,OK
F06212,2027-02-07 09:20,G4,19.8,0,19.8,-13.2,0.62,OK
F06213,2027-02-07 09:20,G5,20.2,2,18.2,-13.2,0.63,OK
F06214,2027-02-07 09:20,G6,215.8,187,28.8,-13.2,0.68,OK
F06215,2027-02-07 09:20,G7,10.3,-2,12.3,-13.2,0.64,OK
F06216,2027-02-07 09:20,G8,1.2,0,1.2,-13.2,0.61,OK
F06217,2027-02-07 09:30,G1,-16.1,0,-16.1,-13.1,0.17,OK
F06218,2027-02-07 09:30,G2,-19.0,1,-20.0,-13.1,0.17,OK
F06219,2027-02-07 09:30,G3,-18.4,-1,-17.4,-13.1,0.24,OK
F06220,2027-02-07 09:30,G4,-18.7,0,-18.7,-13.1,0.19,OK
F06221,2027-02-07 09:30,G5,-19.9,2,-21.9,-13.1,0.23,OK
F06222,2027-02-07 09:30,G6,161.7,187,-25.3,-13.1,0.19,OK
F06223,2027-02-07 09:30,G7,-23.6,-2,-21.6,-13.1,0.23,OK
F06224,2027-02-07 09:30,G8,-22.5,0,-22.5,-13.1,0.22,OK
F06225,2027-02-07 09:40,G1,12.8,0,12.8,-13.0,0.86,OK
F06226,2027-02-07 09:40,G2,16.0,1,15.0,-13.0,0.81,OK
F06227,2027-02-07 09:40,G3,19.8,-1,20.8,-13.0,0.83,OK
F06228,2027-02-07 09:40,G4,33.4,0,33.4,-13.0,0.81,OK
F06229,2027-02-07 09:40,G5,44.9,2,42.9,-13.0,0.78,OK
F06230,2027-02-07 09:40,G6,235.7,187,48.7,-13.0,0.79,OK
F06231,2027-02-07 09:40,G7,24.1,-2,26.1,-13.0,0.78,OK
F06232,2027-02-07 09:40,G8,4.7,0,4.7,-13.0,0.79,OK
F06233,2027-02-07 09:50,G1,-20.4,0,-20.4,-12.9,0.20,OK
F06234,2027-02-07 09:50,G2,-17.1,1,-18.1,-12.9,0.24,OK
F06235,2027-02-07 09:50,G3,-19.2,-1,-18.2,-12.9,0.18,OK
F06236,2027-02-07 09:50,G4,-18.1,0,-18.1,-12.9,0.21,OK
F06237,2027-02-07 09:50,G5,-16.1,2,-18.1,-12.9,0.17,OK
F06238,2027-02-07 09:50,G6,164.8,187,-22.2,-12.9,0.20,OK
F06239,2027-02-07 09:50,G7,-23.3,-2,-21.3,-12.9,0.17,OK
F06240,2027-02-07 09:50,G8,-26.1,0,-26.1,-12.9,0.24,OK
F06241,2027-02-07 10:00,G1,-6.2,0,-6.2,-12.8,0.55,OK
F06242,2027-02-07 10:00,G2,3.3,1,2.3,-12.8,0.55,OK
F06243,2027-02-07 10:00,G3,0.1,-1,1.1,-12.8,0.53,OK
F06244,2027-02-07 10:00,G4,7.1,0,7.1,-12.8,0.50,OK
F06245,2027-02-07 10:00,G5,11.9,2,9.9,-12.8,0.51,OK
F06246,2027-02-07 10:00,G6,205.8,187,18.8,-12.8,0.56,OK
F06247,2027-02-07 10:00,G7,-3.0,-2,-1.0,-12.8,0.56,OK
F06248,2027-02-07 10:00,G8,-10.5,0,-10.5,-12.8,0.51,OK
F06249,2027-02-07 10:10,G1,-14.7,0,-14.7,-12.7,0.23,OK
F06250,2027-02-07 10:10,G2,-20.4,1,-21.4,-12.7,0.21,OK
F06251,2027-02-07 10:10,G3,-22.4,-1,-21.4,-12.7,0.22,OK
F06252,2027-02-07 10:10,G4,-19.1,0,-19.1,-12.7,0.18,OK
F06253,2027-02-07 10:10,G5,-13.7,2,-15.7,-12.7,0.20,OK
F06254,2027-02-07 10:10,G6,166.3,187,-20.7,-12.7,0.20,OK
F06255,2027-02-07 10:10,G7,-19.8,-2,-17.8,-12.7,0.20,OK
F06256,2027-02-07 10:10,G8,-23.5,0,-23.5,-12.7,0.24,OK
F06257,2027-02-07 10:20,G1,3.3,0,3.3,-12.5,0.69,OK
F06258,2027-02-07 10:20,G2,7.8,1,6.8,-12.5,0.68,OK
F06259,2027-02-07 10:20,G3,14.0,-1,15.0,-12.5,0.67,OK
F06260,2027-02-07 10:20,G4,21.1,0,21.1,-12.5,0.70,OK
F06261,2027-02-07 10:20,G5,28.3,2,26.3,-12.5,0.70,OK
F06262,2027-02-07 10:20,G6,223.9,187,36.9,-12.5,0.73,OK
F06263,2027-02-07 10:20,G7,11.0,-2,13.0,-12.5,0.68,OK
F06264,2027-02-07 10:20,G8,5.8,0,5.8,-12.5,0.71,OK
F06265,2027-02-07 10:30,G1,-15.8,0,-15.8,-12.4,0.18,OK
F06266,2027-02-07 10:30,G2,-18.1,1,-19.1,-12.4,0.16,OK
F06267,2027-02-07 10:30,G3,-20.7,-1,-19.7,-12.4,0.19,OK
F06268,2027-02-07 10:30,G4,-19.9,0,-19.9,-12.4,0.19,OK
F06269,2027-02-07 10:30,G5,-20.6,2,-22.6,-12.4,0.18,OK
F06270,2027-02-07 10:30,G6,167.7,187,-19.3,-12.4,0.17,OK
F06271,2027-02-07 10:30,G7,-21.8,-2,-19.8,-12.4,0.23,OK
F06272,2027-02-07 10:30,G8,-18.7,0,-18.7,-12.4,0.20,OK
F06273,2027-02-07 10:40,G1,13.2,0,13.2,-12.2,0.91,OK
F06274,2027-02-07 10:40,G2,24.9,1,23.9,-12.2,0.92,OK
F06275,2027-02-07 10:40,G3,25.8,-1,26.8,-12.2,0.89,OK
F06276,2027-02-07 10:40,G4,39.6,0,39.6,-12.2,0.84,OK
F06277,2027-02-07 10:40,G5,50.5,2,48.5,-12.2,0.86,OK
F06278,2027-02-07 10:40,G6,243.4,187,56.4,-12.2,0.85,OK
F06279,2027-02-07 10:40,G7,27.9,-2,29.9,-12.2,0.88,OK
F06280,2027-02-07 10:40,G8,13.5,0,13.5,-12.2,0.90,OK
F06281,2027-02-07 10:50,G1,-13.9,0,-13.9,-12.0,0.23,OK
F06282,2027-02-07 10:50,G2,-15.8,1,-16.8,-12.0,0.22,OK
F06283,2027-02-07 10:50,G3,-18.3,-1,-17.3,-12.0,0.20,OK
F06284,2027-02-07 10:50,G4,-14.8,0,-14.8,-12.0,0.19,OK
F06285,2027-02-07 10:50,G5,-17.4,2,-19.4,-12.0,0.19,OK
F06286,2027-02-07 10:50,G6,172.3,187,-14.7,-12.0,0.22,OK
F06287,2027-02-07 10:50,G7,-23.0,-2,-21.0,-12.0,0.22,OK
F06288,2027-02-07 10:50,G8,-24.7,0,-24.7,-12.0,0.18,OK
F06289,2027-02-07 11:00,G1,0.7,0,0.7,-11.8,0.60,OK
F06290,2027-02-07 11:00,G2,4.0,1,3.0,-11.8,0.61,OK
F06291,2027-02-07 11:00,G3,11.8,-1,12.8,-11.8,0.60,OK
F06292,2027-02-07 11:00,G4,11.8,0,11.8,-11.8,0.60,OK
F06293,2027-02-07 11:00,G5,19.5,2,17.5,-11.8,0.61,OK
F06294,2027-02-07 11:00,G6,209.2,187,22.2,-11.8,0.62,OK
F06295,2027-02-07 11:00,G7,3.7,-2,5.7,-11.8,0.56,OK
F06296,2027-02-07 11:00,G8,-0.4,0,-0.4,-11.8,0.58,OK
F06297,2027-02-07 11:10,G1,-18.4,0,-18.4,-11.7,0.21,OK
F06298,2027-02-07 11:10,G2,-10.2,1,-11.2,-11.7,0.19,OK
F06299,2027-02-07 11:10,G3,-16.4,-1,-15.4,-11.7,0.24,OK
F06300,2027-02-07 11:10,G4,-20.7,0,-20.7,-11.7,0.21,OK
F06301,2027-02-07 11:10,G5,-13.6,2,-15.6,-11.7,0.18,OK
F06302,2027-02-07 11:10,G6,171.8,187,-15.2,-11.7,0.21,OK
F06303,2027-02-07 11:10,G7,-24.0,-2,-22.0,-11.7,0.22,OK
F06304,2027-02-07 11:10,G8,-21.7,0,-21.7,-11.7,0.24,OK
F06305,2027-02-07 11:20,G1,10.8,0,10.8,-11.5,0.73,OK
F06306,2027-02-07 11:20,G2,21.1,1,20.1,-11.5,0.76,OK
F06307,2027-02-07 11:20,G3,22.5,-1,23.5,-11.5,0.80,OK
F06308,2027-02-07 11:20,G4,28.6,0,28.6,-11.5,0.79,OK
F06309,2027-02-07 11:20,G5,38.7,2,36.7,-11.5,0.78,OK
F06310,2027-02-07 11:20,G6,231.9,187,44.9,-11.5,0.80,OK
F06311,2027-02-07 11:20,G7,25.2,-2,27.2,-11.5,0.77,OK
F06312,2027-02-07 11:20,G8,10.4,0,10.4,-11.5,0.77,OK
F06313,2027-02-07 11:30,G1,-16.0,0,-16.0,-11.3,0.21,OK
F06314,2027-02-07 11:30,G2,-8.8,1,-9.8,-11.3,0.18,OK
F06315,2027-02-07 11:30,G3,-18.2,-1,-17.2,-11.3,0.18,OK
F06316,2027-02-07 11:30,G4,-14.9,0,-14.9,-11.3,0.20,OK
F06317,2027-02-07 11:30,G5,-10.4,2,-12.4,-11.3,0.18,OK
F06318,2027-02-07 11:30,G6,166.6,187,-20.4,-11.3,0.16,OK
F06319,2027-02-07 11:30,G7,-19.5,-2,-17.5,-11.3,0.16,OK
F06320,2027-02-07 11:30,G8,-16.6,0,-16.6,-11.3,0.18,OK
F06321,2027-02-07 11:40,G1,19.5,0,19.5,-11.0,0.91,OK
F06322,2027-02-07 11:40,G2,27.2,1,26.2,-11.0,0.94,OK
F06323,2027-02-07 11:40,G3,36.7,-1,37.7,-11.0,0.94,OK
F06324,2027-02-07 11:40,G4,45.4,0,45.4,-11.0,0.96,OK
F06325,2027-02-07 11:40,G5,59.6,2,57.6,-11.0,0.92,OK
F06326,2027-02-07 11:40,G6,255.8,187,68.8,-11.0,0.94,OK
F06327,2027-02-07 11:40,G7,31.5,-2,33.5,-11.0,0.92,OK
F06328,2027-02-07 11:40,G8,17.0,0,17.0,-11.0,0.95,OK
F06329,2027-02-07 11:50,G1,-9.7,0,-9.7,-10.8,0.24,OK
F06330,2027-02-07 11:50,G2,-13.2,1,-14.2,-10.8,0.22,OK
F06331,2027-02-07 11:50,G3,-12.0,-1,-11.0,-10.8,0.24,OK
F06332,2027-02-07 11:50,G4,-16.1,0,-16.1,-10.8,0.16,OK
F06333,2027-02-07 11:50,G5,-10.0,2,-12.0,-10.8,0.18,OK
F06334,2027-02-07 11:50,G6,169.5,187,-17.5,-10.8,0.20,OK
F06335,2027-02-07 11:50,G7,-16.7,-2,-14.7,-10.8,0.20,OK
F06336,2027-02-07 11:50,G8,-15.5,0,-15.5,-10.8,0.17,OK
F06337,2027-02-07 12:00,G1,5.3,0,5.3,-10.6,0.64,OK
F06338,2027-02-07 12:00,G2,12.7,1,11.7,-10.6,0.66,OK
F06339,2027-02-07 12:00,G3,12.3,-1,13.3,-10.6,0.68,OK
F06340,2027-02-07 12:00,G4,27.8,0,27.8,-10.6,0.65,OK
F06341,2027-02-07 12:00,G5,33.5,2,31.5,-10.6,0.64,OK
F06342,2027-02-07 12:00,G6,220.9,187,33.9,-10.6,0.61,OK
F06343,2027-02-07 12:00,G7,19.7,-2,21.7,-10.6,0.69,OK
F06344,2027-02-07 12:00,G8,3.6,0,3.6,-10.6,0.64,OK
F06345,2027-02-07 12:10,G1,-15.3,0,-15.3,-10.4,0.17,OK
F06346,2027-02-07 12:10,G2,-10.9,1,-11.9,-10.4,0.21,OK
F06347,2027-02-07 12:10,G3,-11.2,-1,-10.2,-10.4,0.17,OK
F06348,2027-02-07 12:10,G4,-12.3,0,-12.3,-10.4,0.20,OK
F06349,2027-02-07 12:10,G5,-14.0,2,-16.0,-10.4,0.20,OK
F06350,2027-02-07 12:10,G6,176.9,187,-10.1,-10.4,0.21,OK
F06351,2027-02-07 12:10,G7,-20.4,-2,-18.4,-10.4,0.24,OK
F06352,2027-02-07 12:10,G8,-19.1,0,-19.1,-10.4,0.19,OK
F06353,2027-02-07 12:20,G1,19.2,0,19.2,-10.1,0.86,OK
F06354,2027-02-07 12:20,G2,26.0,1,25.0,-10.1,0.79,OK
F06355,2027-02-07 12:20,G3,24.1,-1,25.1,-10.1,0.79,OK
F06356,2027-02-07 12:20,G4,39.1,0,39.1,-10.1,0.80,OK
F06357,2027-02-07 12:20,G5,51.7,2,49.7,-10.1,0.82,OK
F06358,2027-02-07 12:20,G6,246.4,187,59.4,-10.1,0.83,OK
F06359,2027-02-07 12:20,G7,33.6,-2,35.6,-10.1,0.80,OK
F06360,2027-02-07 12:20,G8,18.4,0,18.4,-10.1,0.79,OK
F06361,2027-02-07 12:30,G1,-7.5,0,-7.5,-9.9,0.23,OK
F06362,2027-02-07 12:30,G2,-10.1,1,-11.1,-9.9,0.18,OK
F06363,2027-02-07 12:30,G3,-13.3,-1,-12.3,-9.9,0.17,OK
F06364,2027-02-07 12:30,G4,-8.0,0,-8.0,-9.9,0.23,OK
F06365,2027-02-07 12:30,G5,-6.4,2,-8.4,-9.9,0.18,OK
F06366,2027-02-07 12:30,G6,174.7,187,-12.3,-9.9,0.19,OK
F06367,2027-02-07 12:30,G7,-11.6,-2,-9.6,-9.9,0.23,OK
F06368,2027-02-07 12:30,G8,-10.3,0,-10.3,-9.9,0.18,OK
F06369,2027-02-07 12:40,G1,25.1,0,25.1,-9.7,1.04,OK
F06370,2027-02-07 12:40,G2,37.4,1,36.4,-9.7,0.96,OK
F06371,2027-02-07 12:40,G3,37.6,-1,38.6,-9.7,1.00,OK
F06372,2027-02-07 12:40,G4,56.8,0,56.8,-9.7,1.01,OK
F06373,2027-02-07 12:40,G5,65.5,2,63.5,-9.7,1.01,OK
F06374,2027-02-07 12:40,G6,268.9,187,81.9,-9.7,0.96,OK
F06375,2027-02-07 12:40,G7,40.7,-2,42.7,-9.7,1.00,OK
F06376,2027-02-07 12:40,G8,24.3,0,24.3,-9.7,1.00,OK
F06377,2027-02-07 12:50,G1,-10.7,0,-10.7,-9.4,0.22,OK
F06378,2027-02-07 12:50,G2,-8.8,1,-9.8,-9.4,0.18,OK
F06379,2027-02-07 12:50,G3,-7.0,-1,-6.0,-9.4,0.19,OK
F06380,2027-02-07 12:50,G4,-6.5,0,-6.5,-9.4,0.23,OK
F06381,2027-02-07 12:50,G5,-9.1,2,-11.1,-9.4,0.21,OK
F06382,2027-02-07 12:50,G6,171.8,187,-15.2,-9.4,0.20,OK
F06383,2027-02-07 12:50,G7,-12.6,-2,-10.6,-9.4,0.16,OK
F06384,2027-02-07 12:50,G8,-17.4,0,-17.4,-9.4,0.20,OK
F06385,2027-02-07 13:00,G1,10.9,0,10.9,-9.2,0.70,OK
F06386,2027-02-07 13:00,G2,20.7,1,19.7,-9.2,0.74,OK
F06387,2027-02-07 13:00,G3,18.7,-1,19.7,-9.2,0.68,OK
F06388,2027-02-07 13:00,G4,27.8,0,27.8,-9.2,0.75,OK
F06389,2027-02-07 13:00,G5,37.6,2,35.6,-9.2,0.74,OK
F06390,2027-02-07 13:00,G6,236.7,187,49.7,-9.2,0.74,OK
F06391,2027-02-07 13:00,G7,23.9,-2,25.9,-9.2,0.71,OK
F06392,2027-02-07 13:00,G8,13.9,0,13.9,-9.2,0.68,OK
F06393,2027-02-07 13:10,G1,-12.5,0,-12.5,-8.9,0.22,OK
F06394,2027-02-07 13:10,G2,-3.7,1,-4.7,-8.9,0.20,OK
F06395,2027-02-07 13:10,G3,-7.4,-1,-6.4,-8.9,0.20,OK
F06396,2027-02-07 13:10,G4,-13.4,0,-13.4,-8.9,0.20,OK
F06397,2027-02-07 13:10,G5,-11.9,2,-13.9,-8.9,0.19,OK
F06398,2027-02-07 13:10,G6,176.4,187,-10.6,-8.9,0.23,OK
F06399,2027-02-07 13:10,G7,-15.9,-2,-13.9,-8.9,0.23,OK
F06400,2027-02-07 13:10,G8,-11.8,0,-11.8,-8.9,0.23,OK
F06401,2027-02-07 13:20,G1,18.0,0,18.0,-8.6,0.86,OK
F06402,2027-02-07 13:20,G2,30.4,1,29.4,-8.6,0.93,OK
F06403,2027-02-07 13:20,G3,33.2,-1,34.2,-8.6,0.89,OK
F06404,2027-02-07 13:20,G4,48.4,0,48.4,-8.6,0.87,OK
F06405,2027-02-07 13:20,G5,63.0,2,61.0,-8.6,0.88,OK
F06406,2027-02-07 13:20,G6,259.3,187,72.3,-8.6,0.87,OK
F06407,2027-02-07 13:20,G7,39.3,-2,41.3,-8.6,0.85,OK
F06408,2027-02-07 13:20,G8,26.9,0,26.9,-8.6,0.92,OK
F06409,2027-02-07 13:30,G1,-5.8,0,-5.8,-8.4,0.22,OK
F06410,2027-02-07 13:30,G2,-9.5,1,-10.5,-8.4,0.19,OK
F06411,2027-02-07 13:30,G3,-13.2,-1,-12.2,-8.4,0.24,OK
F06412,2027-02-07 13:30,G4,-6.3,0,-6.3,-8.4,0.19,OK
F06413,2027-02-07 13:30,G5,-5.7,2,-7.7,-8.4,0.23,OK
F06414,2027-02-07 13:30,G6,177.3,187,-9.7,-8.4,0.18,OK
F06415,2027-02-07 13:30,G7,-7.2,-2,-5.2,-8.4,0.19,OK
F06416,2027-02-07 13:30,G8,-8.1,0,-8.1,-8.4,0.20,OK
F06417,2027-02-07 13:40,G1,31.8,0,31.8,-8.1,1.04,OK
F06418,2027-02-07 13:40,G2,41.6,1,40.6,-8.1,1.10,OK
F06419,2027-02-07 13:40,G3,43.7,-1,44.7,-8.1,1.03,OK
F06420,2027-02-07 13:40,G4,59.4,0,59.4,-8.1,1.03,OK
F06421,2027-02-07 13:40,G5,75.3,2,73.3,-8.1,1.10,OK
F06422,2027-02-07 13:40,G6,273.1,187,86.1,-8.1,1.07,OK
F06423,2027-02-07 13:40,G7,50.7,-2,52.7,-8.1,1.05,OK
F06424,2027-02-07 13:40,G8,36.3,0,36.3,-8.1,1.05,OK
F06425,2027-02-07 13:50,G1,-3.8,0,-3.8,-7.9,0.21,OK
F06426,2027-02-07 13:50,G2,-2.9,1,-3.9,-7.9,0.17,OK
F06427,2027-02-07 13:50,G3,-6.7,-1,-5.7,-7.9,0.19,OK
F06428,2027-02-07 13:50,G4,-11.5,0,-11.5,-7.9,0.21,OK
F06429,2027-02-07 13:50,G5,-2.3,2,-4.3,-7.9,0.18,OK
F06430,2027-02-07 13:50,G6,180.8,187,-6.2,-7.9,0.19,OK
F06431,2027-02-07 13:50,G7,-13.9,-2,-11.9,-7.9,0.18,OK
F06432,2027-02-07 13:50,G8,-5.8,0,-5.8,-7.9,0.22,OK
F06433,2027-02-07 14:00,G1,22.4,0,22.4,-7.6,0.80,OK
F06434,2027-02-07 14:00,G2,25.8,1,24.8,-7.6,0.75,OK
F06435,2027-02-07 14:00,G3,33.7,-1,34.7,-7.6,0.79,OK
F06436,2027-02-07 14:00,G4,43.0,0,43.0,-7.6,0.78,OK
F06437,2027-02-07 14:00,G5,54.6,2,52.6,-7.6,0.76,OK
F06438,2027-02-07 14:00,G6,246.7,187,59.7,-7.6,0.78,OK
F06439,2027-02-07 14:00,G7,33.7,-2,35.7,-7.6,0.79,OK
F06440,2027-02-07 14:00,G8,22.1,0,22.1,-7.6,0.77,OK
F06441,2027-02-07 14:10,G1,-2.4,0,-2.4,-7.3,0.20,OK
F06442,2027-02-07 14:10,G2,-5.0,1,-6.0,-7.3,0.22,OK
F06443,2027-02-07 14:10,G3,-6.3,-1,-5.3,-7.3,0.16,OK
F06444,2027-02-07 14:10,G4,-7.0,0,-7.0,-7.3,0.23,OK
F06445,2027-02-07 14:10,G5,0.0,2,-2.0,-7.3,0.22,OK
F06446,2027-02-07 14:10,G6,181.1,187,-5.9,-7.3,0.17,OK
F06447,2027-02-07 14:10,G7,-10.1,-2,-8.1,-7.3,0.22,OK
F06448,2027-02-07 14:10,G8,-2.7,0,-2.7,-7.3,0.24,OK
F06449,2027-02-07 14:20,G1,31.3,0,31.3,-7.1,0.92,OK
F06450,2027-02-07 14:20,G2,36.6,1,35.6,-7.1,0.96,OK
F06451,2027-02-07 14:20,G3,41.9,-1,42.9,-7.1,0.91,OK
F06452,2027-02-07 14:20,G4,55.1,0,55.1,-7.1,0.93,OK
F06453,2027-02-07 14:20,G5,73.2,2,71.2,-7.1,0.94,OK
F06454,2027-02-07 14:20,G6,264.5,187,77.5,-7.1,0.93,OK
F06455,2027-02-07 14:20,G7,45.1,-2,47.1,-7.1,0.92,OK
F06456,2027-02-07 14:20,G8,34.9,0,34.9,-7.1,0.91,OK
F06457,2027-02-07 14:30,G1,-6.1,0,-6.1,-6.8,0.18,OK
F06458,2027-02-07 14:30,G2,-2.2,1,-3.2,-6.8,0.21,OK
F06459,2027-02-07 14:30,G3,-1.6,-1,-0.6,-6.8,0.20,OK
F06460,2027-02-07 14:30,G4,-5.8,0,-5.8,-6.8,0.22,OK
F06461,2027-02-07 14:30,G5,-5.1,2,-7.1,-6.8,0.21,OK
F06462,2027-02-07 14:30,G6,185.9,187,-1.1,-6.8,0.21,OK
F06463,2027-02-07 14:30,G7,-7.6,-2,-5.6,-6.8,0.17,OK
F06464,2027-02-07 14:30,G8,-0.9,0,-0.9,-6.8,0.18,OK
F06465,2027-02-07 14:40,G1,35.5,0,35.5,-6.6,1.09,OK
F06466,2027-02-07 14:40,G2,48.4,1,47.4,-6.6,1.09,OK
F06467,2027-02-07 14:40,G3,59.6,-1,60.6,-6.6,1.15,OK
F06468,2027-02-07 14:40,G4,76.4,0,76.4,-6.6,1.11,OK
F06469,2027-02-07 14:40,G5,85.5,2,83.5,-6.6,1.11,OK
F06470,2027-02-07 14:40,G6,289.0,187,102.0,-6.6,1.13,OK
F06471,2027-02-07 14:40,G7,60.5,-2,62.5,-6.6,1.09,OK
F06472,2027-02-07 14:40,G8,42.3,0,42.3,-6.6,1.16,OK
F06473,2027-02-07 14:50,G1,0.8,0,0.8,-6.3,0.20,OK
F06474,2027-02-07 14:50,G2,-4.9,1,-5.9,-6.3,0.22,OK
F06475,2027-02-07 14:50,G3,-2.3,-1,-1.3,-6.3,0.17,OK
F06476,2027-02-07 14:50,G4,-2.0,0,-2.0,-6.3,0.16,OK
F06477,2027-02-07 14:50,G5,-3.9,2,-5.9,-6.3,0.19,OK
F06478,2027-02-07 14:50,G6,186.8,187,-0.2,-6.3,0.20,OK
F06479,2027-02-07 14:50,G7,-7.9,-2,-5.9,-6.3,0.19,OK
F06480,2027-02-07 14:50,G8,-0.1,0,-0.1,-6.3,0.20,OK
F06481,2027-02-07 15:00,G1,29.4,0,29.4,-6.0,0.83,OK
F06482,2027-02-07 15:00,G2,30.2,1,29.2,-6.0,0.82,OK
F06483,2027-02-07 15:00,G3,37.6,-1,38.6,-6.0,0.82,OK
F06484,2027-02-07 15:00,G4,47.8,0,47.8,-6.0,0.84,OK
F06485,2027-02-07 15:00,G5,65.1,2,63.1,-6.0,0.83,OK
F06486,2027-02-07 15:00,G6,259.6,187,72.6,-6.0,0.87,OK
F06487,2027-02-07 15:00,G7,45.5,-2,47.5,-6.0,0.80,OK
F06488,2027-02-07 15:00,G8,29.1,0,29.1,-6.0,0.85,OK
F06489,2027-02-07 15:10,G1,-4.4,0,-4.4,-5.8,0.18,OK
F06490,2027-02-07 15:10,G2,1.0,1,0.0,-5.8,0.21,OK
F06491,2027-02-07 15:10,G3,-1.6,-1,-0.6,-5.8,0.22,OK
F06492,2027-02-07 15:10,G4,-0.1,0,-0.1,-5.8,0.17,OK
F06493,2027-02-07 15:10,G5,2.3,2,0.3,-5.8,0.23,OK
F06494,2027-02-07 15:10,G6,186.2,187,-0.8,-5.8,0.18,OK
F06495,2027-02-07 15:10,G7,-2.0,-2,0.0,-5.8,0.19,OK
F06496,2027-02-07 15:10,G8,-6.0,0,-6.0,-5.8,0.18,OK
F06497,2027-02-07 15:20,G1,33.6,0,33.6,-5.5,0.97,OK
F06498,2027-02-07 15:20,G2,43.3,1,42.3,-5.5,1.04,OK
F06499,2027-02-07 15:20,G3,53.8,-1,54.8,-5.5,1.00,OK
F06500,2027-02-07 15:20,G4,64.6,0,64.6,-5.5,1.01,OK
F06501,2027-02-07 15:20,G5,79.8,2,77.8,-5.5,1.00,OK
F06502,2027-02-07 15:20,G6,279.9,187,92.9,-5.5,0.99,OK
F06503,2027-02-07 15:20,G7,54.4,-2,56.4,-5.5,0.98,OK
F06504,2027-02-07 15:20,G8,42.4,0,42.4,-5.5,1.01,OK
F06505,2027-02-07 15:30,G1,1.0,0,1.0,-5.3,0.21,OK
F06506,2027-02-07 15:30,G2,-4.0,1,-5.0,-5.3,0.16,OK
F06507,2027-02-07 15:30,G3,-5.0,-1,-4.0,-5.3,0.20,OK
F06508,2027-02-07 15:30,G4,1.3,0,1.3,-5.3,0.23,OK
F06509,2027-02-07 15:30,G5,4.0,2,2.0,-5.3,0.23,OK
F06510,2027-02-07 15:30,G6,184.5,187,-2.5,-5.3,0.22,OK
F06511,2027-02-07 15:30,G7,-5.1,-2,-3.1,-5.3,0.16,OK
F06512,2027-02-07 15:30,G8,2.0,0,2.0,-5.3,0.23,OK
F06513,2027-02-07 15:40,G1,14.0,0,14.0,-5.1,0.58,OK
F06514,2027-02-07 15:40,G2,17.1,1,16.1,-5.1,0.56,OK
F06515,2027-02-07 15:40,G3,18.1,-1,19.1,-5.1,0.56,OK
F06516,2027-02-07 15:40,G4,26.8,0,26.8,-5.1,0.57,OK
F06517,2027-02-07 15:40,G5,37.5,2,35.5,-5.1,0.59,OK
F06518,2027-02-07 15:40,G6,231.7,187,44.7,-5.1,0.54,OK
F06519,2027-02-07 15:40,G7,23.7,-2,25.7,-5.1,0.57,OK
F06520,2027-02-07 15:40,G8,15.7,0,15.7,-5.1,0.54,OK
F06521,2027-02-07 15:50,G1,1.9,0,1.9,-4.8,0.22,OK
F06522,2027-02-07 15:50,G2,-1.6,1,-2.6,-4.8,0.20,OK
F06523,2027-02-07 15:50,G3,3.3,-1,4.3,-4.8,0.21,OK
F06524,2027-02-07 15:50,G4,-1.2,0,-1.2,-4.8,0.20,OK
F06525,2027-02-07 15:50,G5,0.8,2,-1.2,-4.8,0.19,OK
F06526,2027-02-07 15:50,G6,184.3,187,-2.7,-4.8,0.23,OK
F06527,2027-02-07 15:50,G7,0.9,-2,2.9,-4.8,0.21,OK
F06528,2027-02-07 15:50,G8,-0.4,0,-0.4,-4.8,0.22,OK
F06529,2027-02-07 16:00,G1,31.5,0,31.5,-4.6,0.89,OK
F06530,2027-02-07 16:00,G2,40.3,1,39.3,-4.6,0.88,OK
F06531,2027-02-07 16:00,G3,49.6,-1,50.6,-4.6,0.91,OK
F06532,2027-02-07 16:00,G4,62.3,0,62.3,-4.6,0.86,OK
F06533,2027-02-07 16:00,G5,69.5,2,67.5,-4.6,0.86,OK
F06534,2027-02-07 16:00,G6,268.6,187,81.6,-4.6,0.92,OK
F06535,2027-02-07 16:00,G7,49.8,-2,51.8,-4.6,0.86,OK
F06536,2027-02-07 16:00,G8,39.6,0,39.6,-4.6,0.88,OK
F06537,2027-02-07 16:10,G1,-2.9,0,-2.9,-4.4,0.22,OK
F06538,2027-02-07 16:10,G2,4.7,1,3.7,-4.4,0.17,OK
F06539,2027-02-07 16:10,G3,1.8,-1,2.8,-4.4,0.20,OK
F06540,2027-02-07 16:10,G4,4.4,0,4.4,-4.4,0.24,OK
F06541,2027-02-07 16:10,G5,5.8,2,3.8,-4.4,0.19,OK
F06542,2027-02-07 16:10,G6,188.8,187,1.8,-4.4,0.22,OK
F06543,2027-02-07 16:10,G7,-4.3,-2,-2.3,-4.4,0.24,OK
F06544,2027-02-07 16:10,G8,0.2,0,0.2,-4.4,0.18,OK
F06545,2027-02-07 16:20,G1,38.6,0,38.6,-4.2,1.11,OK
F06546,2027-02-07 16:20,G2,52.1,1,51.1,-4.2,1.08,OK
F06547,2027-02-07 16:20,G3,57.8,-1,58.8,-4.2,1.09,OK
F06548,2027-02-07 16:20,G4,69.6,0,69.6,-4.2,1.07,OK
F06549,2027-02-07 16:20,G5,89.2,2,87.2,-4.2,1.05,OK
F06550,2027-02-07 16:20,G6,293.6,187,106.6,-4.2,1.09,OK
F06551,2027-02-07 16:20,G7,64.1,-2,66.1,-4.2,1.09,OK
F06552,2027-02-07 16:20,G8,47.0,0,47.0,-4.2,1.09,OK
F06553,2027-02-07 16:30,G1,-0.2,0,-0.2,-3.9,0.22,OK
F06554,2027-02-07 16:30,G2,3.4,1,2.4,-3.9,0.23,OK
F06555,2027-02-07 16:30,G3,0.3,-1,1.3,-3.9,0.21,OK
F06556,2027-02-07 16:30,G4,2.8,0,2.8,-3.9,0.19,OK
F06557,2027-02-07 16:30,G5,7.5,2,5.5,-3.9,0.16,OK
F06558,2027-02-07 16:30,G6,193.8,187,6.8,-3.9,0.19,OK
F06559,2027-02-07 16:30,G7,-2.2,-2,-0.2,-3.9,0.20,OK
F06560,2027-02-07 16:30,G8,4.5,0,4.5,-3.9,0.22,OK
F06561,2027-02-07 16:40,G1,17.3,0,17.3,-3.7,0.63,OK
F06562,2027-02-07 16:40,G2,28.0,1,27.0,-3.7,0.63,OK
F06563,2027-02-07 16:40,G3,25.5,-1,26.5,-3.7,0.61,OK
F06564,2027-02-07 16:40,G4,34.8,0,34.8,-3.7,0.59,OK
F06565,2027-02-07 16:40,G5,50.3,2,48.3,-3.7,0.63,OK
F06566,2027-02-07 16:40,G6,237.2,187,50.2,-3.7,0.61,OK
F06567,2027-02-07 16:40,G7,29.3,-2,31.3,-3.7,0.63,OK
F06568,2027-02-07 16:40,G8,21.7,0,21.7,-3.7,0.62,OK
F06569,2027-02-07 16:50,G1,4.3,0,4.3,-3.5,0.17,OK
F06570,2027-02-07 16:50,G2,2.6,1,1.6,-3.5,0.21,OK
F06571,2027-02-07 16:50,G3,-1.8,-1,-0.8,-3.5,0.18,OK
F06572,2027-02-07 16:50,G4,7.1,0,7.1,-3.5,0.16,OK
F06573,2027-02-07 16:50,G5,4.3,2,2.3,-3.5,0.16,OK
F06574,2027-02-07 16:50,G6,192.9,187,5.9,-3.5,0.20,OK
F06575,2027-02-07 16:50,G7,-0.7,-2,1.3,-3.5,0.20,OK
F06576,2027-02-07 16:50,G8,1.0,0,1.0,-3.5,0.18,OK
F06577,2027-02-07 17:00,G1,34.0,0,34.0,-3.4,0.97,OK
F06578,2027-02-07 17:00,G2,50.9,1,49.9,-3.4,0.96,OK
F06579,2027-02-07 17:00,G3,52.8,-1,53.8,-3.4,0.93,OK
F06580,2027-02-07 17:00,G4,63.3,0,63.3,-3.4,0.97,OK
F06581,2027-02-07 17:00,G5,83.0,2,81.0,-3.4,0.97,OK
F06582,2027-02-07 17:00,G6,276.5,187,89.5,-3.4,0.99,OK
F06583,2027-02-07 17:00,G7,57.6,-2,59.6,-3.4,0.93,OK
F06584,2027-02-07 17:00,G8,44.7,0,44.7,-3.4,0.92,OK
F06585,2027-02-07 17:10,G1,5.6,0,5.6,-3.2,0.18,OK
F06586,2027-02-07 17:10,G2,1.9,1,0.9,-3.2,0.16,OK
F06587,2027-02-07 17:10,G3,6.5,-1,7.5,-3.2,0.17,OK
F06588,2027-02-07 17:10,G4,0.4,0,0.4,-3.2,0.20,OK
F06589,2027-02-07 17:10,G5,5.9,2,3.9,-3.2,0.17,OK
F06590,2027-02-07 17:10,G6,188.8,187,1.8,-3.2,0.24,OK
F06591,2027-02-07 17:10,G7,4.8,-2,6.8,-3.2,0.17,OK
F06592,2027-02-07 17:10,G8,1.6,0,1.6,-3.2,0.24,OK
F06593,2027-02-07 17:20,G1,13.2,0,13.2,-3.0,0.51,OK
F06594,2027-02-07 17:20,G2,20.3,1,19.3,-3.0,0.50,OK
F06595,2027-02-07 17:20,G3,27.1,-1,28.1,-3.0,0.51,OK
F06596,2027-02-07 17:20,G4,30.2,0,30.2,-3.0,0.51,OK
F06597,2027-02-07 17:20,G5,38.0,2,36.0,-3.0,0.54,OK
F06598,2027-02-07 17:20,G6,224.3,187,37.3,-3.0,0.48,OK
F06599,2027-02-07 17:20,G7,28.4,-2,30.4,-3.0,0.53,OK
F06600,2027-02-07 17:20,G8,17.2,0,17.2,-3.0,0.54,OK
F06601,2027-02-07 17:30,G1,8.3,0,8.3,-2.8,0.19,OK
F06602,2027-02-07 17:30,G2,2.6,1,1.6,-2.8,0.20,OK
F06603,2027-02-07 17:30,G3,2.3,-1,3.3,-2.8,0.17,OK
F06604,2027-02-07 17:30,G4,7.3,0,7.3,-2.8,0.17,OK
F06605,2027-02-07 17:30,G5,7.8,2,5.8,-2.8,0.18,OK
F06606,2027-02-07 17:30,G6,196.7,187,9.7,-2.8,0.23,OK
F06607,2027-02-07 17:30,G7,2.9,-2,4.9,-2.8,0.20,OK
F06608,2027-02-07 17:30,G8,9.7,0,9.7,-2.8,0.21,OK
F06609,2027-02-07 17:40,G1,26.4,0,26.4,-2.7,0.69,OK
F06610,2027-02-07 17:40,G2,34.9,1,33.9,-2.7,0.70,OK
F06611,2027-02-07 17:40,G3,39.6,-1,40.6,-2.7,0.70,OK
F06612,2027-02-07 17:40,G4,43.3,0,43.3,-2.7,0.72,OK
F06613,2027-02-07 17:40,G5,54.1,2,52.1,-2.7,0.68,OK
F06614,2027-02-07 17:40,G6,246.9,187,59.9,-2.7,0.65,OK
F06615,2027-02-07 17:40,G7,42.1,-2,44.1,-2.7,0.68,OK
F06616,2027-02-07 17:40,G8,31.4,0,31.4,-2.7,0.70,OK
F06617,2027-02-07 17:50,G1,5.0,0,5.0,-2.5,0.22,OK
F06618,2027-02-07 17:50,G2,9.2,1,8.2,-2.5,0.23,OK
F06619,2027-02-07 17:50,G3,5.2,-1,6.2,-2.5,0.24,OK
F06620,2027-02-07 17:50,G4,4.8,0,4.8,-2.5,0.22,OK
F06621,2027-02-07 17:50,G5,8.5,2,6.5,-2.5,0.17,OK
F06622,2027-02-07 17:50,G6,189.5,187,2.5,-2.5,0.17,OK
F06623,2027-02-07 17:50,G7,9.1,-2,11.1,-2.5,0.18,OK
F06624,2027-02-07 17:50,G8,10.0,0,10.0,-2.5,0.20,OK
F06625,2027-02-07 18:00,G1,42.9,0,42.9,-2.4,1.03,OK
F06626,2027-02-07 18:00,G2,50.3,1,49.3,-2.4,1.01,OK
F06627,2027-02-07 18:00,G3,62.9,-1,63.9,-2.4,0.99,OK
F06628,2027-02-07 18:00,G4,74.8,0,74.8,-2.4,1.02,OK
F06629,2027-02-07 18:00,G5,93.3,2,91.3,-2.4,0.98,OK
F06630,2027-02-07 18:00,G6,290.6,187,103.6,-2.4,1.01,OK
F06631,2027-02-07 18:00,G7,61.6,-2,63.6,-2.4,1.03,OK
F06632,2027-02-07 18:00,G8,51.2,0,51.2,-2.4,1.03,OK
F06633,2027-02-07 18:10,G1,9.7,0,9.7,-2.3,0.18,OK
F06634,2027-02-07 18:10,G2,3.3,1,2.3,-2.3,0.22,OK
F06635,2027-02-07 18:10,G3,1.0,-1,2.0,-2.3,0.22,OK
F06636,2027-02-07 18:10,G4,6.3,0,6.3,-2.3,0.19,OK
F06637,2027-02-07 18:10,G5,8.8,2,6.8,-2.3,0.19,OK
F06638,2027-02-07 18:10,G6,198.0,187,11.0,-2.3,0.20,OK
F06639,2027-02-07 18:10,G7,5.1,-2,7.1,-2.3,0.20,OK
F06640,2027-02-07 18:10,G8,3.6,0,3.6,-2.3,0.22,OK
F06641,2027-02-07 18:20,G1,19.5,0,19.5,-2.2,0.54,OK
F06642,2027-02-07 18:20,G2,27.4,1,26.4,-2.2,0.57,OK
F06643,2027-02-07 18:20,G3,25.6,-1,26.6,-2.2,0.54,OK
F06644,2027-02-07 18:20,G4,35.4,0,35.4,-2.2,0.55,OK
F06645,2027-02-07 18:20,G5,43.5,2,41.5,-2.2,0.59,OK
F06646,2027-02-07 18:20,G6,240.9,187,53.9,-2.2,0.59,OK
F06647,2027-02-07 18:20,G7,30.5,-2,32.5,-2.2,0.59,OK
F06648,2027-02-07 18:20,G8,26.4,0,26.4,-2.2,0.53,OK
F06649,2027-02-07 18:30,G1,9.7,0,9.7,-2.1,0.23,OK
F06650,2027-02-07 18:30,G2,4.9,1,3.9,-2.1,0.22,OK
F06651,2027-02-07 18:30,G3,4.6,-1,5.6,-2.1,0.17,OK
F06652,2027-02-07 18:30,G4,4.0,0,4.0,-2.1,0.24,OK
F06653,2027-02-07 18:30,G5,6.7,2,4.7,-2.1,0.23,OK
F06654,2027-02-07 18:30,G6,196.6,187,9.6,-2.1,0.18,OK
F06655,2027-02-07 18:30,G7,10.6,-2,12.6,-2.1,0.20,OK
F06656,2027-02-07 18:30,G8,10.8,0,10.8,-2.1,0.18,OK
F06657,2027-02-07 18:40,G1,32.5,0,32.5,-2.0,0.71,OK
F06658,2027-02-07 18:40,G2,37.7,1,36.7,-2.0,0.76,OK
F06659,2027-02-07 18:40,G3,45.2,-1,46.2,-2.0,0.71,OK
F06660,2027-02-07 18:40,G4,53.1,0,53.1,-2.0,0.76,OK
F06661,2027-02-07 18:40,G5,60.6,2,58.6,-2.0,0.76,OK
F06662,2027-02-07 18:40,G6,260.4,187,73.4,-2.0,0.77,OK
F06663,2027-02-07 18:40,G7,47.0,-2,49.0,-2.0,0.74,OK
F06664,2027-02-07 18:40,G8,32.6,0,32.6,-2.0,0.71,OK
F06665,2027-02-07 18:50,G1,9.8,0,9.8,-1.9,0.18,OK
F06666,2027-02-07 18:50,G2,3.8,1,2.8,-1.9,0.17,OK
F06667,2027-02-07 18:50,G3,2.9,-1,3.9,-1.9,0.17,OK
F06668,2027-02-07 18:50,G4,9.7,0,9.7,-1.9,0.19,OK
F06669,2027-02-07 18:50,G5,12.7,2,10.7,-1.9,0.23,OK
F06670,2027-02-07 18:50,G6,196.5,187,9.5,-1.9,0.18,OK
F06671,2027-02-07 18:50,G7,2.5,-2,4.5,-1.9,0.17,OK
F06672,2027-02-07 18:50,G8,6.3,0,6.3,-1.9,0.20,OK
F06673,2027-02-07 19:00,G1,47.1,0,47.1,-1.8,1.08,OK
F06674,2027-02-07 19:00,G2,55.0,1,54.0,-1.8,1.04,OK
F06675,2027-02-07 19:00,G3,62.2,-1,63.2,-1.8,1.08,OK
F06676,2027-02-07 19:00,G4,76.8,0,76.8,-1.8,1.04,OK
F06677,2027-02-07 19:00,G5,100.0,2,98.0,-1.8,1.07,OK
F06678,2027-02-07 19:00,G6,293.8,187,106.8,-1.8,1.07,OK
F06679,2027-02-07 19:00,G7,76.0,-2,78.0,-1.8,1.07,OK
F06680,2027-02-07 19:00,G8,56.0,0,56.0,-1.8,1.04,OK
F06681,2027-02-07 19:10,G1,6.4,0,6.4,-1.7,0.18,OK
F06682,2027-02-07 19:10,G2,10.9,1,9.9,-1.7,0.19,OK
F06683,2027-02-07 19:10,G3,10.6,-1,11.6,-1.7,0.20,OK
F06684,2027-02-07 19:10,G4,11.2,0,11.2,-1.7,0.21,OK
F06685,2027-02-07 19:10,G5,6.1,2,4.1,-1.7,0.21,OK
F06686,2027-02-07 19:10,G6,197.8,187,10.8,-1.7,0.24,OK
F06687,2027-02-07 19:10,G7,11.6,-2,13.6,-1.7,0.22,OK
F06688,2027-02-07 19:10,G8,8.9,0,8.9,-1.7,0.24,OK
F06689,2027-02-07 19:20,G1,24.3,0,24.3,-1.7,0.63,OK
F06690,2027-02-07 19:20,G2,32.3,1,31.3,-1.7,0.60,OK
F06691,2027-02-07 19:20,G3,36.9,-1,37.9,-1.7,0.65,OK
F06692,2027-02-07 19:20,G4,46.4,0,46.4,-1.7,0.60,OK
F06693,2027-02-07 19:20,G5,48.5,2,46.5,-1.7,0.61,OK
F06694,2027-02-07 19:20,G6,247.5,187,60.5,-1.7,0.60,OK
F06695,2027-02-07 19:20,G7,34.6,-2,36.6,-1.7,0.60,OK
F06696,2027-02-07 19:20,G8,31.7,0,31.7,-1.7,0.60,OK
F06697,2027-02-07 19:30,G1,6.7,0,6.7,-1.7,0.17,OK
F06698,2027-02-07 19:30,G2,6.7,1,5.7,-1.7,0.22,OK
F06699,2027-02-07 19:30,G3,6.1,-1,7.1,-1.7,0.24,OK
F06700,2027-02-07 19:30,G4,11.7,0,11.7,-1.7,0.23,OK
F06701,2027-02-07 19:30,G5,13.4,2,11.4,-1.7,0.16,OK
F06702,2027-02-07 19:30,G6,200.0,187,13.0,-1.7,0.23,OK
F06703,2027-02-07 19:30,G7,3.6,-2,5.6,-1.7,0.17,OK
F06704,2027-02-07 19:30,G8,12.2,0,12.2,-1.7,0.21,OK
F06705,2027-02-07 19:40,G1,34.9,0,34.9,-1.6,0.80,OK
F06706,2027-02-07 19:40,G2,45.7,1,44.7,-1.6,0.81,OK
F06707,2027-02-07 19:40,G3,44.2,-1,45.2,-1.6,0.79,OK
F06708,2027-02-07 19:40,G4,56.8,0,56.8,-1.6,0.82,OK
F06709,2027-02-07 19:40,G5,73.7,2,71.7,-1.6,0.79,OK
F06710,2027-02-07 19:40,G6,267.4,187,80.4,-1.6,0.78,OK
F06711,2027-02-07 19:40,G7,54.5,-2,56.5,-1.6,0.81,OK
F06712,2027-02-07 19:40,G8,37.0,0,37.0,-1.6,0.80,OK
F06713,2027-02-07 19:50,G1,3.9,0,3.9,-1.6,0.24,OK
F06714,2027-02-07 19:50,G2,8.6,1,7.6,-1.6,0.17,OK
F06715,2027-02-07 19:50,G3,8.4,-1,9.4,-1.6,0.17,OK
F06716,2027-02-07 19:50,G4,8.9,0,8.9,-1.6,0.22,OK
F06717,2027-02-07 19:50,G5,7.7,2,5.7,-1.6,0.16,OK
F06718,2027-02-07 19:50,G6,197.6,187,10.6,-1.6,0.23,OK
F06719,2027-02-07 19:50,G7,7.5,-2,9.5,-1.6,0.21,OK
F06720,2027-02-07 19:50,G8,7.8,0,7.8,-1.6,0.23,OK
F06721,2027-02-07 20:00,G1,16.8,0,16.8,-1.6,0.52,OK
F06722,2027-02-07 20:00,G2,29.4,1,28.4,-1.6,0.52,OK
F06723,2027-02-07 20:00,G3,27.3,-1,28.3,-1.6,0.48,OK
F06724,2027-02-07 20:00,G4,36.3,0,36.3,-1.6,0.51,OK
F06725,2027-02-07 20:00,G5,42.5,2,40.5,-1.6,0.55,OK
F06726,2027-02-07 20:00,G6,228.3,187,41.3,-1.6,0.54,OK
F06727,2027-02-07 20:00,G7,26.7,-2,28.7,-1.6,0.54,OK
F06728,2027-02-07 20:00,G8,25.3,0,25.3,-1.6,0.55,OK
F06729,2027-02-07 20:10,G1,10.3,0,10.3,-1.6,0.23,OK
F06730,2027-02-07 20:10,G2,8.8,1,7.8,-1.6,0.17,OK
F06731,2027-02-07 20:10,G3,7.8,-1,8.8,-1.6,0.19,OK
F06732,2027-02-07 20:10,G4,6.6,0,6.6,-1.6,0.23,OK
F06733,2027-02-07 20:10,G5,14.0,2,12.0,-1.6,0.19,OK
F06734,2027-02-07 20:10,G6,194.9,187,7.9,-1.6,0.17,OK
F06735,2027-02-07 20:10,G7,3.8,-2,5.8,-1.6,0.21,OK
F06736,2027-02-07 20:10,G8,13.4,0,13.4,-1.6,0.18,OK
F06737,2027-02-07 20:20,G1,30.2,0,30.2,-1.6,0.69,OK
F06738,2027-02-07 20:20,G2,34.6,1,33.6,-1.6,0.70,OK
F06739,2027-02-07 20:20,G3,42.0,-1,43.0,-1.6,0.72,OK
F06740,2027-02-07 20:20,G4,45.7,0,45.7,-1.6,0.67,OK
F06741,2027-02-07 20:20,G5,56.6,2,54.6,-1.6,0.72,OK
F06742,2027-02-07 20:20,G6,255.2,187,68.2,-1.6,0.71,OK
F06743,2027-02-07 20:20,G7,45.5,-2,47.5,-1.6,0.73,OK
F06744,2027-02-07 20:20,G8,37.0,0,37.0,-1.6,0.66,OK
F06745,2027-02-07 20:30,G1,9.6,0,9.6,-1.7,0.22,OK
F06746,2027-02-07 20:30,G2,6.6,1,5.6,-1.7,0.24,OK
F06747,2027-02-07 20:30,G3,4.2,-1,5.2,-1.7,0.18,OK
F06748,2027-02-07 20:30,G4,8.3,0,8.3,-1.7,0.23,OK
F06749,2027-02-07 20:30,G5,8.2,2,6.2,-1.7,0.21,OK
F06750,2027-02-07 20:30,G6,197.1,187,10.1,-1.7,0.20,OK
F06751,2027-02-07 20:30,G7,11.8,-2,13.8,-1.7,0.22,OK
F06752,2027-02-07 20:30,G8,9.9,0,9.9,-1.7,0.19,OK
F06753,2027-02-07 20:40,G1,37.4,0,37.4,-1.7,0.86,OK
F06754,2027-02-07 20:40,G2,40.8,1,39.8,-1.7,0.89,OK
F06755,2027-02-07 20:40,G3,48.6,-1,49.6,-1.7,0.86,OK
F06756,2027-02-07 20:40,G4,59.2,0,59.2,-1.7,0.84,OK
F06757,2027-02-07 20:40,G5,76.6,2,74.6,-1.7,0.85,OK
F06758,2027-02-07 20:40,G6,273.1,187,86.1,-1.7,0.87,OK
F06759,2027-02-07 20:40,G7,54.5,-2,56.5,-1.7,0.90,OK
F06760,2027-02-07 20:40,G8,39.5,0,39.5,-1.7,0.89,OK
F06761,2027-02-07 20:50,G1,2.6,0,2.6,-1.7,0.18,OK
F06762,2027-02-07 20:50,G2,11.3,1,10.3,-1.7,0.21,OK
F06763,2027-02-07 20:50,G3,3.5,-1,4.5,-1.7,0.23,OK
F06764,2027-02-07 20:50,G4,6.6,0,6.6,-1.7,0.24,OK
F06765,2027-02-07 20:50,G5,10.7,2,8.7,-1.7,0.19,OK
F06766,2027-02-07 20:50,G6,193.8,187,6.8,-1.7,0.21,OK
F06767,2027-02-07 20:50,G7,4.7,-2,6.7,-1.7,0.17,OK
F06768,2027-02-07 20:50,G8,7.1,0,7.1,-1.7,0.19,OK
F06769,2027-02-07 21:00,G1,19.0,0,19.0,-1.8,0.61,OK
F06770,2027-02-07 21:00,G2,26.2,1,25.2,-1.8,0.57,OK
F06771,2027-02-07 21:00,G3,33.9,-1,34.9,-1.8,0.55,OK
F06772,2027-02-07 21:00,G4,41.4,0,41.4,-1.8,0.55,OK
F06773,2027-02-07 21:00,G5,46.9,2,44.9,-1.8,0.60,OK
F06774,2027-02-07 21:00,G6,238.5,187,51.5,-1.8,0.59,OK
F06775,2027-02-07 21:00,G7,33.0,-2,35.0,-1.8,0.61,OK
F06776,2027-02-07 21:00,G8,31.7,0,31.7,-1.8,0.58,OK
F06777,2027-02-07 21:10,G1,4.5,0,4.5,-1.9,0.23,OK
F06778,2027-02-07 21:10,G2,11.3,1,10.3,-1.9,0.22,OK
F06779,2027-02-07 21:10,G3,5.0,-1,6.0,-1.9,0.21,OK
F06780,2027-02-07 21:10,G4,7.8,0,7.8,-1.9,0.19,OK
F06781,2027-02-07 21:10,G5,13.1,2,11.1,-1.9,0.24,OK
F06782,2027-02-07 21:10,G6,197.3,187,10.3,-1.9,0.16,OK
F06783,2027-02-07 21:10,G7,4.6,-2,6.6,-1.9,0.16,OK
F06784,2027-02-07 21:10,G8,10.2,0,10.2,-1.9,0.20,OK
F06785,2027-02-07 21:20,G1,33.5,0,33.5,-2.0,0.76,OK
F06786,2027-02-07 21:20,G2,41.6,1,40.6,-2.0,0.72,OK
F06787,2027-02-07 21:20,G3,41.4,-1,42.4,-2.0,0.74,OK
F06788,2027-02-07 21:20,G4,55.0,0,55.0,-2.0,0.75,OK
F06789,2027-02-07 21:20,G5,62.3,2,60.3,-2.0,0.71,OK
F06790,2027-02-07 21:20,G6,258.4,187,71.4,-2.0,0.73,OK
F06791,2027-02-07 21:20,G7,44.0,-2,46.0,-2.0,0.72,OK
F06792,2027-02-07 21:20,G8,35.9,0,35.9,-2.0,0.72,OK
F06793,2027-02-07 21:30,G1,4.3,0,4.3,-2.1,0.24,OK
F06794,2027-02-07 21:30,G2,10.8,1,9.8,-2.1,0.21,OK
F06795,2027-02-07 21:30,G3,3.5,-1,4.5,-2.1,0.21,OK
F06796,2027-02-07 21:30,G4,11.3,0,11.3,-2.1,0.20,OK
F06797,2027-02-07 21:30,G5,5.2,2,3.2,-2.1,0.22,OK
F06798,2027-02-07 21:30,G6,193.5,187,6.5,-2.1,0.17,OK
F06799,2027-02-07 21:30,G7,3.5,-2,5.5,-2.1,0.20,OK
F06800,2027-02-07 21:30,G8,6.6,0,6.6,-2.1,0.19,OK
F06801,2027-02-07 21:40,G1,37.3,0,37.3,-2.2,0.93,OK
F06802,2027-02-07 21:40,G2,46.4,1,45.4,-2.2,0.88,OK
F06803,2027-02-07 21:40,G3,54.3,-1,55.3,-2.2,0.89,OK
F06804,2027-02-07 21:40,G4,67.4,0,67.4,-2.2,0.89,OK
F06805,2027-02-07 21:40,G5,82.3,2,80.3,-2.2,0.92,OK
F06806,2027-02-07 21:40,G6,281.4,187,94.4,-2.2,0.95,OK
F06807,2027-02-07 21:40,G7,60.7,-2,62.7,-2.2,0.96,OK
F06808,2027-02-07 21:40,G8,46.9,0,46.9,-2.2,0.95,OK
F06809,2027-02-07 21:50,G1,2.0,0,2.0,-2.3,0.18,OK
F06810,2027-02-07 21:50,G2,8.3,1,7.3,-2.3,0.17,OK
F06811,2027-02-07 21:50,G3,8.1,-1,9.1,-2.3,0.22,OK
F06812,2027-02-07 21:50,G4,9.4,0,9.4,-2.3,0.20,OK
F06813,2027-02-07 21:50,G5,6.2,2,4.2,-2.3,0.21,OK
F06814,2027-02-07 21:50,G6,190.6,187,3.6,-2.3,0.20,OK
F06815,2027-02-07 21:50,G7,8.7,-2,10.7,-2.3,0.20,OK
F06816,2027-02-07 21:50,G8,9.1,0,9.1,-2.3,0.21,OK
F06817,2027-02-07 22:00,G1,3.4,0,3.4,-2.4,0.21,OK
F06818,2027-02-07 22:00,G2,4.9,1,3.9,-2.4,0.22,OK
F06819,2027-02-07 22:00,G3,1.9,-1,2.9,-2.4,0.17,OK
F06820,2027-02-07 22:00,G4,3.0,0,3.0,-2.4,0.23,OK
F06821,2027-02-07 22:00,G5,6.5,2,4.5,-2.4,0.21,OK
F06822,2027-02-07 22:00,G6,198.1,187,11.1,-2.4,0.22,OK
F06823,2027-02-07 22:00,G7,3.2,-2,5.2,-2.4,0.24,OK
F06824,2027-02-07 22:00,G8,4.0,0,4.0,-2.4,0.16,OK
F06825,2027-02-07 22:10,G1,7.6,0,7.6,-2.5,0.22,OK
F06826,2027-02-07 22:10,G2,5.2,1,4.2,-2.5,0.17,OK
F06827,2027-02-07 22:10,G3,1.7,-1,2.7,-2.5,0.18,OK
F06828,2027-02-07 22:10,G4,5.1,0,5.1,-2.5,0.18,OK
F06829,2027-02-07 22:10,G5,4.3,2,2.3,-2.5,0.24,OK
F06830,2027-02-07 22:10,G6,190.3,187,3.3,-2.5,0.19,OK
F06831,2027-02-07 22:10,G7,2.6,-2,4.6,-2.5,0.17,OK
F06832,2027-02-07 22:10,G8,4.8,0,4.8,-2.5,0.19,OK
F06833,2027-02-07 22:20,G1,3.0,0,3.0,-2.7,0.23,OK
F06834,2027-02-07 22:20,G2,4.3,1,3.3,-2.7,0.22,OK
F06835,2027-02-07 22:20,G3,6.4,-1,7.4,-2.7,0.17,OK
F06836,2027-02-07 22:20,G4,2.9,0,2.9,-2.7,0.21,OK
F06837,2027-02-07 22:20,G5,4.0,2,2.0,-2.7,0.17,OK
F06838,2027-02-07 22:20,G6,190.5,187,3.5,-2.7,0.21,OK
F06839,2027-02-07 22:20,G7,4.9,-2,6.9,-2.7,0.20,OK
F06840,2027-02-07 22:20,G8,9.0,0,9.0,-2.7,0.18,OK
F06841,2027-02-07 22:30,G1,1.4,0,1.4,-2.8,0.17,OK
F06842,2027-02-07 22:30,G2,3.4,1,2.4,-2.8,0.16,OK
F06843,2027-02-07 22:30,G3,4.0,-1,5.0,-2.8,0.22,OK
F06844,2027-02-07 22:30,G4,8.9,0,8.9,-2.8,0.21,OK
F06845,2027-02-07 22:30,G5,11.4,2,9.4,-2.8,0.20,OK
F06846,2027-02-07 22:30,G6,195.8,187,8.8,-2.8,0.24,OK
F06847,2027-02-07 22:30,G7,4.0,-2,6.0,-2.8,0.18,OK
F06848,2027-02-07 22:30,G8,2.3,0,2.3,-2.8,0.20,OK
F06849,2027-02-07 22:40,G1,2.1,0,2.1,-3.0,0.19,OK
F06850,2027-02-07 22:40,G2,7.0,1,6.0,-3.0,0.18,OK
F06851,2027-02-07 22:40,G3,3.6,-1,4.6,-3.0,0.17,OK
F06852,2027-02-07 22:40,G4,6.8,0,6.8,-3.0,0.21,OK
F06853,2027-02-07 22:40,G5,5.3,2,3.3,-3.0,0.20,OK
F06854,2027-02-07 22:40,G6,196.6,187,9.6,-3.0,0.19,OK
F06855,2027-02-07 22:40,G7,-0.8,-2,1.2,-3.0,0.16,OK
F06856,2027-02-07 22:40,G8,4.7,0,4.7,-3.0,0.19,OK
F06857,2027-02-07 22:50,G1,7.0,0,7.0,-3.2,0.18,OK
F06858,2027-02-07 22:50,G2,2.6,1,1.6,-3.2,0.17,OK
F06859,2027-02-07 22:50,G3,5.3,-1,6.3,-3.2,0.21,OK
F06860,2027-02-07 22:50,G4,4.4,0,4.4,-3.2,0.23,OK
F06861,2027-02-07 22:50,G5,8.7,2,6.7,-3.2,0.24,OK
F06862,2027-02-07 22:50,G6,195.5,187,8.5,-3.2,0.20,OK
F06863,2027-02-07 22:50,G7,3.2,-2,5.2,-3.2,0.20,OK
F06864,2027-02-07 22:50,G8,6.5,0,6.5,-3.2,0.17,OK
F06865,2027-02-07 23:00,G1,1.1,0,1.1,-3.4,0.23,OK
F06866,2027-02-07 23:00,G2,1.4,1,0.4,-3.4,0.17,OK
F06867,2027-02-07 23:00,G3,1.2,-1,2.2,-3.4,0.19,OK
F06868,2027-02-07 23:00,G4,7.4,0,7.4,-3.4,0.18,OK
F06869,2027-02-07 23:00,G5,2.9,2,0.9,-3.4,0.18,OK
F06870,2027-02-07 23:00,G6,195.5,187,8.5,-3.4,0.17,OK
F06871,2027-02-07 23:00,G7,3.8,-2,5.8,-3.4,0.22,OK
F06872,2027-02-07 23:00,G8,5.8,0,5.8,-3.4,0.18,OK
F06873,2027-02-07 23:10,G1,1.8,0,1.8,-3.5,0.18,OK
F06874,2027-02-07 23:10,G2,8.3,1,7.3,-3.5,0.18,OK
F06875,2027-02-07 23:10,G3,6.1,-1,7.1,-3.5,0.18,OK
F06876,2027-02-07 23:10,G4,1.5,0,1.5,-3.5,0.24,OK
F06877,2027-02-07 23:10,G5,6.2,2,4.2,-3.5,0.18,OK
F06878,2027-02-07 23:10,G6,192.8,187,5.8,-3.5,0.20,OK
F06879,2027-02-07 23:10,G7,4.4,-2,6.4,-3.5,0.20,OK
F06880,2027-02-07 23:10,G8,8.4,0,8.4,-3.5,0.24,OK
F06881,2027-02-07 23:20,G1,6.9,0,6.9,-3.7,0.20,OK
F06882,2027-02-07 23:20,G2,1.9,1,0.9,-3.7,0.19,OK
F06883,2027-02-07 23:20,G3,-2.5,-1,-1.5,-3.7,0.20,OK
F06884,2027-02-07 23:20,G4,3.4,0,3.4,-3.7,0.16,OK
F06885,2027-02-07 23:20,G5,3.7,2,1.7,-3.7,0.23,OK
F06886,2027-02-07 23:20,G6,193.1,187,6.1,-3.7,0.20,OK
F06887,2027-02-07 23:20,G7,-1.5,-2,0.5,-3.7,0.18,OK
F06888,2027-02-07 23:20,G8,5.4,0,5.4,-3.7,0.24,OK
F06889,2027-02-07 23:30,G1,2.2,0,2.2,-3.9,0.22,OK
F06890,2027-02-07 23:30,G2,-0.2,1,-1.2,-3.9,0.21,OK
F06891,2027-02-07 23:30,G3,-2.5,-1,-1.5,-3.9,0.19,OK
F06892,2027-02-07 23:30,G4,2.6,0,2.6,-3.9,0.23,OK
F06893,2027-02-07 23:30,G5,3.2,2,1.2,-3.9,0.16,OK
F06894,2027-02-07 23:30,G6,186.8,187,-0.2,-3.9,0.23,OK
F06895,2027-02-07 23:30,G7,-2.2,-2,-0.2,-3.9,0.19,OK
F06896,2027-02-07 23:30,G8,3.8,0,3.8,-3.9,0.17,OK
F06897,2027-02-07 23:40,G1,0.4,0,0.4,-4.2,0.21,OK
F06898,2027-02-07 23:40,G2,0.4,1,-0.6,-4.2,0.20,OK
F06899,2027-02-07 23:40,G3,1.3,-1,2.3,-4.2,0.17,OK
F06900,2027-02-07 23:40,G4,-1.4,0,-1.4,-4.2,0.23,OK
F06901,2027-02-07 23:40,G5,6.8,2,4.8,-4.2,0.20,OK
F06902,2027-02-07 23:40,G6,189.8,187,2.8,-4.2,0.18,OK
F06903,2027-02-07 23:40,G7,2.0,-2,4.0,-4.2,0.21,OK
F06904,2027-02-07 23:40,G8,0.9,0,0.9,-4.2,0.17,OK
F06905,2027-02-07 23:50,G1,-1.3,0,-1.3,-4.4,0.17,OK
F06906,2027-02-07 23:50,G2,0.7,1,-0.3,-4.4,0.22,OK
F06907,2027-02-07 23:50,G3,4.7,-1,5.7,-4.4,0.18,OK
F06908,2027-02-07 23:50,G4,2.3,0,2.3,-4.4,0.18,OK
F06909,2027-02-07 23:50,G5,3.2,2,1.2,-4.4,0.21,OK
F06910,2027-02-07 23:50,G6,189.5,187,2.5,-4.4,0.19,OK
F06911,2027-02-07 23:50,G7,3.7,-2,5.7,-4.4,0.16,OK
F06912,2027-02-07 23:50,G8,2.3,0,2.3,-4.4,0.18,OK
F06913,2027-02-08 00:00,G1,3.1,0,3.1,-4.5,0.22,OK
F06914,2027-02-08 00:00,G2,6.5,1,5.5,-4.5,0.21,OK
F06915,2027-02-08 00:00,G3,0.6,-1,1.6,-4.5,0.21,OK
F06916,2027-02-08 00:00,G4,-2.9,0,-2.9,-4.5,0.16,OK
F06917,2027-02-08 00:00,G5,6.4,2,4.4,-4.5,0.17,OK
F06918,2027-02-08 00:00,G6,190.3,187,3.3,-4.5,0.19,OK
F06919,2027-02-08 00:00,G7,3.1,-2,5.1,-4.5,0.21,OK
F06920,2027-02-08 00:00,G8,4.0,0,4.0,-4.5,0.19,OK
F06921,2027-02-08 00:10,G1,3.2,0,3.2,-4.7,0.20,OK
F06922,2027-02-08 00:10,G2,-0.5,1,-1.5,-4.7,0.17,OK
F06923,2027-02-08 00:10,G3,-1.6,-1,-0.6,-4.7,0.21,OK
F06924,2027-02-08 00:10,G4,-3.4,0,-3.4,-4.7,0.19,OK
F06925,2027-02-08 00:10,G5,4.7,2,2.7,-4.7,0.24,OK
F06926,2027-02-08 00:10,G6,186.7,187,-0.3,-4.7,0.17,OK
F06927,2027-02-08 00:10,G7,3.0,-2,5.0,-4.7,0.19,OK
F06928,2027-02-08 00:10,G8,3.3,0,3.3,-4.7,0.17,OK
F06929,2027-02-08 00:20,G1,-3.9,0,-3.9,-5.0,0.19,OK
F06930,2027-02-08 00:20,G2,4.4,1,3.4,-5.0,0.20,OK
F06931,2027-02-08 00:20,G3,-1.5,-1,-0.5,-5.0,0.20,OK
F06932,2027-02-08 00:20,G4,0.5,0,0.5,-5.0,0.22,OK
F06933,2027-02-08 00:20,G5,4.0,2,2.0,-5.0,0.16,OK
F06934,2027-02-08 00:20,G6,182.8,187,-4.2,-5.0,0.20,OK
F06935,2027-02-08 00:20,G7,-2.9,-2,-0.9,-5.0,0.24,OK
F06936,2027-02-08 00:20,G8,1.0,0,1.0,-5.0,0.23,OK
F06937,2027-02-08 00:30,G1,-0.3,0,-0.3,-5.2,0.21,OK
F06938,2027-02-08 00:30,G2,2.1,1,1.1,-5.2,0.22,OK
F06939,2027-02-08 00:30,G3,-1.3,-1,-0.3,-5.2,0.22,OK
F06940,2027-02-08 00:30,G4,-2.0,0,-2.0,-5.2,0.17,OK
F06941,2027-02-08 00:30,G5,-0.4,2,-2.4,-5.2,0.18,OK
F06942,2027-02-08 00:30,G6,185.9,187,-1.1,-5.2,0.22,OK
F06943,2027-02-08 00:30,G7,-6.7,-2,-4.7,-5.2,0.21,OK
F06944,2027-02-08 00:30,G8,1.5,0,1.5,-5.2,0.22,OK
F06945,2027-02-08 00:40,G1,-2.9,0,-2.9,-5.5,0.16,OK
F06946,2027-02-08 00:40,G2,-3.8,1,-4.8,-5.5,0.19,OK
F06947,2027-02-08 00:40,G3,2.3,-1,3.3,-5.5,0.17,OK
F06948,2027-02-08 00:40,G4,-1.6,0,-1.6,-5.5,0.17,OK
F06949,2027-02-08 00:40,G5,3.7,2,1.7,-5.5,0.22,OK
F06950,2027-02-08 00:40,G6,187.8,187,0.8,-5.5,0.16,OK
F06951,2027-02-08 00:40,G7,-6.1,-2,-4.1,-5.5,0.23,OK
F06952,2027-02-08 00:40,G8,2.1,0,2.1,-5.5,0.19,OK
F06953,2027-02-08 00:50,G1,-4.4,0,-4.4,-5.7,0.19,OK
F06954,2027-02-08 00:50,G2,0.7,1,-0.3,-5.7,0.19,OK
F06955,2027-02-08 00:50,G3,-2.9,-1,-1.9,-5.7,0.19,OK
F06956,2027-02-08 00:50,G4,-3.1,0,-3.1,-5.7,0.18,OK
F06957,2027-02-08 00:50,G5,4.4,2,2.4,-5.7,0.17,OK
F06958,2027-02-08 00:50,G6,184.5,187,-2.5,-5.7,0.16,OK
F06959,2027-02-08 00:50,G7,-0.8,-2,1.2,-5.7,0.24,OK
F06960,2027-02-08 00:50,G8,-6.2,0,-6.2,-5.7,0.20,OK
F06961,2027-02-08 01:00,G1,-4.5,0,-4.5,-6.0,0.20,OK
F06962,2027-02-08 01:00,G2,1.6,1,0.6,-6.0,0.18,OK
F06963,2027-02-08 01:00,G3,-6.4,-1,-5.4,-6.0,0.22,OK
F06964,2027-02-08 01:00,G4,-4.8,0,-4.8,-6.0,0.24,OK
F06965,2027-02-08 01:00,G5,-3.3,2,-5.3,-6.0,0.21,OK
F06966,2027-02-08 01:00,G6,181.5,187,-5.5,-6.0,0.18,OK
F06967,2027-02-08 01:00,G7,-8.3,-2,-6.3,-6.0,0.20,OK
F06968,2027-02-08 01:00,G8,-6.1,0,-6.1,-6.0,0.24,OK
F06969,2027-02-08 01:10,G1,-6.4,0,-6.4,-6.2,0.22,OK
F06970,2027-02-08 01:10,G2,-2.4,1,-3.4,-6.2,0.21,OK
F06971,2027-02-08 01:10,G3,-2.4,-1,-1.4,-6.2,0.21,OK
F06972,2027-02-08 01:10,G4,-4.9,0,-4.9,-6.2,0.20,OK
F06973,2027-02-08 01:10,G5,-4.9,2,-6.9,-6.2,0.22,OK
F06974,2027-02-08 01:10,G6,186.5,187,-0.5,-6.2,0.21,OK
F06975,2027-02-08 01:10,G7,-3.7,-2,-1.7,-6.2,0.17,OK
F06976,2027-02-08 01:10,G8,-2.2,0,-2.2,-6.2,0.16,OK
F06977,2027-02-08 01:20,G1,-4.9,0,-4.9,-6.5,0.22,OK
F06978,2027-02-08 01:20,G2,-2.1,1,-3.1,-6.5,0.20,OK
F06979,2027-02-08 01:20,G3,-5.2,-1,-4.2,-6.5,0.20,OK
F06980,2027-02-08 01:20,G4,-1.1,0,-1.1,-6.5,0.22,OK
F06981,2027-02-08 01:20,G5,-2.3,2,-4.3,-6.5,0.18,OK
F06982,2027-02-08 01:20,G6,181.5,187,-5.5,-6.5,0.20,OK
F06983,2027-02-08 01:20,G7,-4.8,-2,-2.8,-6.5,0.19,OK
F06984,2027-02-08 01:20,G8,-5.5,0,-5.5,-6.5,0.20,OK
F06985,2027-02-08 01:30,G1,-4.2,0,-4.2,-6.7,0.18,OK
F06986,2027-02-08 01:30,G2,-5.2,1,-6.2,-6.7,0.18,OK
F06987,2027-02-08 01:30,G3,-5.1,-1,-4.1,-6.7,0.20,OK
F06988,2027-02-08 01:30,G4,-3.4,0,-3.4,-6.7,0.22,OK
F06989,2027-02-08 01:30,G5,-6.9,2,-8.9,-6.7,0.18,OK
F06990,2027-02-08 01:30,G6,177.9,187,-9.1,-6.7,0.23,OK
F06991,2027-02-08 01:30,G7,-3.0,-2,-1.0,-6.7,0.21,OK
F06992,2027-02-08 01:30,G8,-2.6,0,-2.6,-6.7,0.22,OK
F06993,2027-02-08 01:40,G1,-1.4,0,-1.4,-7.0,0.23,OK
F06994,2027-02-08 01:40,G2,-5.5,1,-6.5,-7.0,0.16,OK
F06995,2027-02-08 01:40,G3,-4.6,-1,-3.6,-7.0,0.20,OK
F06996,2027-02-08 01:40,G4,-1.7,0,-1.7,-7.0,0.19,OK
F06997,2027-02-08 01:40,G5,-3.4,2,-5.4,-7.0,0.19,OK
F06998,2027-02-08 01:40,G6,178.7,187,-8.3,-7.0,0.16,OK
F06999,2027-02-08 01:40,G7,-8.1,-2,-6.1,-7.0,0.18,OK
F07000,2027-02-08 01:40,G8,-9.4,0,-9.4,-7.0,0.20,OK
F07001,2027-02-08 01:50,G1,-8.2,0,-8.2,-7.3,0.22,OK
F07002,2027-02-08 01:50,G2,-6.6,1,-7.6,-7.3,0.18,OK
F07003,2027-02-08 01:50,G3,-10.6,-1,-9.6,-7.3,0.19,OK
F07004,2027-02-08 01:50,G4,-9.7,0,-9.7,-7.3,0.20,OK
F07005,2027-02-08 01:50,G5,-7.9,2,-9.9,-7.3,0.19,OK
F07006,2027-02-08 01:50,G6,185.2,187,-1.8,-7.3,0.18,OK
F07007,2027-02-08 01:50,G7,-8.6,-2,-6.6,-7.3,0.19,OK
F07008,2027-02-08 01:50,G8,-10.1,0,-10.1,-7.3,0.19,OK
F07009,2027-02-08 02:00,G1,-6.6,0,-6.6,-7.5,0.22,OK
F07010,2027-02-08 02:00,G2,-3.9,1,-4.9,-7.5,0.19,OK
F07011,2027-02-08 02:00,G3,-8.3,-1,-7.3,-7.5,0.16,OK
F07012,2027-02-08 02:00,G4,-10.6,0,-10.6,-7.5,0.23,OK
F07013,2027-02-08 02:00,G5,-7.2,2,-9.2,-7.5,0.18,OK
F07014,2027-02-08 02:00,G6,183.8,187,-3.2,-7.5,0.19,OK
F07015,2027-02-08 02:00,G7,-5.8,-2,-3.8,-7.5,0.19,OK
F07016,2027-02-08 02:00,G8,-8.2,0,-8.2,-7.5,0.23,OK
F07017,2027-02-08 02:10,G1,-7.2,0,-7.2,-7.8,0.20,OK
F07018,2027-02-08 02:10,G2,-3.7,1,-4.7,-7.8,0.19,OK
F07019,2027-02-08 02:10,G3,-9.8,-1,-8.8,-7.8,0.17,OK
F07020,2027-02-08 02:10,G4,-5.3,0,-5.3,-7.8,0.19,OK
F07021,2027-02-08 02:10,G5,-6.2,2,-8.2,-7.8,0.18,OK
F07022,2027-02-08 02:10,G6,179.6,187,-7.4,-7.8,0.24,OK
F07023,2027-02-08 02:10,G7,-13.1,-2,-11.1,-7.8,0.17,OK
F07024,2027-02-08 02:10,G8,-7.2,0,-7.2,-7.8,0.20,OK
F07025,2027-02-08 02:20,G1,-4.7,0,-4.7,-8.0,0.23,OK
F07026,2027-02-08 02:20,G2,-7.7,1,-8.7,-8.0,0.23,OK
F07027,2027-02-08 02:20,G3,-8.1,-1,-7.1,-8.0,0.20,OK
F07028,2027-02-08 02:20,G4,-5.6,0,-5.6,-8.0,0.22,OK
F07029,2027-02-08 02:20,G5,-10.3,2,-12.3,-8.0,0.17,OK
F07030,2027-02-08 02:20,G6,176.4,187,-10.6,-8.0,0.20,OK
F07031,2027-02-08 02:20,G7,-8.2,-2,-6.2,-8.0,0.19,OK
F07032,2027-02-08 02:20,G8,-5.2,0,-5.2,-8.0,0.19,OK
F07033,2027-02-08 02:30,G1,-7.4,0,-7.4,-8.3,0.22,OK
F07034,2027-02-08 02:30,G2,-9.7,1,-10.7,-8.3,0.20,OK
F07035,2027-02-08 02:30,G3,-5.9,-1,-4.9,-8.3,0.22,OK
F07036,2027-02-08 02:30,G4,-6.3,0,-6.3,-8.3,0.22,OK
F07037,2027-02-08 02:30,G5,-5.4,2,-7.4,-8.3,0.19,OK
F07038,2027-02-08 02:30,G6,178.6,187,-8.4,-8.3,0.20,OK
F07039,2027-02-08 02:30,G7,-12.9,-2,-10.9,-8.3,0.19,OK
F07040,2027-02-08 02:30,G8,-9.5,0,-9.5,-8.3,0.19,OK
F07041,2027-02-08 02:40,G1,-5.1,0,-5.1,-8.6,0.21,OK
F07042,2027-02-08 02:40,G2,-2.6,1,-3.6,-8.6,0.19,OK
F07043,2027-02-08 02:40,G3,-8.8,-1,-7.8,-8.6,0.18,OK
F07044,2027-02-08 02:40,G4,-12.3,0,-12.3,-8.6,0.21,OK
F07045,2027-02-08 02:40,G5,-3.6,2,-5.6,-8.6,0.23,OK
F07046,2027-02-08 02:40,G6,172.9,187,-14.1,-8.6,0.17,OK
F07047,2027-02-08 02:40,G7,-14.8,-2,-12.8,-8.6,0.21,OK
F07048,2027-02-08 02:40,G8,-13.8,0,-13.8,-8.6,0.23,OK
F07049,2027-02-08 02:50,G1,-12.3,0,-12.3,-8.8,0.23,OK
F07050,2027-02-08 02:50,G2,-7.7,1,-8.7,-8.8,0.23,OK
F07051,2027-02-08 02:50,G3,-13.2,-1,-12.2,-8.8,0.21,OK
F07052,2027-02-08 02:50,G4,-13.1,0,-13.1,-8.8,0.19,OK
F07053,2027-02-08 02:50,G5,-6.4,2,-8.4,-8.8,0.21,OK
F07054,2027-02-08 02:50,G6,180.6,187,-6.4,-8.8,0.21,OK
F07055,2027-02-08 02:50,G7,-9.7,-2,-7.7,-8.8,0.23,OK
F07056,2027-02-08 02:50,G8,-8.0,0,-8.0,-8.8,0.21,OK
F07057,2027-02-08 03:00,G1,-11.7,0,-11.7,-9.1,0.23,OK
F07058,2027-02-08 03:00,G2,-8.2,1,-9.2,-9.1,0.19,OK
F07059,2027-02-08 03:00,G3,-6.9,-1,-5.9,-9.1,0.22,OK
F07060,2027-02-08 03:00,G4,-6.2,0,-6.2,-9.1,0.22,OK
F07061,2027-02-08 03:00,G5,-5.4,2,-7.4,-9.1,0.24,OK
F07062,2027-02-08 03:00,G6,177.8,187,-9.2,-9.1,0.17,OK
F07063,2027-02-08 03:00,G7,-13.3,-2,-11.3,-9.1,0.19,OK
F07064,2027-02-08 03:00,G8,-15.1,0,-15.1,-9.1,0.20,OK
F07065,2027-02-08 03:10,G1,-12.2,0,-12.2,-9.3,0.17,OK
F07066,2027-02-08 03:10,G2,-5.0,1,-6.0,-9.3,0.22,OK
F07067,2027-02-08 03:10,G3,-8.3,-1,-7.3,-9.3,0.22,OK
F07068,2027-02-08 03:10,G4,-10.5,0,-10.5,-9.3,0.22,OK
F07069,2027-02-08 03:10,G5,-9.4,2,-11.4,-9.3,0.16,OK
F07070,2027-02-08 03:10,G6,176.4,187,-10.6,-9.3,0.23,OK
F07071,2027-02-08 03:10,G7,-17.8,-2,-15.8,-9.3,0.23,OK
F07072,2027-02-08 03:10,G8,-10.6,0,-10.6,-9.3,0.20,OK
F07073,2027-02-08 03:20,G1,-11.7,0,-11.7,-9.6,0.19,OK
F07074,2027-02-08 03:20,G2,-9.1,1,-10.1,-9.6,0.16,OK
F07075,2027-02-08 03:20,G3,-8.0,-1,-7.0,-9.6,0.18,OK
F07076,2027-02-08 03:20,G4,-11.3,0,-11.3,-9.6,0.22,OK
F07077,2027-02-08 03:20,G5,-10.4,2,-12.4,-9.6,0.23,OK
F07078,2027-02-08 03:20,G6,173.4,187,-13.6,-9.6,0.19,OK
F07079,2027-02-08 03:20,G7,-11.2,-2,-9.2,-9.6,0.18,OK
F07080,2027-02-08 03:20,G8,-16.8,0,-16.8,-9.6,0.23,OK
F07081,2027-02-08 03:30,G1,-14.2,0,-14.2,-9.8,0.19,OK
F07082,2027-02-08 03:30,G2,-7.2,1,-8.2,-9.8,0.20,OK
F07083,2027-02-08 03:30,G3,-16.4,-1,-15.4,-9.8,0.19,OK
F07084,2027-02-08 03:30,G4,-13.3,0,-13.3,-9.8,0.22,OK
F07085,2027-02-08 03:30,G5,-7.1,2,-9.1,-9.8,0.17,OK
F07086,2027-02-08 03:30,G6,170.1,187,-16.9,-9.8,0.20,OK
F07087,2027-02-08 03:30,G7,-12.9,-2,-10.9,-9.8,0.18,OK
F07088,2027-02-08 03:30,G8,-13.7,0,-13.7,-9.8,0.23,OK
F07089,2027-02-08 03:40,G1,-13.3,0,-13.3,-10.1,0.23,OK
F07090,2027-02-08 03:40,G2,-7.5,1,-8.5,-10.1,0.20,OK
F07091,2027-02-08 03:40,G3,-12.4,-1,-11.4,-10.1,0.21,OK
F07092,2027-02-08 03:40,G4,-8.1,0,-8.1,-10.1,0.18,OK
F07093,2027-02-08 03:40,G5,-12.2,2,-14.2,-10.1,0.19,OK
F07094,2027-02-08 03:40,G6,173.8,187,-13.2,-10.1,0.20,OK
F07095,2027-02-08 03:40,G7,-19.3,-2,-17.3,-10.1,0.22,OK
F07096,2027-02-08 03:40,G8,-10.7,0,-10.7,-10.1,0.22,OK
F07097,2027-02-08 03:50,G1,-8.4,0,-8.4,-10.3,0.20,OK
F07098,2027-02-08 03:50,G2,-7.9,1,-8.9,-10.3,0.20,OK
F07099,2027-02-08 03:50,G3,-15.9,-1,-14.9,-10.3,0.23,OK
F07100,2027-02-08 03:50,G4,-11.4,0,-11.4,-10.3,0.17,OK
F07101,2027-02-08 03:50,G5,-11.2,2,-13.2,-10.3,0.18,OK
F07102,2027-02-08 03:50,G6,172.2,187,-14.8,-10.3,0.17,OK
F07103,2027-02-08 03:50,G7,-19.8,-2,-17.8,-10.3,0.16,OK
F07104,2027-02-08 03:50,G8,-19.5,0,-19.5,-10.3,0.20,OK
F07105,2027-02-08 04:00,G1,-8.5,0,-8.5,-10.5,0.17,OK
F07106,2027-02-08 04:00,G2,-11.6,1,-12.6,-10.5,0.24,OK
F07107,2027-02-08 04:00,G3,-11.4,-1,-10.4,-10.5,0.20,OK
F07108,2027-02-08 04:00,G4,-15.5,0,-15.5,-10.5,0.23,OK
F07109,2027-02-08 04:00,G5,-8.4,2,-10.4,-10.5,0.23,OK
F07110,2027-02-08 04:00,G6,174.3,187,-12.7,-10.5,0.21,OK
F07111,2027-02-08 04:00,G7,-18.6,-2,-16.6,-10.5,0.21,OK
F07112,2027-02-08 04:00,G8,-18.6,0,-18.6,-10.5,0.22,OK
F07113,2027-02-08 04:10,G1,-9.4,0,-9.4,-10.7,0.23,OK
F07114,2027-02-08 04:10,G2,-13.9,1,-14.9,-10.7,0.22,OK
F07115,2027-02-08 04:10,G3,-12.8,-1,-11.8,-10.7,0.16,OK
F07116,2027-02-08 04:10,G4,-15.5,0,-15.5,-10.7,0.23,OK
F07117,2027-02-08 04:10,G5,-11.2,2,-13.2,-10.7,0.17,OK
F07118,2027-02-08 04:10,G6,175.7,187,-11.3,-10.7,0.22,OK
F07119,2027-02-08 04:10,G7,-22.5,-2,-20.5,-10.7,0.17,OK
F07120,2027-02-08 04:10,G8,-19.1,0,-19.1,-10.7,0.18,OK
F07121,2027-02-08 04:20,G1,-13.0,0,-13.0,-11.0,0.17,OK
F07122,2027-02-08 04:20,G2,-12.0,1,-13.0,-11.0,0.24,OK
F07123,2027-02-08 04:20,G3,-18.8,-1,-17.8,-11.0,0.18,OK
F07124,2027-02-08 04:20,G4,-19.2,0,-19.2,-11.0,0.24,OK
F07125,2027-02-08 04:20,G5,-14.9,2,-16.9,-11.0,0.19,OK
F07126,2027-02-08 04:20,G6,171.0,187,-16.0,-11.0,0.17,OK
F07127,2027-02-08 04:20,G7,-17.8,-2,-15.8,-11.0,0.19,OK
F07128,2027-02-08 04:20,G8,-22.1,0,-22.1,-11.0,0.19,OK
F07129,2027-02-08 04:30,G1,-9.6,0,-9.6,-11.2,0.18,OK
F07130,2027-02-08 04:30,G2,-11.0,1,-12.0,-11.2,0.20,OK
F07131,2027-02-08 04:30,G3,-16.0,-1,-15.0,-11.2,0.22,OK
F07132,2027-02-08 04:30,G4,-14.2,0,-14.2,-11.2,0.22,OK
F07133,2027-02-08 04:30,G5,-17.3,2,-19.3,-11.2,0.18,OK
F07134,2027-02-08 04:30,G6,168.0,187,-19.0,-11.2,0.18,OK
F07135,2027-02-08 04:30,G7,-22.1,-2,-20.1,-11.2,0.23,OK
F07136,2027-02-08 04:30,G8,-19.9,0,-19.9,-11.2,0.23,OK
F07137,2027-02-08 04:40,G1,-9.6,0,-9.6,-11.4,0.18,OK
F07138,2027-02-08 04:40,G2,-9.3,1,-10.3,-11.4,0.24,OK
F07139,2027-02-08 04:40,G3,-18.9,-1,-17.9,-11.4,0.17,OK
F07140,2027-02-08 04:40,G4,-19.7,0,-19.7,-11.4,0.21,OK
F07141,2027-02-08 04:40,G5,-14.1,2,-16.1,-11.4,0.19,OK
F07142,2027-02-08 04:40,G6,165.5,187,-21.5,-11.4,0.22,OK
F07143,2027-02-08 04:40,G7,-16.8,-2,-14.8,-11.4,0.18,OK
F07144,2027-02-08 04:40,G8,-23.1,0,-23.1,-11.4,0.21,OK
F07145,2027-02-08 04:50,G1,-11.2,0,-11.2,-11.6,0.20,OK
F07146,2027-02-08 04:50,G2,-9.3,1,-10.3,-11.6,0.21,OK
F07147,2027-02-08 04:50,G3,-19.0,-1,-18.0,-11.6,0.19,OK
F07148,2027-02-08 04:50,G4,-13.0,0,-13.0,-11.6,0.19,OK
F07149,2027-02-08 04:50,G5,-17.9,2,-19.9,-11.6,0.24,OK
F07150,2027-02-08 04:50,G6,172.9,187,-14.1,-11.6,0.20,OK
F07151,2027-02-08 04:50,G7,-24.9,-2,-22.9,-11.6,0.22,OK
F07152,2027-02-08 04:50,G8,-23.5,0,-23.5,-11.6,0.20,OK
F07153,2027-02-08 05:00,G1,-12.0,0,-12.0,-11.8,0.22,OK
F07154,2027-02-08 05:00,G2,-10.2,1,-11.2,-11.8,0.19,OK
F07155,2027-02-08 05:00,G3,-16.1,-1,-15.1,-11.8,0.21,OK
F07156,2027-02-08 05:00,G4,-18.9,0,-18.9,-11.8,0.20,OK
F07157,2027-02-08 05:00,G5,-17.8,2,-19.8,-11.8,0.19,OK
F07158,2027-02-08 05:00,G6,170.0,187,-17.0,-11.8,0.16,OK
F07159,2027-02-08 05:00,G7,-23.6,-2,-21.6,-11.8,0.24,OK
F07160,2027-02-08 05:00,G8,-24.0,0,-24.0,-11.8,0.19,OK
F07161,2027-02-08 05:10,G1,-14.2,0,-14.2,-11.9,0.20,OK
F07162,2027-02-08 05:10,G2,-14.6,1,-15.6,-11.9,0.22,OK
F07163,2027-02-08 05:10,G3,-13.0,-1,-12.0,-11.9,0.23,OK
F07164,2027-02-08 05:10,G4,-17.5,0,-17.5,-11.9,0.16,OK
F07165,2027-02-08 05:10,G5,-11.9,2,-13.9,-11.9,0.23,OK
F07166,2027-02-08 05:10,G6,171.0,187,-16.0,-11.9,0.21,OK
F07167,2027-02-08 05:10,G7,-20.4,-2,-18.4,-11.9,0.21,OK
F07168,2027-02-08 05:10,G8,-21.9,0,-21.9,-11.9,0.19,OK
F07169,2027-02-08 05:20,G1,-19.2,0,-19.2,-12.1,0.18,OK
F07170,2027-02-08 05:20,G2,-12.6,1,-13.6,-12.1,0.23,OK
F07171,2027-02-08 05:20,G3,-14.2,-1,-13.2,-12.1,0.21,OK
F07172,2027-02-08 05:20,G4,-17.1,0,-17.1,-12.1,0.18,OK
F07173,2027-02-08 05:20,G5,-12.8,2,-14.8,-12.1,0.20,OK
F07174,2027-02-08 05:20,G6,165.8,187,-21.2,-12.1,0.16,OK
F07175,2027-02-08 05:20,G7,-25.8,-2,-23.8,-12.1,0.21,OK
F07176,2027-02-08 05:20,G8,-22.9,0,-22.9,-12.1,0.21,OK
F07177,2027-02-08 05:30,G1,-18.6,0,-18.6,-12.3,0.18,OK
F07178,2027-02-08 05:30,G2,-14.5,1,-15.5,-12.3,0.19,OK
F07179,2027-02-08 05:30,G3,-16.8,-1,-15.8,-12.3,0.18,OK
F07180,2027-02-08 05:30,G4,-18.0,0,-18.0,-12.3,0.23,OK
F07181,2027-02-08 05:30,G5,-15.5,2,-17.5,-12.3,0.17,OK
F07182,2027-02-08 05:30,G6,164.6,187,-22.4,-12.3,0.16,OK
F07183,2027-02-08 05:30,G7,-20.8,-2,-18.8,-12.3,0.18,OK
F07184,2027-02-08 05:30,G8,-23.9,0,-23.9,-12.3,0.22,OK
F07185,2027-02-08 05:40,G1,-12.7,0,-12.7,-12.4,0.23,OK
F07186,2027-02-08 05:40,G2,-14.0,1,-15.0,-12.4,0.17,OK
F07187,2027-02-08 05:40,G3,-19.0,-1,-18.0,-12.4,0.20,OK
F07188,2027-02-08 05:40,G4,-21.7,0,-21.7,-12.4,0.19,OK
F07189,2027-02-08 05:40,G5,-16.1,2,-18.1,-12.4,0.23,OK
F07190,2027-02-08 05:40,G6,163.0,187,-24.0,-12.4,0.18,OK
F07191,2027-02-08 05:40,G7,-26.0,-2,-24.0,-12.4,0.19,OK
F07192,2027-02-08 05:40,G8,-21.7,0,-21.7,-12.4,0.17,OK
F07193,2027-02-08 05:50,G1,-14.7,0,-14.7,-12.6,0.24,OK
F07194,2027-02-08 05:50,G2,-20.4,1,-21.4,-12.6,0.23,OK
F07195,2027-02-08 05:50,G3,-21.8,-1,-20.8,-12.6,0.21,OK
F07196,2027-02-08 05:50,G4,-21.0,0,-21.0,-12.6,0.23,OK
F07197,2027-02-08 05:50,G5,-20.3,2,-22.3,-12.6,0.18,OK
F07198,2027-02-08 05:50,G6,164.8,187,-22.2,-12.6,0.23,OK
F07199,2027-02-08 05:50,G7,-24.9,-2,-22.9,-12.6,0.18,OK
F07200,2027-02-08 05:50,G8,-24.6,0,-24.6,-12.6,0.17,OK
F07201,2027-02-08 06:00,G1,21.4,0,21.4,-12.7,1.01,OK
F07202,2027-02-08 06:00,G2,29.6,1,28.6,-12.7,1.00,OK
F07203,2027-02-08 06:00,G3,29.5,-1,30.5,-12.7,0.97,OK
F07204,2027-02-08 06:00,G4,51.1,0,51.1,-12.7,1.00,OK
F07205,2027-02-08 06:00,G5,66.2,2,64.2,-12.7,0.97,OK
F07206,2027-02-08 06:00,G6,263.3,187,76.3,-12.7,1.04,OK
F07207,2027-02-08 06:00,G7,39.5,-2,41.5,-12.7,1.03,OK
F07208,2027-02-08 06:00,G8,17.4,0,17.4,-12.7,0.98,OK
F07209,2027-02-08 06:10,G1,-19.5,0,-19.5,-12.8,0.17,OK
F07210,2027-02-08 06:10,G2,-16.5,1,-17.5,-12.8,0.17,OK
F07211,2027-02-08 06:10,G3,-21.2,-1,-20.2,-12.8,0.23,OK
F07212,2027-02-08 06:10,G4,-19.4,0,-19.4,-12.8,0.22,OK
F07213,2027-02-08 06:10,G5,-17.3,2,-19.3,-12.8,0.18,OK
F07214,2027-02-08 06:10,G6,161.7,187,-25.3,-12.8,0.23,OK
F07215,2027-02-08 06:10,G7,-27.2,-2,-25.2,-12.8,0.21,OK
F07216,2027-02-08 06:10,G8,-27.1,0,-27.1,-12.8,0.21,OK
F07217,2027-02-08 06:20,G1,0.5,0,0.5,-13.0,0.55,OK
F07218,2027-02-08 06:20,G2,1.7,1,0.7,-13.0,0.57,OK
F07219,2027-02-08 06:20,G3,6.8,-1,7.8,-13.0,0.57,OK
F07220,2027-02-08 06:20,G4,9.1,0,9.1,-13.0,0.57,OK
F07221,2027-02-08 06:20,G5,15.5,2,13.5,-13.0,0.56,OK
F07222,2027-02-08 06:20,G6,208.0,187,21.0,-13.0,0.59,OK
F07223,2027-02-08 06:20,G7,1.1,-2,3.1,-13.0,0.60,OK
F07224,2027-02-08 06:20,G8,-6.6,0,-6.6,-13.0,0.55,OK
F07225,2027-02-08 06:30,G1,-15.5,0,-15.5,-13.1,0.17,OK
F07226,2027-02-08 06:30,G2,-18.5,1,-19.5,-13.1,0.18,OK
F07227,2027-02-08 06:30,G3,-17.9,-1,-16.9,-13.1,0.17,OK
F07228,2027-02-08 06:30,G4,-20.8,0,-20.8,-13.1,0.22,OK
F07229,2027-02-08 06:30,G5,-18.8,2,-20.8,-13.1,0.24,OK
F07230,2027-02-08 06:30,G6,164.8,187,-22.2,-13.1,0.17,OK
F07231,2027-02-08 06:30,G7,-25.6,-2,-23.6,-13.1,0.17,OK
F07232,2027-02-08 06:30,G8,-27.2,0,-27.2,-13.1,0.20,OK
F07233,2027-02-08 06:40,G1,6.8,0,6.8,-13.2,0.77,OK
F07234,2027-02-08 06:40,G2,15.1,1,14.1,-13.2,0.76,OK
F07235,2027-02-08 06:40,G3,10.2,-1,11.2,-13.2,0.74,OK
F07236,2027-02-08 06:40,G4,26.2,0,26.2,-13.2,0.77,OK
F07237,2027-02-08 06:40,G5,34.9,2,32.9,-13.2,0.76,OK
F07238,2027-02-08 06:40,G6,225.5,187,38.5,-13.2,0.75,OK
F07239,2027-02-08 06:40,G7,16.0,-2,18.0,-13.2,0.74,OK
F07240,2027-02-08 06:40,G8,2.1,0,2.1,-13.2,0.71,OK
F07241,2027-02-08 06:50,G1,-21.2,0,-21.2,-13.2,0.20,OK
F07242,2027-02-08 06:50,G2,-18.1,1,-19.1,-13.2,0.17,OK
F07243,2027-02-08 06:50,G3,-24.2,-1,-23.2,-13.2,0.17,OK
F07244,2027-02-08 06:50,G4,-16.4,0,-16.4,-13.2,0.16,OK
F07245,2027-02-08 06:50,G5,-17.7,2,-19.7,-13.2,0.23,OK
F07246,2027-02-08 06:50,G6,161.0,187,-26.0,-13.2,0.17,OK
F07247,2027-02-08 06:50,G7,-27.9,-2,-25.9,-13.2,0.17,OK
F07248,2027-02-08 06:50,G8,-21.9,0,-21.9,-13.2,0.22,OK
F07249,2027-02-08 07:00,G1,18.1,0,18.1,-13.3,1.10,OK
F07250,2027-02-08 07:00,G2,33.7,1,32.7,-13.3,1.10,OK
F07251,2027-02-08 07:00,G3,35.3,-1,36.3,-13.3,1.06,OK
F07252,2027-02-08 07:00,G4,52.9,0,52.9,-13.3,1.05,OK
F07253,2027-02-08 07:00,G5,66.0,2,64.0,-13.3,1.07,OK
F07254,2027-02-08 07:00,G6,265.3,187,78.3,-13.3,1.08,OK
F07255,2027-02-08 07:00,G7,37.8,-2,39.8,-13.3,1.06,OK
F07256,2027-02-08 07:00,G8,18.8,0,18.8,-13.3,1.06,OK
F07257,2027-02-08 07:10,G1,-17.0,0,-17.0,-13.4,0.22,OK
F07258,2027-02-08 07:10,G2,-17.8,1,-18.8,-13.4,0.17,OK
F07259,2027-02-08 07:10,G3,-17.9,-1,-16.9,-13.4,0.18,OK
F07260,2027-02-08 07:10,G4,-24.9,0,-24.9,-13.4,0.19,OK
F07261,2027-02-08 07:10,G5,-16.6,2,-18.6,-13.4,0.20,OK
F07262,2027-02-08 07:10,G6,160.6,187,-26.4,-13.4,0.18,OK
F07263,2027-02-08 07:10,G7,-28.4,-2,-26.4,-13.4,0.19,OK
F07264,2027-02-08 07:10,G8,-26.2,0,-26.2,-13.4,0.23,OK
F07265,2027-02-08 07:20,G1,4.8,0,4.8,-13.4,0.60,OK
F07266,2027-02-08 07:20,G2,9.3,1,8.3,-13.4,0.65,OK
F07267,2027-02-08 07:20,G3,9.3,-1,10.3,-13.4,0.61,OK
F07268,2027-02-08 07:20,G4,9.4,0,9.4,-13.4,0.62,OK
F07269,2027-02-08 07:20,G5,18.4,2,16.4,-13.4,0.59,OK
F07270,2027-02-08 07:20,G6,216.2,187,29.2,-13.4,0.60,OK
F07271,2027-02-08 07:20,G7,5.0,-2,7.0,-13.4,0.60,OK
F07272,2027-02-08 07:20,G8,-6.9,0,-6.9,-13.4,0.64,OK
F07273,2027-02-08 07:30,G1,-21.5,0,-21.5,-13.5,0.20,OK
F07274,2027-02-08 07:30,G2,-20.2,1,-21.2,-13.5,0.21,OK
F07275,2027-02-08 07:30,G3,-20.8,-1,-19.8,-13.5,0.21,OK
F07276,2027-02-08 07:30,G4,-22.1,0,-22.1,-13.5,0.21,OK
F07277,2027-02-08 07:30,G5,-17.7,2,-19.7,-13.5,0.18,OK
F07278,2027-02-08 07:30,G6,165.5,187,-21.5,-13.5,0.17,OK
F07279,2027-02-08 07:30,G7,-25.4,-2,-23.4,-13.5,0.19,OK
F07280,2027-02-08 07:30,G8,-25.7,0,-25.7,-13.5,0.16,OK
F07281,2027-02-08 07:40,G1,6.7,0,6.7,-13.5,0.78,OK
F07282,2027-02-08 07:40,G2,12.2,1,11.2,-13.5,0.79,OK
F07283,2027-02-08 07:40,G3,20.9,-1,21.9,-13.5,0.82,OK
F07284,2027-02-08 07:40,G4,28.3,0,28.3,-13.5,0.78,OK
F07285,2027-02-08 07:40,G5,39.6,2,37.6,-13.5,0.78,OK
F07286,2027-02-08 07:40,G6,230.7,187,43.7,-13.5,0.78,OK
F07287,2027-02-08 07:40,G7,21.1,-2,23.1,-13.5,0.80,OK
F07288,2027-02-08 07:40,G8,8.6,0,8.6,-13.5,0.83,OK
F07289,2027-02-08 07:50,G1,-21.1,0,-21.1,-13.5,0.18,OK
F07290,2027-02-08 07:50,G2,-22.1,1,-23.1,-13.5,0.21,OK
F07291,2027-02-08 07:50,G3,-20.4,-1,-19.4,-13.5,0.19,OK
F07292,2027-02-08 07:50,G4,-23.8,0,-23.8,-13.5,0.22,OK
F07293,2027-02-08 07:50,G5,-21.0,2,-23.0,-13.5,0.18,OK
F07294,2027-02-08 07:50,G6,160.2,187,-26.8,-13.5,0.21,OK
F07295,2027-02-08 07:50,G7,-22.0,-2,-20.0,-13.5,0.17,OK
F07296,2027-02-08 07:50,G8,-22.6,0,-22.6,-13.5,0.17,OK
F07297,2027-02-08 08:00,G1,-6.6,0,-6.6,-13.5,0.53,OK
F07298,2027-02-08 08:00,G2,-3.8,1,-4.8,-13.5,0.47,OK
F07299,2027-02-08 08:00,G3,-2.1,-1,-1.1,-13.5,0.47,OK
F07300,2027-02-08 08:00,G4,2.6,0,2.6,-13.5,0.54,OK
F07301,2027-02-08 08:00,G5,12.3,2,10.3,-13.5,0.52,OK
F07302,2027-02-08 08:00,G6,201.0,187,14.0,-13.5,0.52,OK
F07303,2027-02-08 08:00,G7,-4.8,-2,-2.8,-13.5,0.50,OK
F07304,2027-02-08 08:00,G8,-13.0,0,-13.0,-13.5,0.53,OK
F07305,2027-02-08 08:10,G1,-20.2,0,-20.2,-13.5,0.18,OK
F07306,2027-02-08 08:10,G2,-14.0,1,-15.0,-13.5,0.21,OK
F07307,2027-02-08 08:10,G3,-18.2,-1,-17.2,-13.5,0.23,OK
F07308,2027-02-08 08:10,G4,-24.5,0,-24.5,-13.5,0.17,OK
F07309,2027-02-08 08:10,G5,-20.4,2,-22.4,-13.5,0.22,OK
F07310,2027-02-08 08:10,G6,164.9,187,-22.1,-13.5,0.23,OK
F07311,2027-02-08 08:10,G7,-23.3,-2,-21.3,-13.5,0.20,OK
F07312,2027-02-08 08:10,G8,-29.7,0,-29.7,-13.5,0.23,OK
F07313,2027-02-08 08:20,G1,7.1,0,7.1,-13.5,0.71,OK
F07314,2027-02-08 08:20,G2,12.0,1,11.0,-13.5,0.69,OK
F07315,2027-02-08 08:20,G3,12.9,-1,13.9,-13.5,0.69,OK
F07316,2027-02-08 08:20,G4,20.8,0,20.8,-13.5,0.66,OK
F07317,2027-02-08 08:20,G5,27.0,2,25.0,-13.5,0.66,OK
F07318,2027-02-08 08:20,G6,220.0,187,33.0,-13.5,0.68,OK
F07319,2027-02-08 08:20,G7,11.8,-2,13.8,-13.5,0.65,OK
F07320,2027-02-08 08:20,G8,-4.9,0,-4.9,-13.5,0.66,OK
F07321,2027-02-08 08:30,G1,-15.2,0,-15.2,-13.5,0.18,OK
F07322,2027-02-08 08:30,G2,-18.1,1,-19.1,-13.5,0.19,OK
F07323,2027-02-08 08:30,G3,-21.0,-1,-20.0,-13.5,0.17,OK
F07324,2027-02-08 08:30,G4,-16.9,0,-16.9,-13.5,0.17,OK
F07325,2027-02-08 08:30,G5,-16.2,2,-18.2,-13.5,0.18,OK
F07326,2027-02-08 08:30,G6,166.5,187,-20.5,-13.5,0.22,OK
F07327,2027-02-08 08:30,G7,-22.0,-2,-20.0,-13.5,0.22,OK
F07328,2027-02-08 08:30,G8,-29.5,0,-29.5,-13.5,0.20,OK
F07329,2027-02-08 08:40,G1,15.0,0,15.0,-13.4,0.87,OK
F07330,2027-02-08 08:40,G2,13.9,1,12.9,-13.4,0.82,OK
F07331,2027-02-08 08:40,G3,19.0,-1,20.0,-13.4,0.85,OK
F07332,2027-02-08 08:40,G4,29.2,0,29.2,-13.4,0.87,OK
F07333,2027-02-08 08:40,G5,42.4,2,40.4,-13.4,0.82,OK
F07334,2027-02-08 08:40,G6,240.1,187,53.1,-13.4,0.87,OK
F07335,2027-02-08 08:40,G7,24.9,-2,26.9,-13.4,0.88,OK
F07336,2027-02-08 08:40,G8,5.0,0,5.0,-13.4,0.89,OK
F07337,2027-02-08 08:50,G1,-14.7,0,-14.7,-13.4,0.18,OK
F07338,2027-02-08 08:50,G2,-16.7,1,-17.7,-13.4,0.20,OK
F07339,2027-02-08 08:50,G3,-17.8,-1,-16.8,-13.4,0.21,OK
F07340,2027-02-08 08:50,G4,-22.5,0,-22.5,-13.4,0.18,OK
F07341,2027-02-08 08:50,G5,-18.1,2,-20.1,-13.4,0.23,OK
F07342,2027-02-08 08:50,G6,161.0,187,-26.0,-13.4,0.23,OK
F07343,2027-02-08 08:50,G7,-22.7,-2,-20.7,-13.4,0.23,OK
F07344,2027-02-08 08:50,G8,-21.2,0,-21.2,-13.4,0.17,OK
F07345,2027-02-08 09:00,G1,2.6,0,2.6,-13.3,0.54,OK
F07346,2027-02-08 09:00,G2,6.5,1,5.5,-13.3,0.57,OK
F07347,2027-02-08 09:00,G3,3.0,-1,4.0,-13.3,0.60,OK
F07348,2027-02-08 09:00,G4,11.2,0,11.2,-13.3,0.60,OK
F07349,2027-02-08 09:00,G5,12.8,2,10.8,-13.3,0.54,OK
F07350,2027-02-08 09:00,G6,209.8,187,22.8,-13.3,0.54,OK
F07351,2027-02-08 09:00,G7,5.7,-2,7.7,-13.3,0.59,OK
F07352,2027-02-08 09:00,G8,-2.3,0,-2.3,-13.3,0.59,OK
F07353,2027-02-08 09:10,G1,-15.5,0,-15.5,-13.2,0.19,OK
F07354,2027-02-08 09:10,G2,-14.5,1,-15.5,-13.2,0.23,OK
F07355,2027-02-08 09:10,G3,-20.1,-1,-19.1,-13.2,0.23,OK
F07356,2027-02-08 09:10,G4,-22.2,0,-22.2,-13.2,0.16,OK
F07357,2027-02-08 09:10,G5,-21.2,2,-23.2,-13.2,0.22,OK
F07358,2027-02-08 09:10,G6,166.0,187,-21.0,-13.2,0.18,OK
F07359,2027-02-08 09:10,G7,-25.9,-2,-23.9,-13.2,0.17,OK
F07360,2027-02-08 09:10,G8,-22.1,0,-22.1,-13.2,0.17,OK
F07361,2027-02-08 09:20,G1,2.0,0,2.0,-13.2,0.71,OK
F07362,2027-02-08 09:20,G2,9.3,1,8.3,-13.2,0.74,OK
F07363,2027-02-08 09:20,G3,13.5,-1,14.5,-13.2,0.72,OK
F07364,2027-02-08 09:20,G4,21.1,0,21.1,-13.2,0.73,OK
F07365,2027-02-08 09:20,G5,33.7,2,31.7,-13.2,0.75,OK
F07366,2027-02-08 09:20,G6,230.1,187,43.1,-13.2,0.75,OK
F07367,2027-02-08 09:20,G7,12.0,-2,14.0,-13.2,0.74,OK
F07368,2027-02-08 09:20,G8,4.3,0,4.3,-13.2,0.73,OK
F07369,2027-02-08 09:30,G1,-21.2,0,-21.2,-13.1,0.18,OK
F07370,2027-02-08 09:30,G2,-20.0,1,-21.0,-13.1,0.18,OK
F07371,2027-02-08 09:30,G3,-21.2,-1,-20.2,-13.1,0.21,OK
F07372,2027-02-08 09:30,G4,-24.3,0,-24.3,-13.1,0.21,OK
F07373,2027-02-08 09:30,G5,-22.1,2,-24.1,-13.1,0.23,OK
F07374,2027-02-08 09:30,G6,168.2,187,-18.8,-13.1,0.20,OK
F07375,2027-02-08 09:30,G7,-25.4,-2,-23.4,-13.1,0.17,OK
F07376,2027-02-08 09:30,G8,-22.9,0,-22.9,-13.1,0.16,OK
F07377,2027-02-08 09:40,G1,13.8,0,13.8,-13.0,0.89,OK
F07378,2027-02-08 09:40,G2,22.3,1,21.3,-13.0,0.93,OK
F07379,2027-02-08 09:40,G3,28.7,-1,29.7,-13.0,0.92,OK
F07380,2027-02-08 09:40,G4,37.2,0,37.2,-13.0,0.94,OK
F07381,2027-02-08 09:40,G5,48.0,2,46.0,-13.0,0.89,OK
F07382,2027-02-08 09:40,G6,244.7,187,57.7,-13.0,0.90,OK
F07383,2027-02-08 09:40,G7,24.4,-2,26.4,-13.0,0.93,OK
F07384,2027-02-08 09:40,G8,9.8,0,9.8,-13.0,0.92,OK
F07385,2027-02-08 09:50,G1,-13.2,0,-13.2,-12.8,0.18,OK
F07386,2027-02-08 09:50,G2,-14.0,1,-15.0,-12.8,0.19,OK
F07387,2027-02-08 09:50,G3,-18.2,-1,-17.2,-12.8,0.17,OK
F07388,2027-02-08 09:50,G4,-15.5,0,-15.5,-12.8,0.23,OK
F07389,2027-02-08 09:50,G5,-17.6,2,-19.6,-12.8,0.19,OK
F07390,2027-02-08 09:50,G6,166.2,187,-20.8,-12.8,0.17,OK
F07391,2027-02-08 09:50,G7,-21.2,-2,-19.2,-12.8,0.21,OK
F07392,2027-02-08 09:50,G8,-23.0,0,-23.0,-12.8,0.16,OK
F07393,2027-02-08 10:00,G1,4.5,0,4.5,-12.7,0.60,OK
F07394,2027-02-08 10:00,G2,6.0,1,5.0,-12.7,0.63,OK
F07395,2027-02-08 10:00,G3,6.4,-1,7.4,-12.7,0.60,OK
F07396,2027-02-08 10:00,G4,16.7,0,16.7,-12.7,0.59,OK
F07397,2027-02-08 10:00,G5,28.4,2,26.4,-12.7,0.59,OK
F07398,2027-02-08 10:00,G6,212.7,187,25.7,-12.7,0.65,OK
F07399,2027-02-08 10:00,G7,6.2,-2,8.2,-12.7,0.66,OK
F07400,2027-02-08 10:00,G8,-5.5,0,-5.5,-12.7,0.65,OK
F07401,2027-02-08 10:10,G1,-13.3,0,-13.3,-12.6,0.23,OK
F07402,2027-02-08 10:10,G2,-12.7,1,-13.7,-12.6,0.16,OK
F07403,2027-02-08 10:10,G3,-14.7,-1,-13.7,-12.6,0.17,OK
F07404,2027-02-08 10:10,G4,-16.9,0,-16.9,-12.6,0.19,OK
F07405,2027-02-08 10:10,G5,-22.2,2,-24.2,-12.6,0.19,OK
F07406,2027-02-08 10:10,G6,170.1,187,-16.9,-12.6,0.22,OK
F07407,2027-02-08 10:10,G7,-23.4,-2,-21.4,-12.6,0.20,OK
F07408,2027-02-08 10:10,G8,-26.8,0,-26.8,-12.6,0.17,OK
F07409,2027-02-08 10:20,G1,12.6,0,12.6,-12.4,0.80,OK
F07410,2027-02-08 10:20,G2,18.8,1,17.8,-12.4,0.81,OK
F07411,2027-02-08 10:20,G3,16.5,-1,17.5,-12.4,0.82,OK
F07412,2027-02-08 10:20,G4,32.1,0,32.1,-12.4,0.83,OK
F07413,2027-02-08 10:20,G5,40.4,2,38.4,-12.4,0.78,OK
F07414,2027-02-08 10:20,G6,234.2,187,47.2,-12.4,0.83,OK
F07415,2027-02-08 10:20,G7,22.6,-2,24.6,-12.4,0.77,OK
F07416,2027-02-08 10:20,G8,4.5,0,4.5,-12.4,0.81,OK
F07417,2027-02-08 10:30,G1,-18.7,0,-18.7,-12.3,0.20,OK
F07418,2027-02-08 10:30,G2,-11.4,1,-12.4,-12.3,0.19,OK
F07419,2027-02-08 10:30,G3,-14.3,-1,-13.3,-12.3,0.23,OK
F07420,2027-02-08 10:30,G4,-16.6,0,-16.6,-12.3,0.20,OK
F07421,2027-02-08 10:30,G5,-15.7,2,-17.7,-12.3,0.22,OK
F07422,2027-02-08 10:30,G6,169.5,187,-17.5,-12.3,0.19,OK
F07423,2027-02-08 10:30,G7,-18.5,-2,-16.5,-12.3,0.20,OK
F07424,2027-02-08 10:30,G8,-21.3,0,-21.3,-12.3,0.21,OK
F07425,2027-02-08 10:40,G1,14.4,0,14.4,-12.1,0.97,OK
F07426,2027-02-08 10:40,G2,25.3,1,24.3,-12.1,0.99,OK
F07427,2027-02-08 10:40,G3,36.7,-1,37.7,-12.1,0.96,OK
F07428,2027-02-08 10:40,G4,48.2,0,48.2,-12.1,0.99,OK
F07429,2027-02-08 10:40,G5,61.4,2,59.4,-12.1,0.99,OK
F07430,2027-02-08 10:40,G6,260.0,187,73.0,-12.1,1.01,OK
F07431,2027-02-08 10:40,G7,37.5,-2,39.5,-12.1,1.00,OK
F07432,2027-02-08 10:40,G8,19.1,0,19.1,-12.1,0.98,OK
F07433,2027-02-08 10:50,G1,-19.0,0,-19.0,-11.9,0.23,OK
F07434,2027-02-08 10:50,G2,-15.4,1,-16.4,-11.9,0.23,OK
F07435,2027-02-08 10:50,G3,-20.3,-1,-19.3,-11.9,0.18,OK
F07436,2027-02-08 10:50,G4,-18.0,0,-18.0,-11.9,0.19,OK
F07437,2027-02-08 10:50,G5,-16.3,2,-18.3,-11.9,0.20,OK
F07438,2027-02-08 10:50,G6,165.7,187,-21.3,-11.9,0.22,OK
F07439,2027-02-08 10:50,G7,-25.5,-2,-23.5,-11.9,0.22,OK
F07440,2027-02-08 10:50,G8,-18.0,0,-18.0,-11.9,0.17,OK
F07441,2027-02-08 11:00,G1,7.5,0,7.5,-11.8,0.65,OK
F07442,2027-02-08 11:00,G2,15.4,1,14.4,-11.8,0.72,OK
F07443,2027-02-08 11:00,G3,14.2,-1,15.2,-11.8,0.70,OK
F07444,2027-02-08 11:00,G4,23.4,0,23.4,-11.8,0.68,OK
F07445,2027-02-08 11:00,G5,33.1,2,31.1,-11.8,0.66,OK
F07446,2027-02-08 11:00,G6,221.8,187,34.8,-11.8,0.68,OK
F07447,2027-02-08 11:00,G7,15.8,-2,17.8,-11.8,0.72,OK
F07448,2027-02-08 11:00,G8,1.6,0,1.6,-11.8,0.72,OK
F07449,2027-02-08 11:10,G1,-17.3,0,-17.3,-11.6,0.18,OK
F07450,2027-02-08 11:10,G2,-17.8,1,-18.8,-11.6,0.19,OK
F07451,2027-02-08 11:10,G3,-18.7,-1,-17.7,-11.6,0.18,OK
F07452,2027-02-08 11:10,G4,-13.0,0,-13.0,-11.6,0.20,OK
F07453,2027-02-08 11:10,G5,-11.5,2,-13.5,-11.6,0.23,OK
F07454,2027-02-08 11:10,G6,171.1,187,-15.9,-11.6,0.19,OK
F07455,2027-02-08 11:10,G7,-20.1,-2,-18.1,-11.6,0.23,OK
F07456,2027-02-08 11:10,G8,-20.3,0,-20.3,-11.6,0.22,OK
F07457,2027-02-08 11:20,G1,11.4,0,11.4,-11.4,0.86,OK
F07458,2027-02-08 11:20,G2,24.1,1,23.1,-11.4,0.85,OK
F07459,2027-02-08 11:20,G3,29.1,-1,30.1,-11.4,0.84,OK
F07460,2027-02-08 11:20,G4,35.8,0,35.8,-11.4,0.87,OK
F07461,2027-02-08 11:20,G5,47.2,2,45.2,-11.4,0.87,OK
F07462,2027-02-08 11:20,G6,246.6,187,59.6,-11.4,0.85,OK
F07463,2027-02-08 11:20,G7,29.3,-2,31.3,-11.4,0.85,OK
F07464,2027-02-08 11:20,G8,18.3,0,18.3,-11.4,0.86,OK
F07465,2027-02-08 11:30,G1,-12.0,0,-12.0,-11.2,0.17,OK
F07466,2027-02-08 11:30,G2,-12.1,1,-13.1,-11.2,0.22,OK
F07467,2027-02-08 11:30,G3,-14.2,-1,-13.2,-11.2,0.18,OK
F07468,2027-02-08 11:30,G4,-17.7,0,-17.7,-11.2,0.23,OK
F07469,2027-02-08 11:30,G5,-13.8,2,-15.8,-11.2,0.21,OK
F07470,2027-02-08 11:30,G6,167.1,187,-19.9,-11.2,0.23,OK
F07471,2027-02-08 11:30,G7,-15.8,-2,-13.8,-11.2,0.23,OK
F07472,2027-02-08 11:30,G8,-18.9,0,-18.9,-11.2,0.24,OK
F07473,2027-02-08 11:40,G1,22.6,0,22.6,-11.0,1.00,OK
F07474,2027-02-08 11:40,G2,30.0,1,29.0,-11.0,1.02,OK
F07475,2027-02-08 11:40,G3,43.5,-1,44.5,-11.0,1.04,OK
F07476,2027-02-08 11:40,G4,56.9,0,56.9,-11.0,1.05,OK
F07477,2027-02-08 11:40,G5,71.7,2,69.7,-11.0,1.03,OK
F07478,2027-02-08 11:40,G6,264.7,187,77.7,-11.0,1.02,OK
F07479,2027-02-08 11:40,G7,39.9,-2,41.9,-11.0,1.06,OK
F07480,2027-02-08 11:40,G8,24.8,0,24.8,-11.0,1.07,OK
F07481,2027-02-08 11:50,G1,-12.9,0,-12.9,-10.7,0.21,OK
F07482,2027-02-08 11:50,G2,-10.6,1,-11.6,-10.7,0.22,OK
F07483,2027-02-08 11:50,G3,-12.7,-1,-11.7,-10.7,0.20,OK
F07484,2027-02-08 11:50,G4,-15.8,0,-15.8,-10.7,0.21,OK
F07485,2027-02-08 11:50,G5,-10.2,2,-12.2,-10.7,0.22,OK
F07486,2027-02-08 11:50,G6,169.7,187,-17.3,-10.7,0.20,OK
F07487,2027-02-08 11:50,G7,-16.4,-2,-14.4,-10.7,0.20,OK
F07488,2027-02-08 11:50,G8,-18.6,0,-18.6,-10.7,0.23,OK
F07489,2027-02-08 12:00,G1,12.6,0,12.6,-10.5,0.76,OK
F07490,2027-02-08 12:00,G2,16.6,1,15.6,-10.5,0.78,OK
F07491,2027-02-08 12:00,G3,18.9,-1,19.9,-10.5,0.74,OK
F07492,2027-02-08 12:00,G4,29.9,0,29.9,-10.5,0.76,OK
F07493,2027-02-08 12:00,G5,39.8,2,37.8,-10.5,0.75,OK
F07494,2027-02-08 12:00,G6,236.6,187,49.6,-10.5,0.75,OK
F07495,2027-02-08 12:00,G7,18.9,-2,20.9,-10.5,0.76,OK
F07496,2027-02-08 12:00,G8,14.3,0,14.3,-10.5,0.76,OK
F07497,2027-02-08 12:10,G1,-15.1,0,-15.1,-10.3,0.17,OK
F07498,2027-02-08 12:10,G2,-8.2,1,-9.2,-10.3,0.17,OK
F07499,2027-02-08 12:10,G3,-16.2,-1,-15.2,-10.3,0.22,OK
F07500,2027-02-08 12:10,G4,-13.3,0,-13.3,-10.3,0.21,OK
F07501,2027-02-08 12:10,G5,-7.3,2,-9.3,-10.3,0.21,OK
F07502,2027-02-08 12:10,G6,175.1,187,-11.9,-10.3,0.20,OK
F07503,2027-02-08 12:10,G7,-14.1,-2,-12.1,-10.3,0.16,OK
F07504,2027-02-08 12:10,G8,-15.7,0,-15.7,-10.3,0.20,OK
F07505,2027-02-08 12:20,G1,19.6,0,19.6,-10.1,0.90,OK
F07506,2027-02-08 12:20,G2,26.8,1,25.8,-10.1,0.92,OK
F07507,2027-02-08 12:20,G3,36.8,-1,37.8,-10.1,0.90,OK
F07508,2027-02-08 12:20,G4,46.9,0,46.9,-10.1,0.94,OK
F07509,2027-02-08 12:20,G5,56.8,2,54.8,-10.1,0.95,OK
F07510,2027-02-08 12:20,G6,253.2,187,66.2,-10.1,0.90,OK
F07511,2027-02-08 12:20,G7,32.9,-2,34.9,-10.1,0.91,OK
F07512,2027-02-08 12:20,G8,16.4,0,16.4,-10.1,0.94,OK
F07513,2027-02-08 12:30,G1,-8.8,0,-8.8,-9.8,0.21,OK
F07514,2027-02-08 12:30,G2,-5.5,1,-6.5,-9.8,0.20,OK
F07515,2027-02-08 12:30,G3,-14.1,-1,-13.1,-9.8,0.18,OK
F07516,2027-02-08 12:30,G4,-8.3,0,-8.3,-9.8,0.17,OK
F07517,2027-02-08 12:30,G5,-9.3,2,-11.3,-9.8,0.17,OK
F07518,2027-02-08 12:30,G6,173.2,187,-13.8,-9.8,0.18,OK
F07519,2027-02-08 12:30,G7,-17.8,-2,-15.8,-9.8,0.21,OK
F07520,2027-02-08 12:30,G8,-11.6,0,-11.6,-9.8,0.18,OK
F07521,2027-02-08 12:40,G1,29.5,0,29.5,-9.6,1.11,OK
F07522,2027-02-08 12:40,G2,37.1,1,36.1,-9.6,1.12,OK
F07523,2027-02-08 12:40,G3,48.0,-1,49.0,-9.6,1.07,OK
F07524,2027-02-08 12:40,G4,66.2,0,66.2,-9.6,1.14,OK
F07525,2027-02-08 12:40,G5,74.7,2,72.7,-9.6,1.09,OK
F07526,2027-02-08 12:40,G6,274.3,187,87.3,-9.6,1.09,OK
F07527,2027-02-08 12:40,G7,51.5,-2,53.5,-9.6,1.06,OK
F07528,2027-02-08 12:40,G8,28.5,0,28.5,-9.6,1.09,OK
F07529,2027-02-08 12:50,G1,-5.4,0,-5.4,-9.3,0.16,OK
F07530,2027-02-08 12:50,G2,-8.3,1,-9.3,-9.3,0.22,OK
F07531,2027-02-08 12:50,G3,-8.6,-1,-7.6,-9.3,0.19,OK
F07532,2027-02-08 12:50,G4,-12.6,0,-12.6,-9.3,0.23,OK
F07533,2027-02-08 12:50,G5,-10.1,2,-12.1,-9.3,0.17,OK
F07534,2027-02-08 12:50,G6,178.5,187,-8.5,-9.3,0.17,OK
F07535,2027-02-08 12:50,G7,-17.9,-2,-15.9,-9.3,0.19,OK
F07536,2027-02-08 12:50,G8,-8.3,0,-8.3,-9.3,0.24,OK
F07537,2027-02-08 13:00,G1,20.4,0,20.4,-9.1,0.82,OK
F07538,2027-02-08 13:00,G2,22.0,1,21.0,-9.1,0.84,OK
F07539,2027-02-08 13:00,G3,27.6,-1,28.6,-9.1,0.84,OK
F07540,2027-02-08 13:00,G4,43.9,0,43.9,-9.1,0.84,OK
F07541,2027-02-08 13:00,G5,47.9,2,45.9,-9.1,0.83,OK
F07542,2027-02-08 13:00,G6,242.5,187,55.5,-9.1,0.80,OK
F07543,2027-02-08 13:00,G7,32.6,-2,34.6,-9.1,0.85,OK
F07544,2027-02-08 13:00,G8,22.1,0,22.1,-9.1,0.81,OK
F07545,2027-02-08 13:10,G1,-3.7,0,-3.7,-8.8,0.18,OK
F07546,2027-02-08 13:10,G2,-3.8,1,-4.8,-8.8,0.23,OK
F07547,2027-02-08 13:10,G3,-9.9,-1,-8.9,-8.8,0.16,OK
F07548,2027-02-08 13:10,G4,-9.1,0,-9.1,-8.8,0.23,OK
F07549,2027-02-08 13:10,G5,-8.3,2,-10.3,-8.8,0.21,OK
F07550,2027-02-08 13:10,G6,180.6,187,-6.4,-8.8,0.20,OK
F07551,2027-02-08 13:10,G7,-14.8,-2,-12.8,-8.8,0.18,OK
F07552,2027-02-08 13:10,G8,-14.4,0,-14.4,-8.8,0.19,OK
F07553,2027-02-08 13:20,G1,24.8,0,24.8,-8.6,0.95,OK
F07554,2027-02-08 13:20,G2,36.0,1,35.0,-8.6,1.00,OK
F07555,2027-02-08 13:20,G3,39.1,-1,40.1,-8.6,0.95,OK
F07556,2027-02-08 13:20,G4,54.6,0,54.6,-8.6,0.99,OK
F07557,2027-02-08 13:20,G5,66.3,2,64.3,-8.6,1.01,OK
F07558,2027-02-08 13:20,G6,263.4,187,76.4,-8.6,1.00,OK
F07559,2027-02-08 13:20,G7,44.4,-2,46.4,-8.6,0.98,OK
F07560,2027-02-08 13:20,G8,29.2,0,29.2,-8.6,0.99,OK
F07561,2027-02-08 13:30,G1,-4.4,0,-4.4,-8.3,0.21,OK
F07562,2027-02-08 13:30,G2,-5.5,1,-6.5,-8.3,0.17,OK
F07563,2027-02-08 13:30,G3,-10.7,-1,-9.7,-8.3,0.23,OK
F07564,2027-02-08 13:30,G4,-4.1,0,-4.1,-8.3,0.23,OK
F07565,2027-02-08 13:30,G5,-3.8,2,-5.8,-8.3,0.19,OK
F07566,2027-02-08 13:30,G6,177.9,187,-9.1,-8.3,0.23,OK
F07567,2027-02-08 13:30,G7,-9.6,-2,-7.6,-8.3,0.22,OK
F07568,2027-02-08 13:30,G8,-6.1,0,-6.1,-8.3,0.23,OK
F07569,2027-02-08 13:40,G1,6.2,0,6.2,-8.0,0.56,OK
F07570,2027-02-08 13:40,G2,13.2,1,12.2,-8.0,0.51,OK
F07571,2027-02-08 13:40,G3,9.9,-1,10.9,-8.0,0.54,OK
F07572,2027-02-08 13:40,G4,18.5,0,18.5,-8.0,0.54,OK
F07573,2027-02-08 13:40,G5,26.1,2,24.1,-8.0,0.56,OK
F07574,2027-02-08 13:40,G6,219.1,187,32.1,-8.0,0.50,OK
F07575,2027-02-08 13:40,G7,16.6,-2,18.6,-8.0,0.51,OK
F07576,2027-02-08 13:40,G8,10.4,0,10.4,-8.0,0.53,OK
F07577,2027-02-08 13:50,G1,-3.9,0,-3.9,-7.8,0.18,OK
F07578,2027-02-08 13:50,G2,-4.1,1,-5.1,-7.8,0.18,OK
F07579,2027-02-08 13:50,G3,-7.9,-1,-6.9,-7.8,0.17,OK
F07580,2027-02-08 13:50,G4,-11.0,0,-11.0,-7.8,0.20,OK
F07581,2027-02-08 13:50,G5,-4.4,2,-6.4,-7.8,0.19,OK
F07582,2027-02-08 13:50,G6,175.3,187,-11.7,-7.8,0.17,OK
F07583,2027-02-08 13:50,G7,-11.1,-2,-9.1,-7.8,0.20,OK
F07584,2027-02-08 13:50,G8,-9.0,0,-9.0,-7.8,0.18,OK
F07585,2027-02-08 14:00,G1,20.3,0,20.3,-7.5,0.85,OK
F07586,2027-02-08 14:00,G2,35.8,1,34.8,-7.5,0.89,OK
F07587,2027-02-08 14:00,G3,34.6,-1,35.6,-7.5,0.88,OK
F07588,2027-02-08 14:00,G4,49.1,0,49.1,-7.5,0.85,OK
F07589,2027-02-08 14:00,G5,64.6,2,62.6,-7.5,0.84,OK
F07590,2027-02-08 14:00,G6,254.4,187,67.4,-7.5,0.84,OK
F07591,2027-02-08 14:00,G7,36.9,-2,38.9,-7.5,0.89,OK
F07592,2027-02-08 14:00,G8,25.3,0,25.3,-7.5,0.84,OK
F07593,2027-02-08 14:10,G1,-0.4,0,-0.4,-7.3,0.18,OK
F07594,2027-02-08 14:10,G2,-6.2,1,-7.2,-7.3,0.20,OK
F07595,2027-02-08 14:10,G3,-4.9,-1,-3.9,-7.3,0.17,OK
F07596,2027-02-08 14:10,G4,-6.7,0,-6.7,-7.3,0.19,OK
F07597,2027-02-08 14:10,G5,-0.6,2,-2.6,-7.3,0.22,OK
F07598,2027-02-08 14:10,G6,180.9,187,-6.1,-7.3,0.18,OK
F07599,2027-02-08 14:10,G7,-10.4,-2,-8.4,-7.3,0.20,OK
F07600,2027-02-08 14:10,G8,-7.1,0,-7.1,-7.3,0.22,OK
F07601,2027-02-08 14:20,G1,28.8,0,28.8,-7.0,1.04,OK
F07602,2027-02-08 14:20,G2,45.3,1,44.3,-7.0,1.05,OK
F07603,2027-02-08 14:20,G3,48.4,-1,49.4,-7.0,1.07,OK
F07604,2027-02-08 14:20,G4,62.2,0,62.2,-7.0,1.02,OK
F07605,2027-02-08 14:20,G5,78.1,2,76.1,-7.0,1.01,OK
F07606,2027-02-08 14:20,G6,278.8,187,91.8,-7.0,1.01,OK
F07607,2027-02-08 14:20,G7,54.1,-2,56.1,-7.0,1.05,OK
F07608,2027-02-08 14:20,G8,38.8,0,38.8,-7.0,1.06,OK
F07609,2027-02-08 14:30,G1,-5.2,0,-5.2,-6.7,0.21,OK
F07610,2027-02-08 14:30,G2,-5.9,1,-6.9,-6.7,0.16,OK
F07611,2027-02-08 14:30,G3,-9.6,-1,-8.6,-6.7,0.22,OK
F07612,2027-02-08 14:30,G4,-4.1,0,-4.1,-6.7,0.22,OK
F07613,2027-02-08 14:30,G5,-1.5,2,-3.5,-6.7,0.19,OK
F07614,2027-02-08 14:30,G6,182.5,187,-4.5,-6.7,0.16,OK
F07615,2027-02-08 14:30,G7,-5.1,-2,-3.1,-6.7,0.20,OK
F07616,2027-02-08 14:30,G8,-2.0,0,-2.0,-6.7,0.21,OK
F07617,2027-02-08 14:40,G1,16.1,0,16.1,-6.5,0.56,OK
F07618,2027-02-08 14:40,G2,16.8,1,15.8,-6.5,0.60,OK
F07619,2027-02-08 14:40,G3,20.5,-1,21.5,-6.5,0.58,OK
F07620,2027-02-08 14:40,G4,32.3,0,32.3,-6.5,0.56,OK
F07621,2027-02-08 14:40,G5,41.0,2,39.0,-6.5,0.58,OK
F07622,2027-02-08 14:40,G6,225.9,187,38.9,-6.5,0.55,OK
F07623,2027-02-08 14:40,G7,24.3,-2,26.3,-6.5,0.57,OK
F07624,2027-02-08 14:40,G8,19.1,0,19.1,-6.5,0.58,OK
F07625,2027-02-08 14:50,G1,-3.0,0,-3.0,-6.2,0.23,OK
F07626,2027-02-08 14:50,G2,-0.1,1,-1.1,-6.2,0.21,OK
F07627,2027-02-08 14:50,G3,-2.7,-1,-1.7,-6.2,0.20,OK
F07628,2027-02-08 14:50,G4,1.5,0,1.5,-6.2,0.19,OK
F07629,2027-02-08 14:50,G5,-1.0,2,-3.0,-6.2,0.20,OK
F07630,2027-02-08 14:50,G6,184.6,187,-2.4,-6.2,0.17,OK
F07631,2027-02-08 14:50,G7,-3.7,-2,-1.7,-6.2,0.19,OK
F07632,2027-02-08 14:50,G8,-2.8,0,-2.8,-6.2,0.19,OK
F07633,2027-02-08 15:00,G1,31.5,0,31.5,-6.0,0.92,OK
F07634,2027-02-08 15:00,G2,36.4,1,35.4,-6.0,0.91,OK
F07635,2027-02-08 15:00,G3,47.1,-1,48.1,-6.0,0.97,OK
F07636,2027-02-08 15:00,G4,55.1,0,55.1,-6.0,0.97,OK
F07637,2027-02-08 15:00,G5,67.3,2,65.3,-6.0,0.94,OK
F07638,2027-02-08 15:00,G6,267.5,187,80.5,-6.0,0.97,OK
F07639,2027-02-08 15:00,G7,48.2,-2,50.2,-6.0,0.96,OK
F07640,2027-02-08 15:00,G8,36.7,0,36.7,-6.0,0.97,OK
F07641,2027-02-08 15:10,G1,-1.6,0,-1.6,-5.7,0.23,OK
F07642,2027-02-08 15:10,G2,1.0,1,-0.0,-5.7,0.20,OK
F07643,2027-02-08 15:10,G3,-6.0,-1,-5.0,-5.7,0.22,OK
F07644,2027-02-08 15:10,G4,0.9,0,0.9,-5.7,0.24,OK
F07645,2027-02-08 15:10,G5,-2.9,2,-4.9,-5.7,0.21,OK
F07646,2027-02-08 15:10,G6,184.9,187,-2.1,-5.7,0.20,OK
F07647,2027-02-08 15:10,G7,-6.7,-2,-4.7,-5.7,0.19,OK
F07648,2027-02-08 15:10,G8,-6.1,0,-6.1,-5.7,0.24,OK
F07649,2027-02-08 15:20,G1,39.0,0,39.0,-5.5,1.11,OK
F07650,2027-02-08 15:20,G2,50.7,1,49.7,-5.5,1.12,OK
F07651,2027-02-08 15:20,G3,61.6,-1,62.6,-5.5,1.14,OK
F07652,2027-02-08 15:20,G4,71.1,0,71.1,-5.5,1.08,OK
F07653,2027-02-08 15:20,G5,91.0,2,89.0,-5.5,1.10,OK
F07654,2027-02-08 15:20,G6,290.0,187,103.0,-5.5,1.07,OK
F07655,2027-02-08 15:20,G7,59.7,-2,61.7,-5.5,1.14,OK
F07656,2027-02-08 15:20,G8,44.5,0,44.5,-5.5,1.13,OK
F07657,2027-02-08 15:30,G1,-2.8,0,-2.8,-5.2,0.19,OK
F07658,2027-02-08 15:30,G2,3.6,1,2.6,-5.2,0.23,OK
F07659,2027-02-08 15:30,G3,-4.3,-1,-3.3,-5.2,0.23,OK
F07660,2027-02-08 15:30,G4,0.2,0,0.2,-5.2,0.16,OK
F07661,2027-02-08 15:30,G5,-1.3,2,-3.3,-5.2,0.19,OK
F07662,2027-02-08 15:30,G6,189.7,187,2.7,-5.2,0.19,OK
F07663,2027-02-08 15:30,G7,-0.5,-2,1.5,-5.2,0.16,OK
F07664,2027-02-08 15:30,G8,1.0,0,1.0,-5.2,0.21,OK
F07665,2027-02-08 15:40,G1,22.1,0,22.1,-5.0,0.64,OK
F07666,2027-02-08 15:40,G2,27.4,1,26.4,-5.0,0.67,OK
F07667,2027-02-08 15:40,G3,27.4,-1,28.4,-5.0,0.65,OK
F07668,2027-02-08 15:40,G4,35.4,0,35.4,-5.0,0.65,OK
F07669,2027-02-08 15:40,G5,44.2,2,42.2,-5.0,0.62,OK
F07670,2027-02-08 15:40,G6,240.6,187,53.6,-5.0,0.61,OK
F07671,2027-02-08 15:40,G7,33.2,-2,35.2,-5.0,0.63,OK
F07672,2027-02-08 15:40,G8,23.5,0,23.5,-5.0,0.62,OK
F07673,2027-02-08 15:50,G1,1.3,0,1.3,-4.7,0.19,OK
F07674,2027-02-08 15:50,G2,5.4,1,4.4,-4.7,0.24,OK
F07675,2027-02-08 15:50,G3,2.9,-1,3.9,-4.7,0.21,OK
F07676,2027-02-08 15:50,G4,4.2,0,4.2,-4.7,0.21,OK
F07677,2027-02-08 15:50,G5,2.3,2,0.3,-4.7,0.17,OK
F07678,2027-02-08 15:50,G6,184.3,187,-2.7,-4.7,0.18,OK
F07679,2027-02-08 15:50,G7,2.3,-2,4.3,-4.7,0.17,OK
F07680,2027-02-08 15:50,G8,-2.8,0,-2.8,-4.7,0.19,OK
F07681,2027-02-08 16:00,G1,31.2,0,31.2,-4.5,0.97,OK
F07682,2027-02-08 16:00,G2,46.2,1,45.2,-4.5,0.97,OK
F07683,2027-02-08 16:00,G3,49.1,-1,50.1,-4.5,0.99,OK
F07684,2027-02-08 16:00,G4,63.7,0,63.7,-4.5,1.01,OK
F07685,2027-02-08 16:00,G5,82.2,2,80.2,-4.5,0.97,OK
F07686,2027-02-08 16:00,G6,278.7,187,91.7,-4.5,1.02,OK
F07687,2027-02-08 16:00,G7,53.8,-2,55.8,-4.5,1.02,OK
F07688,2027-02-08 16:00,G8,39.7,0,39.7,-4.5,1.03,OK
F07689,2027-02-08 16:10,G1,4.0,0,4.0,-4.3,0.20,OK
F07690,2027-02-08 16:10,G2,1.4,1,0.4,-4.3,0.17,OK
F07691,2027-02-08 16:10,G3,2.2,-1,3.2,-4.3,0.21,OK
F07692,2027-02-08 16:10,G4,3.7,0,3.7,-4.3,0.21,OK
F07693,2027-02-08 16:10,G5,8.3,2,6.3,-4.3,0.16,OK
F07694,2027-02-08 16:10,G6,186.8,187,-0.2,-4.3,0.19,OK
F07695,2027-02-08 16:10,G7,-1.1,-2,0.9,-4.3,0.22,OK
F07696,2027-02-08 16:10,G8,4.1,0,4.1,-4.3,0.20,OK
F07697,2027-02-08 16:20,G1,20.4,0,20.4,-4.1,0.58,OK
F07698,2027-02-08 16:20,G2,23.9,1,22.9,-4.1,0.53,OK
F07699,2027-02-08 16:20,G3,22.0,-1,23.0,-4.1,0.56,OK
F07700,2027-02-08 16:20,G4,31.7,0,31.7,-4.1,0.53,OK
F07701,2027-02-08 16:20,G5,40.9,2,38.9,-4.1,0.55,OK
F07702,2027-02-08 16:20,G6,230.9,187,43.9,-4.1,0.55,OK
F07703,2027-02-08 16:20,G7,28.0,-2,30.0,-4.1,0.52,OK
F07704,2027-02-08 16:20,G8,19.5,0,19.5,-4.1,0.54,OK
F07705,2027-02-08 16:30,G1,4.5,0,4.5,-3.9,0.20,OK
F07706,2027-02-08 16:30,G2,4.6,1,3.6,-3.9,0.23,OK
F07707,2027-02-08 16:30,G3,5.7,-1,6.7,-3.9,0.23,OK
F07708,2027-02-08 16:30,G4,0.4,0,0.4,-3.9,0.20,OK
F07709,2027-02-08 16:30,G5,4.9,2,2.9,-3.9,0.22,OK
F07710,2027-02-08 16:30,G6,194.0,187,7.0,-3.9,0.18,OK
F07711,2027-02-08 16:30,G7,5.0,-2,7.0,-3.9,0.18,OK
F07712,2027-02-08 16:30,G8,6.0,0,6.0,-3.9,0.18,OK
F07713,2027-02-08 16:40,G1,28.1,0,28.1,-3.7,0.74,OK
F07714,2027-02-08 16:40,G2,36.4,1,35.4,-3.7,0.68,OK
F07715,2027-02-08 16:40,G3,34.4,-1,35.4,-3.7,0.73,OK
F07716,2027-02-08 16:40,G4,46.9,0,46.9,-3.7,0.73,OK
F07717,2027-02-08 16:40,G5,58.5,2,56.5,-3.7,0.68,OK
F07718,2027-02-08 16:40,G6,250.9,187,63.9,-3.7,0.71,OK
F07719,2027-02-08 16:40,G7,35.1,-2,37.1,-3.7,0.68,OK
F07720,2027-02-08 16:40,G8,28.8,0,28.8,-3.7,0.68,OK
F07721,2027-02-08 16:50,G1,0.5,0,0.5,-3.5,0.22,OK
F07722,2027-02-08 16:50,G2,2.6,1,1.6,-3.5,0.18,OK
F07723,2027-02-08 16:50,G3,-1.6,-1,-0.6,-3.5,0.22,OK
F07724,2027-02-08 16:50,G4,6.6,0,6.6,-3.5,0.17,OK
F07725,2027-02-08 16:50,G5,8.4,2,6.4,-3.5,0.21,OK
F07726,2027-02-08 16:50,G6,192.5,187,5.5,-3.5,0.18,OK
F07727,2027-02-08 16:50,G7,3.0,-2,5.0,-3.5,0.16,OK
F07728,2027-02-08 16:50,G8,1.5,0,1.5,-3.5,0.23,OK
F07729,2027-02-08 17:00,G1,36.6,0,36.6,-3.3,1.02,OK
F07730,2027-02-08 17:00,G2,50.9,1,49.9,-3.3,1.09,OK
F07731,2027-02-08 17:00,G3,56.7,-1,57.7,-3.3,1.06,OK
F07732,2027-02-08 17:00,G4,71.2,0,71.2,-3.3,1.09,OK
F07733,2027-02-08 17:00,G5,88.8,2,86.8,-3.3,1.08,OK
F07734,2027-02-08 17:00,G6,290.1,187,103.1,-3.3,1.03,OK
F07735,2027-02-08 17:00,G7,70.1,-2,72.1,-3.3,1.07,OK
F07736,2027-02-08 17:00,G8,47.9,0,47.9,-3.3,1.04,OK
F07737,2027-02-08 17:10,G1,6.6,0,6.6,-3.1,0.23,OK
F07738,2027-02-08 17:10,G2,8.9,1,7.9,-3.1,0.20,OK
F07739,2027-02-08 17:10,G3,2.1,-1,3.1,-3.1,0.20,OK
F07740,2027-02-08 17:10,G4,2.5,0,2.5,-3.1,0.20,OK
F07741,2027-02-08 17:10,G5,7.1,2,5.1,-3.1,0.18,OK
F07742,2027-02-08 17:10,G6,191.5,187,4.5,-3.1,0.17,OK
F07743,2027-02-08 17:10,G7,3.7,-2,5.7,-3.1,0.22,OK
F07744,2027-02-08 17:10,G8,8.7,0,8.7,-3.1,0.23,OK
F07745,2027-02-08 17:20,G1,26.1,0,26.1,-2.9,0.58,OK
F07746,2027-02-08 17:20,G2,27.1,1,26.1,-2.9,0.59,OK
F07747,2027-02-08 17:20,G3,26.8,-1,27.8,-2.9,0.64,OK
F07748,2027-02-08 17:20,G4,41.5,0,41.5,-2.9,0.56,OK
F07749,2027-02-08 17:20,G5,43.9,2,41.9,-2.9,0.63,OK
F07750,2027-02-08 17:20,G6,237.8,187,50.8,-2.9,0.61,OK
F07751,2027-02-08 17:20,G7,33.5,-2,35.5,-2.9,0.60,OK
F07752,2027-02-08 17:20,G8,21.6,0,21.6,-2.9,0.63,OK
F07753,2027-02-08 17:30,G1,2.8,0,2.8,-2.8,0.18,OK
F07754,2027-02-08 17:30,G2,3.0,1,2.0,-2.8,0.19,OK
F07755,2027-02-08 17:30,G3,2.5,-1,3.5,-2.8,0.22,OK
F07756,2027-02-08 17:30,G4,5.4,0,5.4,-2.8,0.19,OK
F07757,2027-02-08 17:30,G5,7.9,2,5.9,-2.8,0.18,OK
F07758,2027-02-08 17:30,G6,196.2,187,9.2,-2.8,0.20,OK
F07759,2027-02-08 17:30,G7,5.6,-2,7.6,-2.8,0.17,OK
F07760,2027-02-08 17:30,G8,9.8,0,9.8,-2.8,0.18,OK
F07761,2027-02-08 17:40,G1,30.5,0,30.5,-2.6,0.75,OK
F07762,2027-02-08 17:40,G2,35.3,1,34.3,-2.6,0.76,OK
F07763,2027-02-08 17:40,G3,37.9,-1,38.9,-2.6,0.81,OK
F07764,2027-02-08 17:40,G4,57.5,0,57.5,-2.6,0.81,OK
F07765,2027-02-08 17:40,G5,66.4,2,64.4,-2.6,0.74,OK
F07766,2027-02-08 17:40,G6,263.8,187,76.8,-2.6,0.74,OK
F07767,2027-02-08 17:40,G7,43.4,-2,45.4,-2.6,0.81,OK
F07768,2027-02-08 17:40,G8,38.1,0,38.1,-2.6,0.74,OK
F07769,2027-02-08 17:50,G1,5.6,0,5.6,-2.5,0.17,OK
F07770,2027-02-08 17:50,G2,6.9,1,5.9,-2.5,0.24,OK
F07771,2027-02-08 17:50,G3,7.9,-1,8.9,-2.5,0.23,OK
F07772,2027-02-08 17:50,G4,5.6,0,5.6,-2.5,0.18,OK
F07773,2027-02-08 17:50,G5,5.2,2,3.2,-2.5,0.17,OK
F07774,2027-02-08 17:50,G6,194.7,187,7.7,-2.5,0.16,OK
F07775,2027-02-08 17:50,G7,2.2,-2,4.2,-2.5,0.21,OK
F07776,2027-02-08 17:50,G8,8.0,0,8.0,-2.5,0.19,OK
F07777,2027-02-08 18:00,G1,46.8,0,46.8,-2.3,1.15,OK
F07778,2027-02-08 18:00,G2,56.3,1,55.3,-2.3,1.14,OK
F07779,2027-02-08 18:00,G3,61.3,-1,62.3,-2.3,1.11,OK
F07780,2027-02-08 18:00,G4,78.0,0,78.0,-2.3,1.15,OK
F07781,2027-02-08 18:00,G5,95.6,2,93.6,-2.3,1.12,OK
F07782,2027-02-08 18:00,G6,296.1,187,109.1,-2.3,1.14,OK
F07783,2027-02-08 18:00,G7,73.5,-2,75.5,-2.3,1.15,OK
F07784,2027-02-08 18:00,G8,56.8,0,56.8,-2.3,1.08,OK
F07785,2027-02-08 18:10,G1,8.1,0,8.1,-2.2,0.23,OK
F07786,2027-02-08 18:10,G2,3.2,1,2.2,-2.2,0.17,OK
F07787,2027-02-08 18:10,G3,4.9,-1,5.9,-2.2,0.23,OK
F07788,2027-02-08 18:10,G4,3.0,0,3.0,-2.2,0.19,OK
F07789,2027-02-08 18:10,G5,8.1,2,6.1,-2.2,0.16,OK
F07790,2027-02-08 18:10,G6,197.3,187,10.3,-2.2,0.22,OK
F07791,2027-02-08 18:10,G7,7.6,-2,9.6,-2.2,0.19,OK
F07792,2027-02-08 18:10,G8,4.0,0,4.0,-2.2,0.23,OK
F07793,2027-02-08 18:20,G1,30.1,0,30.1,-2.1,0.66,OK
F07794,2027-02-08 18:20,G2,35.1,1,34.1,-2.1,0.63,OK
F07795,2027-02-08 18:20,G3,34.8,-1,35.8,-2.1,0.63,OK
F07796,2027-02-08 18:20,G4,46.9,0,46.9,-2.1,0.69,OK
F07797,2027-02-08 18:20,G5,57.1,2,55.1,-2.1,0.66,OK
F07798,2027-02-08 18:20,G6,247.3,187,60.3,-2.1,0.67,OK
F07799,2027-02-08 18:20,G7,36.7,-2,38.7,-2.1,0.64,OK
F07800,2027-02-08 18:20,G8,29.5,0,29.5,-2.1,0.69,OK
F07801,2027-02-08 18:30,G1,3.3,0,3.3,-2.0,0.17,OK
F07802,2027-02-08 18:30,G2,7.7,1,6.7,-2.0,0.19,OK
F07803,2027-02-08 18:30,G3,6.3,-1,7.3,-2.0,0.17,OK
F07804,2027-02-08 18:30,G4,9.6,0,9.6,-2.0,0.23,OK
F07805,2027-02-08 18:30,G5,8.0,2,6.0,-2.0,0.17,OK
F07806,2027-02-08 18:30,G6,193.1,187,6.1,-2.0,0.18,OK
F07807,2027-02-08 18:30,G7,11.1,-2,13.1,-2.0,0.17,OK
F07808,2027-02-08 18:30,G8,7.8,0,7.8,-2.0,0.16,OK
F07809,2027-02-08 18:40,G1,33.1,0,33.1,-1.9,0.87,OK
F07810,2027-02-08 18:40,G2,41.2,1,40.2,-1.9,0.81,OK
F07811,2027-02-08 18:40,G3,48.6,-1,49.6,-1.9,0.83,OK
F07812,2027-02-08 18:40,G4,59.7,0,59.7,-1.9,0.82,OK
F07813,2027-02-08 18:40,G5,76.5,2,74.5,-1.9,0.87,OK
F07814,2027-02-08 18:40,G6,271.2,187,84.2,-1.9,0.86,OK
F07815,2027-02-08 18:40,G7,52.8,-2,54.8,-1.9,0.81,OK
F07816,2027-02-08 18:40,G8,41.1,0,41.1,-1.9,0.86,OK
F07817,2027-02-08 18:50,G1,7.5,0,7.5,-1.8,0.21,OK
F07818,2027-02-08 18:50,G2,8.6,1,7.6,-1.8,0.16,OK
F07819,2027-02-08 18:50,G3,6.9,-1,7.9,-1.8,0.22,OK
F07820,2027-02-08 18:50,G4,8.7,0,8.7,-1.8,0.17,OK
F07821,2027-02-08 18:50,G5,9.9,2,7.9,-1.8,0.21,OK
F07822,2027-02-08 18:50,G6,200.0,187,13.0,-1.8,0.17,OK
F07823,2027-02-08 18:50,G7,3.1,-2,5.1,-1.8,0.19,OK
F07824,2027-02-08 18:50,G8,13.9,0,13.9,-1.8,0.21,OK
F07825,2027-02-08 19:00,G1,22.3,0,22.3,-1.7,0.53,OK
F07826,2027-02-08 19:00,G2,25.0,1,24.0,-1.7,0.52,OK
F07827,2027-02-08 19:00,G3,31.3,-1,32.3,-1.7,0.51,OK
F07828,2027-02-08 19:00,G4,40.6,0,40.6,-1.7,0.57,OK
F07829,2027-02-08 19:00,G5,45.8,2,43.8,-1.7,0.51,OK
F07830,2027-02-08 19:00,G6,239.3,187,52.3,-1.7,0.58,OK
F07831,2027-02-08 19:00,G7,35.0,-2,37.0,-1.7,0.54,OK
F07832,2027-02-08 19:00,G8,23.9,0,23.9,-1.7,0.52,OK
F07833,2027-02-08 19:10,G1,4.1,0,4.1,-1.7,0.17,OK
F07834,2027-02-08 19:10,G2,6.8,1,5.8,-1.7,0.20,OK
F07835,2027-02-08 19:10,G3,3.6,-1,4.6,-1.7,0.18,OK
F07836,2027-02-08 19:10,G4,4.5,0,4.5,-1.7,0.21,OK
F07837,2027-02-08 19:10,G5,8.9,2,6.9,-1.7,0.17,OK
F07838,2027-02-08 19:10,G6,199.4,187,12.4,-1.7,0.23,OK
F07839,2027-02-08 19:10,G7,9.5,-2,11.5,-1.7,0.21,OK
F07840,2027-02-08 19:10,G8,14.3,0,14.3,-1.7,0.17,OK
F07841,2027-02-08 19:20,G1,26.2,0,26.2,-1.6,0.69,OK
F07842,2027-02-08 19:20,G2,34.8,1,33.8,-1.6,0.76,OK
F07843,2027-02-08 19:20,G3,40.1,-1,41.1,-1.6,0.74,OK
F07844,2027-02-08 19:20,G4,54.4,0,54.4,-1.6,0.72,OK
F07845,2027-02-08 19:20,G5,58.5,2,56.5,-1.6,0.68,OK
F07846,2027-02-08 19:20,G6,257.8,187,70.8,-1.6,0.74,OK
F07847,2027-02-08 19:20,G7,47.9,-2,49.9,-1.6,0.75,OK
F07848,2027-02-08 19:20,G8,33.2,0,33.2,-1.6,0.74,OK
F07849,2027-02-08 19:30,G1,8.2,0,8.2,-1.6,0.23,OK
F07850,2027-02-08 19:30,G2,11.4,1,10.4,-1.6,0.17,OK
F07851,2027-02-08 19:30,G3,8.9,-1,9.9,-1.6,0.21,OK
F07852,2027-02-08 19:30,G4,10.5,0,10.5,-1.6,0.20,OK
F07853,2027-02-08 19:30,G5,10.7,2,8.7,-1.6,0.22,OK
F07854,2027-02-08 19:30,G6,195.2,187,8.2,-1.6,0.23,OK
F07855,2027-02-08 19:30,G7,10.8,-2,12.8,-1.6,0.21,OK
F07856,2027-02-08 19:30,G8,11.2,0,11.2,-1.6,0.24,OK
F07857,2027-02-08 19:40,G1,33.8,0,33.8,-1.5,0.90,OK
F07858,2027-02-08 19:40,G2,43.1,1,42.1,-1.5,0.90,OK
F07859,2027-02-08 19:40,G3,57.2,-1,58.2,-1.5,0.92,OK
F07860,2027-02-08 19:40,G4,67.8,0,67.8,-1.5,0.93,OK
F07861,2027-02-08 19:40,G5,80.9,2,78.9,-1.5,0.89,OK
F07862,2027-02-08 19:40,G6,276.1,187,89.1,-1.5,0.92,OK
F07863,2027-02-08 19:40,G7,60.7,-2,62.7,-1.5,0.86,OK
F07864,2027-02-08 19:40,G8,47.3,0,47.3,-1.5,0.93,OK
F07865,2027-02-08 19:50,G1,3.4,0,3.4,-1.5,0.20,OK
F07866,2027-02-08 19:50,G2,9.6,1,8.6,-1.5,0.21,OK
F07867,2027-02-08 19:50,G3,9.4,-1,10.4,-1.5,0.20,OK
F07868,2027-02-08 19:50,G4,6.7,0,6.7,-1.5,0.20,OK
F07869,2027-02-08 19:50,G5,11.7,2,9.7,-1.5,0.18,OK
F07870,2027-02-08 19:50,G6,192.3,187,5.3,-1.5,0.23,OK
F07871,2027-02-08 19:50,G7,12.2,-2,14.2,-1.5,0.17,OK
F07872,2027-02-08 19:50,G8,7.3,0,7.3,-1.5,0.18,OK
F07873,2027-02-08 20:00,G1,22.5,0,22.5,-1.5,0.64,OK
F07874,2027-02-08 20:00,G2,32.1,1,31.1,-1.5,0.58,OK
F07875,2027-02-08 20:00,G3,36.8,-1,37.8,-1.5,0.59,OK
F07876,2027-02-08 20:00,G4,46.6,0,46.6,-1.5,0.63,OK
F07877,2027-02-08 20:00,G5,49.4,2,47.4,-1.5,0.61,OK
F07878,2027-02-08 20:00,G6,240.1,187,53.1,-1.5,0.65,OK
F07879,2027-02-08 20:00,G7,37.9,-2,39.9,-1.5,0.62,OK
F07880,2027-02-08 20:00,G8,34.8,0,34.8,-1.5,0.64,OK
F07881,2027-02-08 20:10,G1,5.1,0,5.1,-1.5,0.20,OK
F07882,2027-02-08 20:10,G2,9.1,1,8.1,-1.5,0.21,OK
F07883,2027-02-08 20:10,G3,3.3,-1,4.3,-1.5,0.21,OK
F07884,2027-02-08 20:10,G4,10.1,0,10.1,-1.5,0.18,OK
F07885,2027-02-08 20:10,G5,14.4,2,12.4,-1.5,0.21,OK
F07886,2027-02-08 20:10,G6,197.3,187,10.3,-1.5,0.20,OK
F07887,2027-02-08 20:10,G7,10.2,-2,12.2,-1.5,0.17,OK
F07888,2027-02-08 20:10,G8,12.1,0,12.1,-1.5,0.23,OK
F07889,2027-02-08 20:20,G1,29.1,0,29.1,-1.5,0.75,OK
F07890,2027-02-08 20:20,G2,41.4,1,40.4,-1.5,0.81,OK
F07891,2027-02-08 20:20,G3,40.9,-1,41.9,-1.5,0.82,OK
F07892,2027-02-08 20:20,G4,60.3,0,60.3,-1.5,0.80,OK
F07893,2027-02-08 20:20,G5,72.0,2,70.0,-1.5,0.80,OK
F07894,2027-02-08 20:20,G6,264.0,187,77.0,-1.5,0.79,OK
F07895,2027-02-08 20:20,G7,55.2,-2,57.2,-1.5,0.76,OK
F07896,2027-02-08 20:20,G8,41.0,0,41.0,-1.5,0.77,OK
F07897,2027-02-08 20:30,G1,3.9,0,3.9,-1.6,0.24,OK
F07898,2027-02-08 20:30,G2,9.0,1,8.0,-1.6,0.23,OK
F07899,2027-02-08 20:30,G3,9.2,-1,10.2,-1.6,0.21,OK
F07900,2027-02-08 20:30,G4,10.2,0,10.2,-1.6,0.18,OK
F07901,2027-02-08 20:30,G5,9.0,2,7.0,-1.6,0.17,OK
F07902,2027-02-08 20:30,G6,198.4,187,11.4,-1.6,0.22,OK
F07903,2027-02-08 20:30,G7,5.8,-2,7.8,-1.6,0.24,OK
F07904,2027-02-08 20:30,G8,8.8,0,8.8,-1.6,0.19,OK
F07905,2027-02-08 20:40,G1,38.6,0,38.6,-1.6,0.95,OK
F07906,2027-02-08 20:40,G2,49.8,1,48.8,-1.6,0.99,OK
F07907,2027-02-08 20:40,G3,57.5,-1,58.5,-1.6,0.95,OK
F07908,2027-02-08 20:40,G4,69.2,0,69.2,-1.6,0.97,OK
F07909,2027-02-08 20:40,G5,90.1,2,88.1,-1.6,0.97,OK
F07910,2027-02-08 20:40,G6,279.7,187,92.7,-1.6,0.97,OK
F07911,2027-02-08 20:40,G7,62.6,-2,64.6,-1.6,0.97,OK
F07912,2027-02-08 20:40,G8,46.6,0,46.6,-1.6,0.98,OK
F07913,2027-02-08 20:50,G1,2.8,0,2.8,-1.7,0.24,OK
F07914,2027-02-08 20:50,G2,12.0,1,11.0,-1.7,0.23,OK
F07915,2027-02-08 20:50,G3,9.0,-1,10.0,-1.7,0.18,OK
F07916,2027-02-08 20:50,G4,9.4,0,9.4,-1.7,0.20,OK
F07917,2027-02-08 20:50,G5,11.7,2,9.7,-1.7,0.21,OK
F07918,2027-02-08 20:50,G6,191.8,187,4.8,-1.7,0.20,OK
F07919,2027-02-08 20:50,G7,6.8,-2,8.8,-1.7,0.17,OK
F07920,2027-02-08 20:50,G8,5.9,0,5.9,-1.7,0.22,OK
F07921,2027-02-08 21:00,G1,29.3,0,29.3,-1.7,0.65,OK
F07922,2027-02-08 21:00,G2,33.2,1,32.2,-1.7,0.64,OK
F07923,2027-02-08 21:00,G3,33.3,-1,34.3,-1.7,0.68,OK
F07924,2027-02-08 21:00,G4,48.7,0,48.7,-1.7,0.68,OK
F07925,2027-02-08 21:00,G5,56.0,2,54.0,-1.7,0.63,OK
F07926,2027-02-08 21:00,G6,247.3,187,60.3,-1.7,0.70,OK
F07927,2027-02-08 21:00,G7,43.4,-2,45.4,-1.7,0.64,OK
F07928,2027-02-08 21:00,G8,30.6,0,30.6,-1.7,0.64,OK
F07929,2027-02-08 21:10,G1,8.0,0,8.0,-1.8,0.22,OK
F07930,2027-02-08 21:10,G2,8.0,1,7.0,-1.8,0.23,OK
F07931,2027-02-08 21:10,G3,7.3,-1,8.3,-1.8,0.22,OK
F07932,2027-02-08 21:10,G4,5.3,0,5.3,-1.8,0.21,OK
F07933,2027-02-08 21:10,G5,7.3,2,5.3,-1.8,0.17,OK
F07934,2027-02-08 21:10,G6,192.9,187,5.9,-1.8,0.23,OK
F07935,2027-02-08 21:10,G7,8.9,-2,10.9,-1.8,0.17,OK
F07936,2027-02-08 21:10,G8,6.3,0,6.3,-1.8,0.21,OK
F07937,2027-02-08 21:20,G1,36.1,0,36.1,-1.9,0.81,OK
F07938,2027-02-08 21:20,G2,44.7,1,43.7,-1.9,0.88,OK
F07939,2027-02-08 21:20,G3,44.7,-1,45.7,-1.9,0.83,OK
F07940,2027-02-08 21:20,G4,61.4,0,61.4,-1.9,0.83,OK
F07941,2027-02-08 21:20,G5,70.4,2,68.4,-1.9,0.82,OK
F07942,2027-02-08 21:20,G6,265.5,187,78.5,-1.9,0.81,OK
F07943,2027-02-08 21:20,G7,50.9,-2,52.9,-1.9,0.88,OK
F07944,2027-02-08 21:20,G8,44.2,0,44.2,-1.9,0.81,OK
F07945,2027-02-08 21:30,G1,6.5,0,6.5,-2.0,0.23,OK
F07946,2027-02-08 21:30,G2,6.0,1,5.0,-2.0,0.20,OK
F07947,2027-02-08 21:30,G3,2.1,-1,3.1,-2.0,0.17,OK
F07948,2027-02-08 21:30,G4,8.0,0,8.0,-2.0,0.19,OK
F07949,2027-02-08 21:30,G5,13.8,2,11.8,-2.0,0.23,OK
F07950,2027-02-08 21:30,G6,192.5,187,5.5,-2.0,0.23,OK
F07951,2027-02-08 21:30,G7,8.7,-2,10.7,-2.0,0.21,OK
F07952,2027-02-08 21:30,G8,11.2,0,11.2,-2.0,0.20,OK
F07953,2027-02-08 21:40,G1,38.4,0,38.4,-2.1,1.04,OK
F07954,2027-02-08 21:40,G2,53.1,1,52.1,-2.1,1.00,OK
F07955,2027-02-08 21:40,G3,61.7,-1,62.7,-2.1,1.05,OK
F07956,2027-02-08 21:40,G4,75.7,0,75.7,-2.1,1.05,OK
F07957,2027-02-08 21:40,G5,86.0,2,84.0,-2.1,1.05,OK
F07958,2027-02-08 21:40,G6,292.0,187,105.0,-2.1,1.02,OK
F07959,2027-02-08 21:40,G7,63.0,-2,65.0,-2.1,1.01,OK
F07960,2027-02-08 21:40,G8,51.1,0,51.1,-2.1,1.00,OK
F07961,2027-02-08 21:50,G1,4.8,0,4.8,-2.2,0.22,OK
F07962,2027-02-08 21:50,G2,3.0,1,2.0,-2.2,0.19,OK
F07963,2027-02-08 21:50,G3,3.5,-1,4.5,-2.2,0.20,OK
F07964,2027-02-08 21:50,G4,5.4,0,5.4,-2.2,0.21,OK
F07965,2027-02-08 21:50,G5,7.3,2,5.3,-2.2,0.18,OK
F07966,2027-02-08 21:50,G6,195.7,187,8.7,-2.2,0.21,OK
F07967,2027-02-08 21:50,G7,3.5,-2,5.5,-2.2,0.20,OK
F07968,2027-02-08 21:50,G8,10.6,0,10.6,-2.2,0.20,OK
F07969,2027-02-08 22:00,G1,2.3,0,2.3,-2.3,0.23,OK
F07970,2027-02-08 22:00,G2,8.2,1,7.2,-2.3,0.20,OK
F07971,2027-02-08 22:00,G3,9.8,-1,10.8,-2.3,0.21,OK
F07972,2027-02-08 22:00,G4,6.4,0,6.4,-2.3,0.20,OK
F07973,2027-02-08 22:00,G5,10.8,2,8.8,-2.3,0.18,OK
F07974,2027-02-08 22:00,G6,197.2,187,10.2,-2.3,0.18,OK
F07975,2027-02-08 22:00,G7,3.8,-2,5.8,-2.3,0.21,OK
F07976,2027-02-08 22:00,G8,7.6,0,7.6,-2.3,0.23,OK
F07977,2027-02-08 22:10,G1,6.9,0,6.9,-2.5,0.21,OK
F07978,2027-02-08 22:10,G2,11.0,1,10.0,-2.5,0.20,OK
F07979,2027-02-08 22:10,G3,0.8,-1,1.8,-2.5,0.21,OK
F07980,2027-02-08 22:10,G4,6.6,0,6.6,-2.5,0.21,OK
F07981,2027-02-08 22:10,G5,9.8,2,7.8,-2.5,0.22,OK
F07982,2027-02-08 22:10,G6,193.0,187,6.0,-2.5,0.21,OK
F07983,2027-02-08 22:10,G7,3.0,-2,5.0,-2.5,0.22,OK
F07984,2027-02-08 22:10,G8,10.9,0,10.9,-2.5,0.22,OK
F07985,2027-02-08 22:20,G1,7.6,0,7.6,-2.6,0.16,OK
F07986,2027-02-08 22:20,G2,6.8,1,5.8,-2.6,0.18,OK
F07987,2027-02-08 22:20,G3,0.7,-1,1.7,-2.6,0.17,OK
F07988,2027-02-08 22:20,G4,1.7,0,1.7,-2.6,0.19,OK
F07989,2027-02-08 22:20,G5,11.8,2,9.8,-2.6,0.19,OK
F07990,2027-02-08 22:20,G6,193.0,187,6.0,-2.6,0.16,OK
F07991,2027-02-08 22:20,G7,5.3,-2,7.3,-2.6,0.23,OK
F07992,2027-02-08 22:20,G8,11.3,0,11.3,-2.6,0.19,OK
F07993,2027-02-08 22:30,G1,6.6,0,6.6,-2.8,0.17,OK
F07994,2027-02-08 22:30,G2,6.3,1,5.3,-2.8,0.21,OK
F07995,2027-02-08 22:30,G3,4.9,-1,5.9,-2.8,0.22,OK
F07996,2027-02-08 22:30,G4,1.6,0,1.6,-2.8,0.18,OK
F07997,2027-02-08 22:30,G5,6.1,2,4.1,-2.8,0.19,OK
F07998,2027-02-08 22:30,G6,191.5,187,4.5,-2.8,0.23,OK
F07999,2027-02-08 22:30,G7,6.2,-2,8.2,-2.8,0.18,OK
F08000,2027-02-08 22:30,G8,5.8,0,5.8,-2.8,0.23,OK
F08001,2027-02-08 22:40,G1,5.6,0,5.6,-2.9,0.18,OK
F08002,2027-02-08 22:40,G2,4.8,1,3.8,-2.9,0.19,OK
F08003,2027-02-08 22:40,G3,7.2,-1,8.2,-2.9,0.20,OK
F08004,2027-02-08 22:40,G4,2.5,0,2.5,-2.9,0.21,OK
F08005,2027-02-08 22:40,G5,3.0,2,1.0,-2.9,0.22,OK
F08006,2027-02-08 22:40,G6,193.7,187,6.7,-2.9,0.23,OK
F08007,2027-02-08 22:40,G7,0.3,-2,2.3,-2.9,0.19,OK
F08008,2027-02-08 22:40,G8,9.4,0,9.4,-2.9,0.19,OK
F08009,2027-02-08 22:50,G1,3.7,0,3.7,-3.1,0.23,OK
F08010,2027-02-08 22:50,G2,2.6,1,1.6,-3.1,0.16,OK
F08011,2027-02-08 22:50,G3,7.6,-1,8.6,-3.1,0.20,OK
F08012,2027-02-08 22:50,G4,8.8,0,8.8,-3.1,0.19,OK
F08013,2027-02-08 22:50,G5,9.3,2,7.3,-3.1,0.20,OK
F08014,2027-02-08 22:50,G6,192.7,187,5.7,-3.1,0.16,OK
F08015,2027-02-08 22:50,G7,2.5,-2,4.5,-3.1,0.24,OK
F08016,2027-02-08 22:50,G8,1.7,0,1.7,-3.1,0.23,OK
F08017,2027-02-08 23:00,G1,4.3,0,4.3,-3.3,0.23,OK
F08018,2027-02-08 23:00,G2,1.3,1,0.3,-3.3,0.19,OK
F08019,2027-02-08 23:00,G3,7.2,-1,8.2,-3.3,0.23,OK
F08020,2027-02-08 23:00,G4,0.1,0,0.1,-3.3,0.17,OK
F08021,2027-02-08 23:00,G5,3.7,2,1.7,-3.3,0.22,OK
F08022,2027-02-08 23:00,G6,196.0,187,9.0,-3.3,0.19,OK
F08023,2027-02-08 23:00,G7,-0.1,-2,1.9,-3.3,0.20,OK
F08024,2027-02-08 23:00,G8,5.9,0,5.9,-3.3,0.17,OK
F08025,2027-02-08 23:10,G1,1.9,0,1.9,-3.5,0.19,OK
F08026,2027-02-08 23:10,G2,3.8,1,2.8,-3.5,0.21,OK
F08027,2027-02-08 23:10,G3,5.2,-1,6.2,-3.5,0.21,OK
F08028,2027-02-08 23:10,G4,1.3,0,1.3,-3.5,0.23,OK
F08029,2027-02-08 23:10,G5,3.5,2,1.5,-3.5,0.18,OK
F08030,2027-02-08 23:10,G6,195.1,187,8.1,-3.5,0.23,OK
F08031,2027-02-08 23:10,G7,-0.8,-2,1.2,-3.5,0.19,OK
F08032,2027-02-08 23:10,G8,1.0,0,1.0,-3.5,0.22,OK
F08033,2027-02-08 23:20,G1,-0.5,0,-0.5,-3.7,0.19,OK
F08034,2027-02-08 23:20,G2,-0.4,1,-1.4,-3.7,0.16,OK
F08035,2027-02-08 23:20,G3,3.7,-1,4.7,-3.7,0.21,OK
F08036,2027-02-08 23:20,G4,0.8,0,0.8,-3.7,0.22,OK
F08037,2027-02-08 23:20,G5,2.2,2,0.2,-3.7,0.21,OK
F08038,2027-02-08 23:20,G6,190.3,187,3.3,-3.7,0.23,OK
F08039,2027-02-08 23:20,G7,1.2,-2,3.2,-3.7,0.21,OK
F08040,2027-02-08 23:20,G8,0.6,0,0.6,-3.7,0.16,OK
F08041,2027-02-08 23:30,G1,3.5,0,3.5,-3.9,0.22,OK
F08042,2027-02-08 23:30,G2,3.7,1,2.7,-3.9,0.16,OK
F08043,2027-02-08 23:30,G3,3.8,-1,4.8,-3.9,0.24,OK
F08044,2027-02-08 23:30,G4,-1.5,0,-1.5,-3.9,0.19,OK
F08045,2027-02-08 23:30,G5,6.3,2,4.3,-3.9,0.24,OK
F08046,2027-02-08 23:30,G6,193.3,187,6.3,-3.9,0.17,OK
F08047,2027-02-08 23:30,G7,2.0,-2,4.0,-3.9,0.17,OK
F08048,2027-02-08 23:30,G8,7.6,0,7.6,-3.9,0.23,OK
F08049,2027-02-08 23:40,G1,3.1,0,3.1,-4.1,0.23,OK
F08050,2027-02-08 23:40,G2,2.9,1,1.9,-4.1,0.18,OK
F08051,2027-02-08 23:40,G3,0.2,-1,1.2,-4.1,0.22,OK
F08052,2027-02-08 23:40,G4,-0.5,0,-0.5,-4.1,0.17,OK
F08053,2027-02-08 23:40,G5,1.5,2,-0.5,-4.1,0.18,OK
F08054,2027-02-08 23:40,G6,193.5,187,6.5,-4.1,0.23,OK
F08055,2027-02-08 23:40,G7,0.6,-2,2.6,-4.1,0.22,OK
F08056,2027-02-08 23:40,G8,2.7,0,2.7,-4.1,0.18,OK
F08057,2027-02-08 23:50,G1,3.5,0,3.5,-4.3,0.17,OK
F08058,2027-02-08 23:50,G2,2.5,1,1.5,-4.3,0.19,OK
F08059,2027-02-08 23:50,G3,3.2,-1,4.2,-4.3,0.19,OK
F08060,2027-02-08 23:50,G4,5.4,0,5.4,-4.3,0.16,OK
F08061,2027-02-08 23:50,G5,2.2,2,0.2,-4.3,0.17,OK
F08062,2027-02-08 23:50,G6,189.5,187,2.5,-4.3,0.23,OK
F08063,2027-02-08 23:50,G7,0.7,-2,2.7,-4.3,0.19,OK
F08064,2027-02-08 23:50,G8,-0.1,0,-0.1,-4.3,0.18,OK
F08065,2027-02-09 00:00,G1,1.8,0,1.8,-4.4,0.20,OK
F08066,2027-02-09 00:00,G2,6.6,1,5.6,-4.4,0.18,OK
F08067,2027-02-09 00:00,G3,-3.4,-1,-2.4,-4.4,0.17,OK
F08068,2027-02-09 00:00,G4,-0.1,0,-0.1,-4.4,0.22,OK
F08069,2027-02-09 00:00,G5,3.3,2,1.3,-4.4,0.23,OK
F08070,2027-02-09 00:00,G6,187.0,187,0.0,-4.4,0.19,OK
F08071,2027-02-09 00:00,G7,-1.7,-2,0.3,-4.4,0.16,OK
F08072,2027-02-09 00:00,G8,6.1,0,6.1,-4.4,0.18,OK
F08073,2027-02-09 00:10,G1,3.1,0,3.1,-4.7,0.17,OK
F08074,2027-02-09 00:10,G2,2.3,1,1.3,-4.7,0.17,OK
F08075,2027-02-09 00:10,G3,-0.9,-1,0.1,-4.7,0.21,OK
F08076,2027-02-09 00:10,G4,5.2,0,5.2,-4.7,0.18,OK
F08077,2027-02-09 00:10,G5,2.0,2,0.0,-4.7,0.22,OK
F08078,2027-02-09 00:10,G6,190.8,187,3.8,-4.7,0.23,OK
F08079,2027-02-09 00:10,G7,0.9,-2,2.9,-4.7,0.18,OK
F08080,2027-02-09 00:10,G8,3.3,0,3.3,-4.7,0.22,OK
F08081,2027-02-09 00:20,G1,4.2,0,4.2,-4.9,0.19,OK
F08082,2027-02-09 00:20,G2,-3.1,1,-4.1,-4.9,0.22,OK
F08083,2027-02-09 00:20,G3,-3.2,-1,-2.2,-4.9,0.16,OK
F08084,2027-02-09 00:20,G4,-0.7,0,-0.7,-4.9,0.18,OK
F08085,2027-02-09 00:20,G5,4.2,2,2.2,-4.9,0.22,OK
F08086,2027-02-09 00:20,G6,189.0,187,2.0,-4.9,0.19,OK
F08087,2027-02-09 00:20,G7,-0.8,-2,1.2,-4.9,0.22,OK
F08088,2027-02-09 00:20,G8,0.3,0,0.3,-4.9,0.22,OK
F08089,2027-02-09 00:30,G1,2.0,0,2.0,-5.1,0.17,OK
F08090,2027-02-09 00:30,G2,-2.3,1,-3.3,-5.1,0.19,OK
F08091,2027-02-09 00:30,G3,-1.1,-1,-0.1,-5.1,0.17,OK
F08092,2027-02-09 00:30,G4,3.2,0,3.2,-5.1,0.22,OK
F08093,2027-02-09 00:30,G5,-1.9,2,-3.9,-5.1,0.19,OK
F08094,2027-02-09 00:30,G6,189.2,187,2.2,-5.1,0.23,OK
F08095,2027-02-09 00:30,G7,-3.0,-2,-1.0,-5.1,0.16,OK
F08096,2027-02-09 00:30,G8,-1.0,0,-1.0,-5.1,0.16,OK
F08097,2027-02-09 00:40,G1,0.2,0,0.2,-5.4,0.19,OK
F08098,2027-02-09 00:40,G2,0.8,1,-0.2,-5.4,0.20,OK
F08099,2027-02-09 00:40,G3,-2.7,-1,-1.7,-5.4,0.17,OK
F08100,2027-02-09 00:40,G4,0.2,0,0.2,-5.4,0.17,OK
F08101,2027-02-09 00:40,G5,3.3,2,1.3,-5.4,0.17,OK
F08102,2027-02-09 00:40,G6,188.1,187,1.1,-5.4,0.23,OK
F08103,2027-02-09 00:40,G7,0.1,-2,2.1,-5.4,0.19,OK
F08104,2027-02-09 00:40,G8,-1.2,0,-1.2,-5.4,0.20,OK
F08105,2027-02-09 00:50,G1,-0.0,0,-0.0,-5.6,0.22,OK
F08106,2027-02-09 00:50,G2,3.9,1,2.9,-5.6,0.22,OK
F08107,2027-02-09 00:50,G3,-4.3,-1,-3.3,-5.6,0.19,OK
F08108,2027-02-09 00:50,G4,-0.9,0,-0.9,-5.6,0.24,OK
F08109,2027-02-09 00:50,G5,0.7,2,-1.3,-5.6,0.23,OK
F08110,2027-02-09 00:50,G6,185.6,187,-1.4,-5.6,0.22,OK
F08111,2027-02-09 00:50,G7,-7.3,-2,-5.3,-5.6,0.21,OK
F08112,2027-02-09 00:50,G8,-3.1,0,-3.1,-5.6,0.20,OK
F08113,2027-02-09 01:00,G1,-4.3,0,-4.3,-5.9,0.23,OK
F08114,2027-02-09 01:00,G2,-4.6,1,-5.6,-5.9,0.18,OK
F08115,2027-02-09 01:00,G3,-0.8,-1,0.2,-5.9,0.21,OK
F08116,2027-02-09 01:00,G4,-0.8,0,-0.8,-5.9,0.17,OK
F08117,2027-02-09 01:00,G5,2.4,2,0.4,-5.9,0.21,OK
F08118,2027-02-09 01:00,G6,185.8,187,-1.2,-5.9,0.19,OK
F08119,2027-02-09 01:00,G7,-1.1,-2,0.9,-5.9,0.19,OK
F08120,2027-02-09 01:00,G8,-6.7,0,-6.7,-5.9,0.20,OK
F08121,2027-02-09 01:10,G1,-5.5,0,-5.5,-6.1,0.23,OK
F08122,2027-02-09 01:10,G2,-3.8,1,-4.8,-6.1,0.18,OK
F08123,2027-02-09 01:10,G3,-5.1,-1,-4.1,-6.1,0.18,OK
F08124,2027-02-09 01:10,G4,-0.1,0,-0.1,-6.1,0.16,OK
F08125,2027-02-09 01:10,G5,-4.7,2,-6.7,-6.1,0.22,OK
F08126,2027-02-09 01:10,G6,183.4,187,-3.6,-6.1,0.18,OK
F08127,2027-02-09 01:10,G7,-6.5,-2,-4.5,-6.1,0.22,OK
F08128,2027-02-09 01:10,G8,-4.7,0,-4.7,-6.1,0.21,OK
F08129,2027-02-09 01:20,G1,-6.4,0,-6.4,-6.4,0.22,OK
F08130,2027-02-09 01:20,G2,1.0,1,-0.0,-6.4,0.21,OK
F08131,2027-02-09 01:20,G3,-4.6,-1,-3.6,-6.4,0.17,OK
F08132,2027-02-09 01:20,G4,1.0,0,1.0,-6.4,0.22,OK
F08133,2027-02-09 01:20,G5,0.6,2,-1.4,-6.4,0.18,OK
F08134,2027-02-09 01:20,G6,186.5,187,-0.5,-6.4,0.16,OK
F08135,2027-02-09 01:20,G7,-10.3,-2,-8.3,-6.4,0.18,OK
F08136,2027-02-09 01:20,G8,-6.7,0,-6.7,-6.4,0.20,OK
F08137,2027-02-09 01:30,G1,-6.3,0,-6.3,-6.7,0.18,OK
F08138,2027-02-09 01:30,G2,-2.2,1,-3.2,-6.7,0.23,OK
F08139,2027-02-09 01:30,G3,-6.4,-1,-5.4,-6.7,0.23,OK
F08140,2027-02-09 01:30,G4,-2.5,0,-2.5,-6.7,0.21,OK
F08141,2027-02-09 01:30,G5,-0.8,2,-2.8,-6.7,0.23,OK
F08142,2027-02-09 01:30,G6,184.8,187,-2.2,-6.7,0.16,OK
F08143,2027-02-09 01:30,G7,-5.9,-2,-3.9,-6.7,0.21,OK
F08144,2027-02-09 01:30,G8,-7.2,0,-7.2,-6.7,0.20,OK
F08145,2027-02-09 01:40,G1,-0.3,0,-0.3,-6.9,0.23,OK
F08146,2027-02-09 01:40,G2,-1.0,1,-2.0,-6.9,0.19,OK
F08147,2027-02-09 01:40,G3,-3.1,-1,-2.1,-6.9,0.19,OK
F08148,2027-02-09 01:40,G4,-8.5,0,-8.5,-6.9,0.21,OK
F08149,2027-02-09 01:40,G5,-2.2,2,-4.2,-6.9,0.23,OK
F08150,2027-02-09 01:40,G6,179.8,187,-7.2,-6.9,0.21,OK
F08151,2027-02-09 01:40,G7,-5.4,-2,-3.4,-6.9,0.23,OK
F08152,2027-02-09 01:40,G8,-1.8,0,-1.8,-6.9,0.17,OK
F08153,2027-02-09 01:50,G1,-5.7,0,-5.7,-7.2,0.17,OK
F08154,2027-02-09 01:50,G2,-7.9,1,-8.9,-7.2,0.19,OK
F08155,2027-02-09 01:50,G3,-6.9,-1,-5.9,-7.2,0.17,OK
F08156,2027-02-09 01:50,G4,-8.1,0,-8.1,-7.2,0.16,OK
F08157,2027-02-09 01:50,G5,-5.0,2,-7.0,-7.2,0.23,OK
F08158,2027-02-09 01:50,G6,177.3,187,-9.7,-7.2,0.21,OK
F08159,2027-02-09 01:50,G7,-5.4,-2,-3.4,-7.2,0.16,OK
F08160,2027-02-09 01:50,G8,-8.1,0,-8.1,-7.2,0.17,OK
F08161,2027-02-09 02:00,G1,-9.2,0,-9.2,-7.4,0.17,OK
F08162,2027-02-09 02:00,G2,-3.4,1,-4.4,-7.4,0.21,OK
F08163,2027-02-09 02:00,G3,-8.4,-1,-7.4,-7.4,0.21,OK
F08164,2027-02-09 02:00,G4,-10.3,0,-10.3,-7.4,0.22,OK
F08165,2027-02-09 02:00,G5,-2.5,2,-4.5,-7.4,0.24,OK
F08166,2027-02-09 02:00,G6,183.2,187,-3.8,-7.4,0.19,OK
F08167,2027-02-09 02:00,G7,-8.8,-2,-6.8,-7.4,0.16,OK
F08168,2027-02-09 02:00,G8,-4.2,0,-4.2,-7.4,0.21,OK
F08169,2027-02-09 02:10,G1,-4.8,0,-4.8,-7.7,0.21,OK
F08170,2027-02-09 02:10,G2,-0.6,1,-1.6,-7.7,0.18,OK
F08171,2027-02-09 02:10,G3,-11.0,-1,-10.0,-7.7,0.18,OK
F08172,2027-02-09 02:10,G4,-9.7,0,-9.7,-7.7,0.22,OK
F08173,2027-02-09 02:10,G5,-8.3,2,-10.3,-7.7,0.22,OK
F08174,2027-02-09 02:10,G6,178.7,187,-8.3,-7.7,0.19,OK
F08175,2027-02-09 02:10,G7,-9.7,-2,-7.7,-7.7,0.17,OK
F08176,2027-02-09 02:10,G8,-4.8,0,-4.8,-7.7,0.18,OK
F08177,2027-02-09 02:20,G1,-5.7,0,-5.7,-8.0,0.19,OK
F08178,2027-02-09 02:20,G2,-6.6,1,-7.6,-8.0,0.22,OK
F08179,2027-02-09 02:20,G3,-12.1,-1,-11.1,-8.0,0.19,OK
F08180,2027-02-09 02:20,G4,-3.9,0,-3.9,-8.0,0.23,OK
F08181,2027-02-09 02:20,G5,-1.8,2,-3.8,-8.0,0.16,OK
F08182,2027-02-09 02:20,G6,177.6,187,-9.4,-8.0,0.20,OK
F08183,2027-02-09 02:20,G7,-11.3,-2,-9.3,-8.0,0.18,OK
F08184,2027-02-09 02:20,G8,-10.2,0,-10.2,-8.0,0.21,OK
F08185,2027-02-09 02:30,G1,-5.3,0,-5.3,-8.2,0.17,OK
F08186,2027-02-09 02:30,G2,-2.5,1,-3.5,-8.2,0.22,OK
F08187,2027-02-09 02:30,G3,-9.3,-1,-8.3,-8.2,0.22,OK
F08188,2027-02-09 02:30,G4,-7.3,0,-7.3,-8.2,0.19,OK
F08189,2027-02-09 02:30,G5,-3.3,2,-5.3,-8.2,0.19,OK
F08190,2027-02-09 02:30,G6,179.7,187,-7.3,-8.2,0.17,OK
F08191,2027-02-09 02:30,G7,-10.2,-2,-8.2,-8.2,0.19,OK
F08192,2027-02-09 02:30,G8,-5.4,0,-5.4,-8.2,0.22,OK
F08193,2027-02-09 02:40,G1,-2.9,0,-2.9,-8.5,0.19,OK
F08194,2027-02-09 02:40,G2,-10.3,1,-11.3,-8.5,0.22,OK
F08195,2027-02-09 02:40,G3,-6.7,-1,-5.7,-8.5,0.21,OK
F08196,2027-02-09 02:40,G4,-6.0,0,-6.0,-8.5,0.17,OK
F08197,2027-02-09 02:40,G5,-5.4,2,-7.4,-8.5,0.24,OK
F08198,2027-02-09 02:40,G6,173.5,187,-13.5,-8.5,0.18,OK
F08199,2027-02-09 02:40,G7,-12.6,-2,-10.6,-8.5,0.18,OK
F08200,2027-02-09 02:40,G8,-12.4,0,-12.4,-8.5,0.24,OK
F08201,2027-02-09 02:50,G1,-7.2,0,-7.2,-8.7,0.17,OK
F08202,2027-02-09 02:50,G2,-10.7,1,-11.7,-8.7,0.18,OK
F08203,2027-02-09 02:50,G3,-8.9,-1,-7.9,-8.7,0.22,OK
F08204,2027-02-09 02:50,G4,-12.4,0,-12.4,-8.7,0.16,OK
F08205,2027-02-09 02:50,G5,-5.2,2,-7.2,-8.7,0.23,OK
F08206,2027-02-09 02:50,G6,177.9,187,-9.1,-8.7,0.18,OK
F08207,2027-02-09 02:50,G7,-14.6,-2,-12.6,-8.7,0.17,OK
F08208,2027-02-09 02:50,G8,-13.2,0,-13.2,-8.7,0.16,OK
F08209,2027-02-09 03:00,G1,-5.7,0,-5.7,-9.0,0.19,OK
F08210,2027-02-09 03:00,G2,-4.4,1,-5.4,-9.0,0.19,OK
F08211,2027-02-09 03:00,G3,-12.0,-1,-11.0,-9.0,0.23,OK
F08212,2027-02-09 03:00,G4,-8.5,0,-8.5,-9.0,0.23,OK
F08213,2027-02-09 03:00,G5,-4.5,2,-6.5,-9.0,0.20,OK
F08214,2027-02-09 03:00,G6,173.0,187,-14.0,-9.0,0.16,OK
F08215,2027-02-09 03:00,G7,-16.3,-2,-14.3,-9.0,0.24,OK
F08216,2027-02-09 03:00,G8,-13.0,0,-13.0,-9.0,0.23,OK
F08217,2027-02-09 03:10,G1,-10.8,0,-10.8,-9.2,0.18,OK
F08218,2027-02-09 03:10,G2,-5.8,1,-6.8,-9.2,0.24,OK
F08219,2027-02-09 03:10,G3,-6.7,-1,-5.7,-9.2,0.22,OK
F08220,2027-02-09 03:10,G4,-14.2,0,-14.2,-9.2,0.22,OK
F08221,2027-02-09 03:10,G5,-8.9,2,-10.9,-9.2,0.20,OK
F08222,2027-02-09 03:10,G6,177.1,187,-9.9,-9.2,0.20,OK
F08223,2027-02-09 03:10,G7,-11.6,-2,-9.6,-9.2,0.20,OK
F08224,2027-02-09 03:10,G8,-16.4,0,-16.4,-9.2,0.18,OK
F08225,2027-02-09 03:20,G1,-6.5,0,-6.5,-9.5,0.22,OK
F08226,2027-02-09 03:20,G2,-12.3,1,-13.3,-9.5,0.19,OK
F08227,2027-02-09 03:20,G3,-14.7,-1,-13.7,-9.5,0.18,OK
F08228,2027-02-09 03:20,G4,-14.8,0,-14.8,-9.5,0.21,OK
F08229,2027-02-09 03:20,G5,-11.7,2,-13.7,-9.5,0.16,OK
F08230,2027-02-09 03:20,G6,171.1,187,-15.9,-9.5,0.17,OK
F08231,2027-02-09 03:20,G7,-12.1,-2,-10.1,-9.5,0.18,OK
F08232,2027-02-09 03:20,G8,-11.9,0,-11.9,-9.5,0.18,OK
F08233,2027-02-09 03:30,G1,-10.2,0,-10.2,-9.7,0.16,OK
F08234,2027-02-09 03:30,G2,-7.6,1,-8.6,-9.7,0.21,OK
F08235,2027-02-09 03:30,G3,-9.4,-1,-8.4,-9.7,0.17,OK
F08236,2027-02-09 03:30,G4,-7.2,0,-7.2,-9.7,0.18,OK
F08237,2027-02-09 03:30,G5,-13.2,2,-15.2,-9.7,0.17,OK
F08238,2027-02-09 03:30,G6,175.6,187,-11.4,-9.7,0.22,OK
F08239,2027-02-09 03:30,G7,-17.8,-2,-15.8,-9.7,0.19,OK
F08240,2027-02-09 03:30,G8,-18.0,0,-18.0,-9.7,0.22,OK
F08241,2027-02-09 03:40,G1,-6.5,0,-6.5,-10.0,0.23,OK
F08242,2027-02-09 03:40,G2,-8.1,1,-9.1,-10.0,0.20,OK
F08243,2027-02-09 03:40,G3,-17.0,-1,-16.0,-10.0,0.21,OK
F08244,2027-02-09 03:40,G4,-13.1,0,-13.1,-10.0,0.21,OK
F08245,2027-02-09 03:40,G5,-11.7,2,-13.7,-10.0,0.19,OK
F08246,2027-02-09 03:40,G6,169.6,187,-17.4,-10.0,0.23,OK
F08247,2027-02-09 03:40,G7,-11.8,-2,-9.8,-10.0,0.18,OK
F08248,2027-02-09 03:40,G8,-12.2,0,-12.2,-10.0,0.20,OK
F08249,2027-02-09 03:50,G1,-6.6,0,-6.6,-10.2,0.20,OK
F08250,2027-02-09 03:50,G2,-6.8,1,-7.8,-10.2,0.23,OK
F08251,2027-02-09 03:50,G3,-11.9,-1,-10.9,-10.2,0.20,OK
F08252,2027-02-09 03:50,G4,-12.4,0,-12.4,-10.2,0.19,OK
F08253,2027-02-09 03:50,G5,-9.2,2,-11.2,-10.2,0.24,OK
F08254,2027-02-09 03:50,G6,169.8,187,-17.2,-10.2,0.17,OK
F08255,2027-02-09 03:50,G7,-18.9,-2,-16.9,-10.2,0.17,OK
F08256,2027-02-09 03:50,G8,-12.3,0,-12.3,-10.2,0.19,OK
F08257,2027-02-09 04:00,G1,-7.6,0,-7.6,-10.4,0.17,OK
F08258,2027-02-09 04:00,G2,-9.9,1,-10.9,-10.4,0.18,OK
F08259,2027-02-09 04:00,G3,-14.1,-1,-13.1,-10.4,0.18,OK
F08260,2027-02-09 04:00,G4,-13.8,0,-13.8,-10.4,0.22,OK
F08261,2027-02-09 04:00,G5,-9.9,2,-11.9,-10.4,0.19,OK
F08262,2027-02-09 04:00,G6,175.3,187,-11.7,-10.4,0.20,OK
F08263,2027-02-09 04:00,G7,-16.1,-2,-14.1,-10.4,0.17,OK
F08264,2027-02-09 04:00,G8,-15.8,0,-15.8,-10.4,0.24,OK
F08265,2027-02-09 04:10,G1,-10.3,0,-10.3,-10.7,0.21,OK
F08266,2027-02-09 04:10,G2,-10.2,1,-11.2,-10.7,0.16,OK
F08267,2027-02-09 04:10,G3,-17.0,-1,-16.0,-10.7,0.24,OK
F08268,2027-02-09 04:10,G4,-18.2,0,-18.2,-10.7,0.20,OK
F08269,2027-02-09 04:10,G5,-14.2,2,-16.2,-10.7,0.20,OK
F08270,2027-02-09 04:10,G6,167.9,187,-19.1,-10.7,0.21,OK
F08271,2027-02-09 04:10,G7,-18.6,-2,-16.6,-10.7,0.16,OK
F08272,2027-02-09 04:10,G8,-13.3,0,-13.3,-10.7,0.16,OK
F08273,2027-02-09 04:20,G1,-15.7,0,-15.7,-10.9,0.20,OK
F08274,2027-02-09 04:20,G2,-7.7,1,-8.7,-10.9,0.21,OK
F08275,2027-02-09 04:20,G3,-19.2,-1,-18.2,-10.9,0.23,OK
F08276,2027-02-09 04:20,G4,-18.1,0,-18.1,-10.9,0.22,OK
F08277,2027-02-09 04:20,G5,-11.6,2,-13.6,-10.9,0.17,OK
F08278,2027-02-09 04:20,G6,173.7,187,-13.3,-10.9,0.18,OK
F08279,2027-02-09 04:20,G7,-17.4,-2,-15.4,-10.9,0.19,OK
F08280,2027-02-09 04:20,G8,-16.7,0,-16.7,-10.9,0.19,OK
F08281,2027-02-09 04:30,G1,-12.6,0,-12.6,-11.1,0.23,OK
F08282,2027-02-09 04:30,G2,-12.3,1,-13.3,-11.1,0.20,OK
F08283,2027-02-09 04:30,G3,-11.5,-1,-10.5,-11.1,0.20,OK
F08284,2027-02-09 04:30,G4,-16.3,0,-16.3,-11.1,0.24,OK
F08285,2027-02-09 04:30,G5,-18.1,2,-20.1,-11.1,0.22,OK
F08286,2027-02-09 04:30,G6,170.4,187,-16.6,-11.1,0.23,OK
F08287,2027-02-09 04:30,G7,-15.5,-2,-13.5,-11.1,0.19,OK
F08288,2027-02-09 04:30,G8,-17.4,0,-17.4,-11.1,0.18,OK
F08289,2027-02-09 04:40,G1,-9.3,0,-9.3,-11.3,0.19,OK
F08290,2027-02-09 04:40,G2,-13.2,1,-14.2,-11.3,0.23,OK
F08291,2027-02-09 04:40,G3,-13.7,-1,-12.7,-11.3,0.17,OK
F08292,2027-02-09 04:40,G4,-17.0,0,-17.0,-11.3,0.21,OK
F08293,2027-02-09 04:40,G5,-12.9,2,-14.9,-11.3,0.23,OK
F08294,2027-02-09 04:40,G6,173.9,187,-13.1,-11.3,0.17,OK
F08295,2027-02-09 04:40,G7,-18.1,-2,-16.1,-11.3,0.17,OK
F08296,2027-02-09 04:40,G8,-16.0,0,-16.0,-11.3,0.16,OK
F08297,2027-02-09 04:50,G1,-13.7,0,-13.7,-11.5,0.19,OK
F08298,2027-02-09 04:50,G2,-13.4,1,-14.4,-11.5,0.16,OK
F08299,2027-02-09 04:50,G3,-15.0,-1,-14.0,-11.5,0.19,OK
F08300,2027-02-09 04:50,G4,-19.9,0,-19.9,-11.5,0.16,OK
F08301,2027-02-09 04:50,G5,-11.0,2,-13.0,-11.5,0.18,OK
F08302,2027-02-09 04:50,G6,173.8,187,-13.2,-11.5,0.17,OK
F08303,2027-02-09 04:50,G7,-24.0,-2,-22.0,-11.5,0.22,OK
F08304,2027-02-09 04:50,G8,-22.1,0,-22.1,-11.5,0.19,OK
F08305,2027-02-09 05:00,G1,-12.0,0,-12.0,-11.7,0.20,OK
F08306,2027-02-09 05:00,G2,-11.1,1,-12.1,-11.7,0.23,OK
F08307,2027-02-09 05:00,G3,-16.2,-1,-15.2,-11.7,0.17,OK
F08308,2027-02-09 05:00,G4,-14.7,0,-14.7,-11.7,0.20,OK
F08309,2027-02-09 05:00,G5,-13.7,2,-15.7,-11.7,0.17,OK
F08310,2027-02-09 05:00,G6,172.6,187,-14.4,-11.7,0.23,OK
F08311,2027-02-09 05:00,G7,-21.8,-2,-19.8,-11.7,0.23,OK
F08312,2027-02-09 05:00,G8,-17.9,0,-17.9,-11.7,0.18,OK
F08313,2027-02-09 05:10,G1,-12.8,0,-12.8,-11.9,0.20,OK
F08314,2027-02-09 05:10,G2,-10.9,1,-11.9,-11.9,0.21,OK
F08315,2027-02-09 05:10,G3,-19.2,-1,-18.2,-11.9,0.20,OK
F08316,2027-02-09 05:10,G4,-16.5,0,-16.5,-11.9,0.19,OK
F08317,2027-02-09 05:10,G5,-17.6,2,-19.6,-11.9,0.24,OK
F08318,2027-02-09 05:10,G6,172.1,187,-14.9,-11.9,0.22,OK
F08319,2027-02-09 05:10,G7,-25.6,-2,-23.6,-11.9,0.20,OK
F08320,2027-02-09 05:10,G8,-18.7,0,-18.7,-11.9,0.18,OK
F08321,2027-02-09 05:20,G1,-16.4,0,-16.4,-12.0,0.17,OK
F08322,2027-02-09 05:20,G2,-18.5,1,-19.5,-12.0,0.24,OK
F08323,2027-02-09 05:20,G3,-19.2,-1,-18.2,-12.0,0.17,OK
F08324,2027-02-09 05:20,G4,-18.1,0,-18.1,-12.0,0.19,OK
F08325,2027-02-09 05:20,G5,-17.6,2,-19.6,-12.0,0.17,OK
F08326,2027-02-09 05:20,G6,166.8,187,-20.2,-12.0,0.21,OK
F08327,2027-02-09 05:20,G7,-23.0,-2,-21.0,-12.0,0.22,OK
F08328,2027-02-09 05:20,G8,-17.1,0,-17.1,-12.0,0.23,OK
F08329,2027-02-09 05:30,G1,-16.6,0,-16.6,-12.2,0.22,OK
F08330,2027-02-09 05:30,G2,-10.8,1,-11.8,-12.2,0.18,OK
F08331,2027-02-09 05:30,G3,-15.8,-1,-14.8,-12.2,0.22,OK
F08332,2027-02-09 05:30,G4,-21.9,0,-21.9,-12.2,0.20,OK
F08333,2027-02-09 05:30,G5,-17.5,2,-19.5,-12.2,0.23,OK
F08334,2027-02-09 05:30,G6,171.5,187,-15.5,-12.2,0.21,OK
F08335,2027-02-09 05:30,G7,-22.2,-2,-20.2,-12.2,0.23,OK
F08336,2027-02-09 05:30,G8,-18.7,0,-18.7,-12.2,0.18,OK
F08337,2027-02-09 05:40,G1,-13.7,0,-13.7,-12.4,0.16,OK
F08338,2027-02-09 05:40,G2,-15.7,1,-16.7,-12.4,0.21,OK
F08339,2027-02-09 05:40,G3,-22.3,-1,-21.3,-12.4,0.19,OK
F08340,2027-02-09 05:40,G4,-19.2,0,-19.2,-12.4,0.22,OK
F08341,2027-02-09 05:40,G5,-21.1,2,-23.1,-12.4,0.16,OK
F08342,2027-02-09 05:40,G6,169.8,187,-17.2,-12.4,0.23,OK
F08343,2027-02-09 05:40,G7,-21.8,-2,-19.8,-12.4,0.24,OK
F08344,2027-02-09 05:40,G8,-17.9,0,-17.9,-12.4,0.17,OK
F08345,2027-02-09 05:50,G1,-14.1,0,-14.1,-12.5,0.22,OK
F08346,2027-02-09 05:50,G2,-13.8,1,-14.8,-12.5,0.22,OK
F08347,2027-02-09 05:50,G3,-23.0,-1,-22.0,-12.5,0.21,OK
F08348,2027-02-09 05:50,G4,-16.7,0,-16.7,-12.5,0.18,OK
F08349,2027-02-09 05:50,G5,-18.7,2,-20.7,-12.5,0.20,OK
F08350,2027-02-09 05:50,G6,167.0,187,-20.0,-12.5,0.17,OK
F08351,2027-02-09 05:50,G7,-27.2,-2,-25.2,-12.5,0.19,OK
F08352,2027-02-09 05:50,G8,-18.0,0,-18.0,-12.5,0.21,OK
F08353,2027-02-09 06:00,G1,22.5,0,22.5,-12.6,1.07,OK
F08354,2027-02-09 06:00,G2,36.3,1,35.3,-12.6,1.12,OK
F08355,2027-02-09 06:00,G3,39.1,-1,40.1,-12.6,1.08,OK
F08356,2027-02-09 06:00,G4,57.2,0,57.2,-12.6,1.10,OK
F08357,2027-02-09 06:00,G5,74.6,2,72.6,-12.6,1.13,OK
F08358,2027-02-09 06:00,G6,274.2,187,87.2,-12.6,1.12,OK
F08359,2027-02-09 06:00,G7,40.5,-2,42.5,-12.6,1.07,OK
F08360,2027-02-09 06:00,G8,20.9,0,20.9,-12.6,1.08,OK
F08361,2027-02-09 06:10,G1,-19.3,0,-19.3,-12.8,0.23,OK
F08362,2027-02-09 06:10,G2,-15.3,1,-16.3,-12.8,0.22,OK
F08363,2027-02-09 06:10,G3,-17.7,-1,-16.7,-12.8,0.23,OK
F08364,2027-02-09 06:10,G4,-16.2,0,-16.2,-12.8,0.22,OK
F08365,2027-02-09 06:10,G5,-14.9,2,-16.9,-12.8,0.22,OK
F08366,2027-02-09 06:10,G6,166.8,187,-20.2,-12.8,0.22,OK
F08367,2027-02-09 06:10,G7,-23.3,-2,-21.3,-12.8,0.19,OK
F08368,2027-02-09 06:10,G8,-22.9,0,-22.9,-12.8,0.19,OK
F08369,2027-02-09 06:20,G1,5.6,0,5.6,-12.9,0.65,OK
F08370,2027-02-09 06:20,G2,9.4,1,8.4,-12.9,0.69,OK
F08371,2027-02-09 06:20,G3,12.3,-1,13.3,-12.9,0.66,OK
F08372,2027-02-09 06:20,G4,15.2,0,15.2,-12.9,0.62,OK
F08373,2027-02-09 06:20,G5,22.4,2,20.4,-12.9,0.62,OK
F08374,2027-02-09 06:20,G6,213.6,187,26.6,-12.9,0.63,OK
F08375,2027-02-09 06:20,G7,7.8,-2,9.8,-12.9,0.65,OK
F08376,2027-02-09 06:20,G8,1.1,0,1.1,-12.9,0.66,OK
F08377,2027-02-09 06:30,G1,-13.8,0,-13.8,-13.0,0.20,OK
F08378,2027-02-09 06:30,G2,-18.0,1,-19.0,-13.0,0.17,OK
F08379,2027-02-09 06:30,G3,-19.4,-1,-18.4,-13.0,0.22,OK
F08380,2027-02-09 06:30,G4,-18.7,0,-18.7,-13.0,0.21,OK
F08381,2027-02-09 06:30,G5,-21.8,2,-23.8,-13.0,0.18,OK
F08382,2027-02-09 06:30,G6,162.8,187,-24.2,-13.0,0.22,OK
F08383,2027-02-09 06:30,G7,-24.4,-2,-22.4,-13.0,0.20,OK
F08384,2027-02-09 06:30,G8,-22.4,0,-22.4,-13.0,0.23,OK
F08385,2027-02-09 06:40,G1,12.0,0,12.0,-13.1,0.83,OK
F08386,2027-02-09 06:40,G2,21.3,1,20.3,-13.1,0.86,OK
F08387,2027-02-09 06:40,G3,18.4,-1,19.4,-13.1,0.81,OK
F08388,2027-02-09 06:40,G4,31.7,0,31.7,-13.1,0.83,OK
F08389,2027-02-09 06:40,G5,39.7,2,37.7,-13.1,0.85,OK
F08390,2027-02-09 06:40,G6,232.6,187,45.6,-13.1,0.80,OK
F08391,2027-02-09 06:40,G7,17.3,-2,19.3,-13.1,0.85,OK
F08392,2027-02-09 06:40,G8,9.9,0,9.9,-13.1,0.81,OK
F08393,2027-02-09 06:50,G1,-15.8,0,-15.8,-13.2,0.19,OK
F08394,2027-02-09 06:50,G2,-20.8,1,-21.8,-13.2,0.19,OK
F08395,2027-02-09 06:50,G3,-22.1,-1,-21.1,-13.2,0.17,OK
F08396,2027-02-09 06:50,G4,-18.6,0,-18.6,-13.2,0.17,OK
F08397,2027-02-09 06:50,G5,-17.6,2,-19.6,-13.2,0.22,OK
F08398,2027-02-09 06:50,G6,164.4,187,-22.6,-13.2,0.16,OK
F08399,2027-02-09 06:50,G7,-25.8,-2,-23.8,-13.2,0.24,OK
F08400,2027-02-09 06:50,G8,-21.5,0,-21.5,-13.2,0.24,OK
F08401,2027-02-09 07:00,G1,-6.6,0,-6.6,-13.2,0.55,OK
F08402,2027-02-09 07:00,G2,-2.6,1,-3.6,-13.2,0.57,OK
F08403,2027-02-09 07:00,G3,2.7,-1,3.7,-13.2,0.55,OK
F08404,2027-02-09 07:00,G4,7.9,0,7.9,-13.2,0.50,OK
F08405,2027-02-09 07:00,G5,15.4,2,13.4,-13.2,0.54,OK
F08406,2027-02-09 07:00,G6,202.7,187,15.7,-13.2,0.52,OK
F08407,2027-02-09 07:00,G7,-0.8,-2,1.2,-13.2,0.50,OK
F08408,2027-02-09 07:00,G8,-11.6,0,-11.6,-13.2,0.50,OK
F08409,2027-02-09 07:10,G1,-22.1,0,-22.1,-13.3,0.19,OK
F08410,2027-02-09 07:10,G2,-18.9,1,-19.9,-13.3,0.23,OK
F08411,2027-02-09 07:10,G3,-17.0,-1,-16.0,-13.3,0.17,OK
F08412,2027-02-09 07:10,G4,-23.0,0,-23.0,-13.3,0.21,OK
F08413,2027-02-09 07:10,G5,-22.5,2,-24.5,-13.3,0.19,OK
F08414,2027-02-09 07:10,G6,167.6,187,-19.4,-13.3,0.23,OK
F08415,2027-02-09 07:10,G7,-22.5,-2,-20.5,-13.3,0.23,OK
F08416,2027-02-09 07:10,G8,-23.5,0,-23.5,-13.3,0.23,OK
F08417,2027-02-09 07:20,G1,8.2,0,8.2,-13.3,0.68,OK
F08418,2027-02-09 07:20,G2,10.7,1,9.7,-13.3,0.71,OK
F08419,2027-02-09 07:20,G3,15.8,-1,16.8,-13.3,0.70,OK
F08420,2027-02-09 07:20,G4,25.7,0,25.7,-13.3,0.72,OK
F08421,2027-02-09 07:20,G5,33.0,2,31.0,-13.3,0.72,OK
F08422,2027-02-09 07:20,G6,226.6,187,39.6,-13.3,0.73,OK
F08423,2027-02-09 07:20,G7,8.0,-2,10.0,-13.3,0.68,OK
F08424,2027-02-09 07:20,G8,-3.6,0,-3.6,-13.3,0.71,OK
F08425,2027-02-09 07:30,G1,-13.5,0,-13.5,-13.4,0.19,OK
F08426,2027-02-09 07:30,G2,-19.1,1,-20.1,-13.4,0.17,OK
F08427,2027-02-09 07:30,G3,-21.0,-1,-20.0,-13.4,0.19,OK
F08428,2027-02-09 07:30,G4,-25.1,0,-25.1,-13.4,0.24,OK
F08429,2027-02-09 07:30,G5,-17.9,2,-19.9,-13.4,0.22,OK
F08430,2027-02-09 07:30,G6,160.5,187,-26.5,-13.4,0.20,OK
F08431,2027-02-09 07:30,G7,-22.6,-2,-20.6,-13.4,0.16,OK
F08432,2027-02-09 07:30,G8,-22.8,0,-22.8,-13.4,0.21,OK
F08433,2027-02-09 07:40,G1,10.5,0,10.5,-13.4,0.90,OK
F08434,2027-02-09 07:40,G2,19.3,1,18.3,-13.4,0.85,OK
F08435,2027-02-09 07:40,G3,19.7,-1,20.7,-13.4,0.88,OK
F08436,2027-02-09 07:40,G4,35.1,0,35.1,-13.4,0.89,OK
F08437,2027-02-09 07:40,G5,52.5,2,50.5,-13.4,0.87,OK
F08438,2027-02-09 07:40,G6,244.1,187,57.1,-13.4,0.90,OK
F08439,2027-02-09 07:40,G7,23.7,-2,25.7,-13.4,0.85,OK
F08440,2027-02-09 07:40,G8,12.5,0,12.5,-13.4,0.93,OK
F08441,2027-02-09 07:50,G1,-19.6,0,-19.6,-13.4,0.19,OK
F08442,2027-02-09 07:50,G2,-16.3,1,-17.3,-13.4,0.20,OK
F08443,2027-02-09 07:50,G3,-16.9,-1,-15.9,-13.4,0.21,OK
F08444,2027-02-09 07:50,G4,-23.2,0,-23.2,-13.4,0.17,OK
F08445,2027-02-09 07:50,G5,-19.2,2,-21.2,-13.4,0.16,OK
F08446,2027-02-09 07:50,G6,160.5,187,-26.5,-13.4,0.22,OK
F08447,2027-02-09 07:50,G7,-28.1,-2,-26.1,-13.4,0.19,OK
F08448,2027-02-09 07:50,G8,-25.5,0,-25.5,-13.4,0.21,OK
F08449,2027-02-09 08:00,G1,3.5,0,3.5,-13.4,0.61,OK
F08450,2027-02-09 08:00,G2,2.5,1,1.5,-13.4,0.62,OK
F08451,2027-02-09 08:00,G3,3.3,-1,4.3,-13.4,0.61,OK
F08452,2027-02-09 08:00,G4,10.9,0,10.9,-13.4,0.56,OK
F08453,2027-02-09 08:00,G5,21.3,2,19.3,-13.4,0.57,OK
F08454,2027-02-09 08:00,G6,211.4,187,24.4,-13.4,0.61,OK
F08455,2027-02-09 08:00,G7,-0.5,-2,1.5,-13.4,0.58,OK
F08456,2027-02-09 08:00,G8,-4.8,0,-4.8,-13.4,0.56,OK
F08457,2027-02-09 08:10,G1,-19.8,0,-19.8,-13.4,0.17,OK
F08458,2027-02-09 08:10,G2,-15.4,1,-16.4,-13.4,0.17,OK
F08459,2027-02-09 08:10,G3,-19.4,-1,-18.4,-13.4,0.21,OK
F08460,2027-02-09 08:10,G4,-25.4,0,-25.4,-13.4,0.18,OK
F08461,2027-02-09 08:10,G5,-24.1,2,-26.1,-13.4,0.22,OK
F08462,2027-02-09 08:10,G6,160.3,187,-26.7,-13.4,0.18,OK
F08463,2027-02-09 08:10,G7,-26.3,-2,-24.3,-13.4,0.24,OK
F08464,2027-02-09 08:10,G8,-24.4,0,-24.4,-13.4,0.22,OK
F08465,2027-02-09 08:20,G1,6.1,0,6.1,-13.4,0.81,OK
F08466,2027-02-09 08:20,G2,10.4,1,9.4,-13.4,0.78,OK
F08467,2027-02-09 08:20,G3,20.8,-1,21.8,-13.4,0.74,OK
F08468,2027-02-09 08:20,G4,26.2,0,26.2,-13.4,0.76,OK
F08469,2027-02-09 08:20,G5,40.7,2,38.7,-13.4,0.78,OK
F08470,2027-02-09 08:20,G6,232.8,187,45.8,-13.4,0.74,OK
F08471,2027-02-09 08:20,G7,16.7,-2,18.7,-13.4,0.74,OK
F08472,2027-02-09 08:20,G8,3.6,0,3.6,-13.4,0.76,OK
F08473,2027-02-09 08:30,G1,-19.9,0,-19.9,-13.4,0.23,OK
F08474,2027-02-09 08:30,G2,-21.5,1,-22.5,-13.4,0.23,OK
F08475,2027-02-09 08:30,G3,-21.9,-1,-20.9,-13.4,0.19,OK
F08476,2027-02-09 08:30,G4,-20.3,0,-20.3,-13.4,0.23,OK
F08477,2027-02-09 08:30,G5,-23.6,2,-25.6,-13.4,0.23,OK
F08478,2027-02-09 08:30,G6,167.2,187,-19.8,-13.4,0.21,OK
F08479,2027-02-09 08:30,G7,-24.5,-2,-22.5,-13.4,0.23,OK
F08480,2027-02-09 08:30,G8,-27.8,0,-27.8,-13.4,0.19,OK
F08481,2027-02-09 08:40,G1,15.1,0,15.1,-13.3,0.95,OK
F08482,2027-02-09 08:40,G2,23.3,1,22.3,-13.3,0.97,OK
F08483,2027-02-09 08:40,G3,24.0,-1,25.0,-13.3,0.95,OK
F08484,2027-02-09 08:40,G4,40.1,0,40.1,-13.3,0.95,OK
F08485,2027-02-09 08:40,G5,58.1,2,56.1,-13.3,0.98,OK
F08486,2027-02-09 08:40,G6,253.5,187,66.5,-13.3,0.96,OK
F08487,2027-02-09 08:40,G7,26.9,-2,28.9,-13.3,0.95,OK
F08488,2027-02-09 08:40,G8,11.8,0,11.8,-13.3,0.91,OK
F08489,2027-02-09 08:50,G1,-13.5,0,-13.5,-13.3,0.23,OK
F08490,2027-02-09 08:50,G2,-15.7,1,-16.7,-13.3,0.17,OK
F08491,2027-02-09 08:50,G3,-23.3,-1,-22.3,-13.3,0.22,OK
F08492,2027-02-09 08:50,G4,-19.0,0,-19.0,-13.3,0.19,OK
F08493,2027-02-09 08:50,G5,-15.5,2,-17.5,-13.3,0.21,OK
F08494,2027-02-09 08:50,G6,160.3,187,-26.7,-13.3,0.22,OK
F08495,2027-02-09 08:50,G7,-27.4,-2,-25.4,-13.3,0.18,OK
F08496,2027-02-09 08:50,G8,-20.4,0,-20.4,-13.3,0.21,OK
F08497,2027-02-09 09:00,G1,4.0,0,4.0,-13.2,0.63,OK
F08498,2027-02-09 09:00,G2,7.7,1,6.7,-13.2,0.66,OK
F08499,2027-02-09 09:00,G3,14.0,-1,15.0,-13.2,0.68,OK
F08500,2027-02-09 09:00,G4,19.9,0,19.9,-13.2,0.69,OK
F08501,2027-02-09 09:00,G5,29.0,2,27.0,-13.2,0.64,OK
F08502,2027-02-09 09:00,G6,220.2,187,33.2,-13.2,0.64,OK
F08503,2027-02-09 09:00,G7,7.6,-2,9.6,-13.2,0.70,OK
F08504,2027-02-09 09:00,G8,-2.3,0,-2.3,-13.2,0.62,OK
F08505,2027-02-09 09:10,G1,-20.2,0,-20.2,-13.2,0.20,OK
F08506,2027-02-09 09:10,G2,-20.6,1,-21.6,-13.2,0.24,OK
F08507,2027-02-09 09:10,G3,-22.9,-1,-21.9,-13.2,0.22,OK
F08508,2027-02-09 09:10,G4,-22.1,0,-22.1,-13.2,0.22,OK
F08509,2027-02-09 09:10,G5,-20.8,2,-22.8,-13.2,0.20,OK
F08510,2027-02-09 09:10,G6,163.8,187,-23.2,-13.2,0.17,OK
F08511,2027-02-09 09:10,G7,-28.4,-2,-26.4,-13.2,0.24,OK
F08512,2027-02-09 09:10,G8,-26.0,0,-26.0,-13.2,0.20,OK
F08513,2027-02-09 09:20,G1,14.3,0,14.3,-13.1,0.84,OK
F08514,2027-02-09 09:20,G2,16.7,1,15.7,-13.1,0.86,OK
F08515,2027-02-09 09:20,G3,20.5,-1,21.5,-13.1,0.81,OK
F08516,2027-02-09 09:20,G4,28.6,0,28.6,-13.1,0.81,OK
F08517,2027-02-09 09:20,G5,47.5,2,45.5,-13.1,0.80,OK
F08518,2027-02-09 09:20,G6,236.1,187,49.1,-13.1,0.80,OK
F08519,2027-02-09 09:20,G7,18.0,-2,20.0,-13.1,0.87,OK
F08520,2027-02-09 09:20,G8,9.5,0,9.5,-13.1,0.85,OK
F08521,2027-02-09 09:30,G1,-21.4,0,-21.4,-13.0,0.20,OK
F08522,2027-02-09 09:30,G2,-14.8,1,-15.8,-13.0,0.23,OK
F08523,2027-02-09 09:30,G3,-15.4,-1,-14.4,-13.0,0.21,OK
F08524,2027-02-09 09:30,G4,-23.7,0,-23.7,-13.0,0.21,OK
F08525,2027-02-09 09:30,G5,-20.9,2,-22.9,-13.0,0.19,OK
F08526,2027-02-09 09:30,G6,166.0,187,-21.0,-13.0,0.18,OK
F08527,2027-02-09 09:30,G7,-20.3,-2,-18.3,-13.0,0.23,OK
F08528,2027-02-09 09:30,G8,-24.2,0,-24.2,-13.0,0.23,OK
F08529,2027-02-09 09:40,G1,22.3,0,22.3,-12.9,0.98,OK
F08530,2027-02-09 09:40,G2,29.8,1,28.8,-12.9,0.97,OK
F08531,2027-02-09 09:40,G3,35.6,-1,36.6,-12.9,1.04,OK
F08532,2027-02-09 09:40,G4,47.5,0,47.5,-12.9,1.04,OK
F08533,2027-02-09 09:40,G5,59.7,2,57.7,-12.9,1.01,OK
F08534,2027-02-09 09:40,G6,258.7,187,71.7,-12.9,1.03,OK
F08535,2027-02-09 09:40,G7,32.8,-2,34.8,-12.9,1.05,OK
F08536,2027-02-09 09:40,G8,15.7,0,15.7,-12.9,1.01,OK
F08537,2027-02-09 09:50,G1,-15.4,0,-15.4,-12.8,0.20,OK
F08538,2027-02-09 09:50,G2,-18.2,1,-19.2,-12.8,0.23,OK
F08539,2027-02-09 09:50,G3,-23.3,-1,-22.3,-12.8,0.18,OK
F08540,2027-02-09 09:50,G4,-21.5,0,-21.5,-12.8,0.22,OK
F08541,2027-02-09 09:50,G5,-18.8,2,-20.8,-12.8,0.16,OK
F08542,2027-02-09 09:50,G6,167.8,187,-19.2,-12.8,0.19,OK
F08543,2027-02-09 09:50,G7,-19.8,-2,-17.8,-12.8,0.18,OK
F08544,2027-02-09 09:50,G8,-25.1,0,-25.1,-12.8,0.21,OK
F08545,2027-02-09 10:00,G1,5.2,0,5.2,-12.6,0.74,OK
F08546,2027-02-09 10:00,G2,12.9,1,11.9,-12.6,0.69,OK
F08547,2027-02-09 10:00,G3,15.7,-1,16.7,-12.6,0.75,OK
F08548,2027-02-09 10:00,G4,24.6,0,24.6,-12.6,0.68,OK
F08549,2027-02-09 10:00,G5,31.6,2,29.6,-12.6,0.75,OK
F08550,2027-02-09 10:00,G6,229.5,187,42.5,-12.6,0.71,OK
F08551,2027-02-09 10:00,G7,19.0,-2,21.0,-12.6,0.71,OK
F08552,2027-02-09 10:00,G8,1.8,0,1.8,-12.6,0.75,OK
F08553,2027-02-09 10:10,G1,-15.2,0,-15.2,-12.5,0.17,OK
F08554,2027-02-09 10:10,G2,-17.3,1,-18.3,-12.5,0.20,OK
F08555,2027-02-09 10:10,G3,-18.2,-1,-17.2,-12.5,0.18,OK
F08556,2027-02-09 10:10,G4,-17.2,0,-17.2,-12.5,0.22,OK
F08557,2027-02-09 10:10,G5,-19.6,2,-21.6,-12.5,0.19,OK
F08558,2027-02-09 10:10,G6,169.0,187,-18.0,-12.5,0.20,OK
F08559,2027-02-09 10:10,G7,-22.6,-2,-20.6,-12.5,0.17,OK
F08560,2027-02-09 10:10,G8,-20.0,0,-20.0,-12.5,0.20,OK
F08561,2027-02-09 10:20,G1,16.3,0,16.3,-12.4,0.86,OK
F08562,2027-02-09 10:20,G2,19.4,1,18.4,-12.4,0.92,OK
F08563,2027-02-09 10:20,G3,31.7,-1,32.7,-12.4,0.87,OK
F08564,2027-02-09 10:20,G4,41.4,0,41.4,-12.4,0.93,OK
F08565,2027-02-09 10:20,G5,50.6,2,48.6,-12.4,0.86,OK
F08566,2027-02-09 10:20,G6,245.3,187,58.3,-12.4,0.87,OK
F08567,2027-02-09 10:20,G7,29.6,-2,31.6,-12.4,0.90,OK
F08568,2027-02-09 10:20,G8,9.7,0,9.7,-12.4,0.91,OK
F08569,2027-02-09 10:30,G1,-11.3,0,-11.3,-12.2,0.17,OK
F08570,2027-02-09 10:30,G2,-18.1,1,-19.1,-12.2,0.16,OK
F08571,2027-02-09 10:30,G3,-18.8,-1,-17.8,-12.2,0.22,OK
F08572,2027-02-09 10:30,G4,-20.3,0,-20.3,-12.2,0.18,OK
F08573,2027-02-09 10:30,G5,-14.7,2,-16.7,-12.2,0.22,OK
F08574,2027-02-09 10:30,G6,164.7,187,-22.3,-12.2,0.16,OK
F08575,2027-02-09 10:30,G7,-25.1,-2,-23.1,-12.2,0.21,OK
F08576,2027-02-09 10:30,G8,-17.9,0,-17.9,-12.2,0.18,OK
F08577,2027-02-09 10:40,G1,19.7,0,19.7,-12.0,1.05,OK
F08578,2027-02-09 10:40,G2,36.5,1,35.5,-12.0,1.05,OK
F08579,2027-02-09 10:40,G3,35.7,-1,36.7,-12.0,1.08,OK
F08580,2027-02-09 10:40,G4,55.7,0,55.7,-12.0,1.09,OK
F08581,2027-02-09 10:40,G5,66.8,2,64.8,-12.0,1.05,OK
F08582,2027-02-09 10:40,G6,271.0,187,84.0,-12.0,1.09,OK
F08583,2027-02-09 10:40,G7,42.5,-2,44.5,-12.0,1.03,OK
F08584,2027-02-09 10:40,G8,18.9,0,18.9,-12.0,1.11,OK
F08585,2027-02-09 10:50,G1,-10.3,0,-10.3,-11.9,0.23,OK
F08586,2027-02-09 10:50,G2,-16.3,1,-17.3,-11.9,0.17,OK
F08587,2027-02-09 10:50,G3,-15.5,-1,-14.5,-11.9,0.17,OK
F08588,2027-02-09 10:50,G4,-19.8,0,-19.8,-11.9,0.24,OK
F08589,2027-02-09 10:50,G5,-15.8,2,-17.8,-11.9,0.17,OK
F08590,2027-02-09 10:50,G6,167.2,187,-19.8,-11.9,0.20,OK
F08591,2027-02-09 10:50,G7,-20.7,-2,-18.7,-11.9,0.20,OK
F08592,2027-02-09 10:50,G8,-22.2,0,-22.2,-11.9,0.17,OK
F08593,2027-02-09 11:00,G1,10.4,0,10.4,-11.7,0.76,OK
F08594,2027-02-09 11:00,G2,14.9,1,13.9,-11.7,0.78,OK
F08595,2027-02-09 11:00,G3,18.9,-1,19.9,-11.7,0.75,OK
F08596,2027-02-09 11:00,G4,34.4,0,34.4,-11.7,0.81,OK
F08597,2027-02-09 11:00,G5,42.9,2,40.9,-11.7,0.78,OK
F08598,2027-02-09 11:00,G6,236.7,187,49.7,-11.7,0.75,OK
F08599,2027-02-09 11:00,G7,18.2,-2,20.2,-11.7,0.78,OK
F08600,2027-02-09 11:00,G8,4.7,0,4.7,-11.7,0.80,OK
F08601,2027-02-09 11:10,G1,-13.3,0,-13.3,-11.5,0.17,OK
F08602,2027-02-09 11:10,G2,-15.8,1,-16.8,-11.5,0.23,OK
F08603,2027-02-09 11:10,G3,-17.0,-1,-16.0,-11.5,0.22,OK
F08604,2027-02-09 11:10,G4,-12.3,0,-12.3,-11.5,0.17,OK
F08605,2027-02-09 11:10,G5,-12.3,2,-14.3,-11.5,0.22,OK
F08606,2027-02-09 11:10,G6,170.5,187,-16.5,-11.5,0.21,OK
F08607,2027-02-09 11:10,G7,-22.2,-2,-20.2,-11.5,0.17,OK
F08608,2027-02-09 11:10,G8,-21.1,0,-21.1,-11.5,0.18,OK
F08609,2027-02-09 11:20,G1,19.6,0,19.6,-11.3,0.96,OK
F08610,2027-02-09 11:20,G2,27.0,1,26.0,-11.3,0.95,OK
F08611,2027-02-09 11:20,G3,29.9,-1,30.9,-11.3,0.96,OK
F08612,2027-02-09 11:20,G4,43.8,0,43.8,-11.3,0.96,OK
F08613,2027-02-09 11:20,G5,57.8,2,55.8,-11.3,0.95,OK
F08614,2027-02-09 11:20,G6,261.1,187,74.1,-11.3,0.95,OK
F08615,2027-02-09 11:20,G7,39.9,-2,41.9,-11.3,0.93,OK
F08616,2027-02-09 11:20,G8,22.4,0,22.4,-11.3,0.92,OK
F08617,2027-02-09 11:30,G1,-9.4,0,-9.4,-11.1,0.18,OK
F08618,2027-02-09 11:30,G2,-15.1,1,-16.1,-11.1,0.24,OK
F08619,2027-02-09 11:30,G3,-11.8,-1,-10.8,-11.1,0.22,OK
F08620,2027-02-09 11:30,G4,-12.9,0,-12.9,-11.1,0.16,OK
F08621,2027-02-09 11:30,G5,-16.7,2,-18.7,-11.1,0.22,OK
F08622,2027-02-09 11:30,G6,166.5,187,-20.5,-11.1,0.19,OK
F08623,2027-02-09 11:30,G7,-14.9,-2,-12.9,-11.1,0.19,OK
F08624,2027-02-09 11:30,G8,-19.1,0,-19.1,-11.1,0.22,OK
F08625,2027-02-09 11:40,G1,-1.4,0,-1.4,-10.9,0.49,OK
F08626,2027-02-09 11:40,G2,1.8,1,0.8,-10.9,0.47,OK
F08627,2027-02-09 11:40,G3,4.1,-1,5.1,-10.9,0.50,OK
F08628,2027-02-09 11:40,G4,11.5,0,11.5,-10.9,0.51,OK
F08629,2027-02-09 11:40,G5,19.3,2,17.3,-10.9,0.51,OK
F08630,2027-02-09 11:40,G6,203.2,187,16.2,-10.9,0.49,OK
F08631,2027-02-09 11:40,G7,7.6,-2,9.6,-10.9,0.47,OK
F08632,2027-02-09 11:40,G8,-2.4,0,-2.4,-10.9,0.52,OK
F08633,2027-02-09 11:50,G1,-7.8,0,-7.8,-10.7,0.22,OK
F08634,2027-02-09 11:50,G2,-13.9,1,-14.9,-10.7,0.20,OK
F08635,2027-02-09 11:50,G3,-12.6,-1,-11.6,-10.7,0.18,OK
F08636,2027-02-09 11:50,G4,-16.7,0,-16.7,-10.7,0.16,OK
F08637,2027-02-09 11:50,G5,-13.7,2,-15.7,-10.7,0.17,OK
F08638,2027-02-09 11:50,G6,173.1,187,-13.9,-10.7,0.22,OK
F08639,2027-02-09 11:50,G7,-21.7,-2,-19.7,-10.7,0.21,OK
F08640,2027-02-09 11:50,G8,-20.8,0,-20.8,-10.7,0.19,OK
F08641,2027-02-09 12:00,G1,14.4,0,14.4,-10.4,0.83,OK
F08642,2027-02-09 12:00,G2,23.4,1,22.4,-10.4,0.88,OK
F08643,2027-02-09 12:00,G3,29.0,-1,30.0,-10.4,0.84,OK
F08644,2027-02-09 12:00,G4,35.6,0,35.6,-10.4,0.83,OK
F08645,2027-02-09 12:00,G5,47.8,2,45.8,-10.4,0.82,OK
F08646,2027-02-09 12:00,G6,249.8,187,62.8,-10.4,0.87,OK
F08647,2027-02-09 12:00,G7,30.2,-2,32.2,-10.4,0.88,OK
F08648,2027-02-09 12:00,G8,11.7,0,11.7,-10.4,0.82,OK
F08649,2027-02-09 12:10,G1,-13.5,0,-13.5,-10.2,0.20,OK
F08650,2027-02-09 12:10,G2,-6.4,1,-7.4,-10.2,0.24,OK
F08651,2027-02-09 12:10,G3,-10.1,-1,-9.1,-10.2,0.18,OK
F08652,2027-02-09 12:10,G4,-11.2,0,-11.2,-10.2,0.20,OK
F08653,2027-02-09 12:10,G5,-12.1,2,-14.1,-10.2,0.20,OK
F08654,2027-02-09 12:10,G6,173.7,187,-13.3,-10.2,0.17,OK
F08655,2027-02-09 12:10,G7,-21.3,-2,-19.3,-10.2,0.23,OK
F08656,2027-02-09 12:10,G8,-11.5,0,-11.5,-10.2,0.22,OK
F08657,2027-02-09 12:20,G1,26.4,0,26.4,-10.0,1.05,OK
F08658,2027-02-09 12:20,G2,34.7,1,33.7,-10.0,1.05,OK
F08659,2027-02-09 12:20,G3,41.7,-1,42.7,-10.0,0.98,OK
F08660,2027-02-09 12:20,G4,55.1,0,55.1,-10.0,0.98,OK
F08661,2027-02-09 12:20,G5,72.4,2,70.4,-10.0,0.98,OK
F08662,2027-02-09 12:20,G6,271.4,187,84.4,-10.0,1.05,OK
F08663,2027-02-09 12:20,G7,44.1,-2,46.1,-10.0,1.02,OK
F08664,2027-02-09 12:20,G8,23.3,0,23.3,-10.0,1.02,OK
F08665,2027-02-09 12:30,G1,-10.1,0,-10.1,-9.7,0.22,OK
F08666,2027-02-09 12:30,G2,-11.4,1,-12.4,-9.7,0.16,OK
F08667,2027-02-09 12:30,G3,-10.5,-1,-9.5,-9.7,0.20,OK
F08668,2027-02-09 12:30,G4,-15.3,0,-15.3,-9.7,0.23,OK
F08669,2027-02-09 12:30,G5,-13.2,2,-15.2,-9.7,0.17,OK
F08670,2027-02-09 12:30,G6,176.0,187,-11.0,-9.7,0.21,OK
F08671,2027-02-09 12:30,G7,-11.5,-2,-9.5,-9.7,0.21,OK
F08672,2027-02-09 12:30,G8,-10.5,0,-10.5,-9.7,0.17,OK
F08673,2027-02-09 12:40,G1,8.5,0,8.5,-9.5,0.57,OK
F08674,2027-02-09 12:40,G2,8.0,1,7.0,-9.5,0.60,OK
F08675,2027-02-09 12:40,G3,10.3,-1,11.3,-9.5,0.60,OK
F08676,2027-02-09 12:40,G4,17.7,0,17.7,-9.5,0.54,OK
F08677,2027-02-09 12:40,G5,29.9,2,27.9,-9.5,0.55,OK
F08678,2027-02-09 12:40,G6,218.2,187,31.2,-9.5,0.58,OK
F08679,2027-02-09 12:40,G7,12.7,-2,14.7,-9.5,0.56,OK
F08680,2027-02-09 12:40,G8,5.4,0,5.4,-9.5,0.55,OK
F08681,2027-02-09 12:50,G1,-11.8,0,-11.8,-9.2,0.22,OK
F08682,2027-02-09 12:50,G2,-7.1,1,-8.1,-9.2,0.19,OK
F08683,2027-02-09 12:50,G3,-14.5,-1,-13.5,-9.2,0.18,OK
F08684,2027-02-09 12:50,G4,-9.6,0,-9.6,-9.2,0.17,OK
F08685,2027-02-09 12:50,G5,-6.9,2,-8.9,-9.2,0.23,OK
F08686,2027-02-09 12:50,G6,172.3,187,-14.7,-9.2,0.20,OK
F08687,2027-02-09 12:50,G7,-14.9,-2,-12.9,-9.2,0.21,OK
F08688,2027-02-09 12:50,G8,-14.0,0,-14.0,-9.2,0.24,OK
F08689,2027-02-09 13:00,G1,20.6,0,20.6,-9.0,0.92,OK
F08690,2027-02-09 13:00,G2,31.5,1,30.5,-9.0,0.87,OK
F08691,2027-02-09 13:00,G3,39.1,-1,40.1,-9.0,0.93,OK
F08692,2027-02-09 13:00,G4,47.1,0,47.1,-9.0,0.90,OK
F08693,2027-02-09 13:00,G5,62.8,2,60.8,-9.0,0.90,OK
F08694,2027-02-09 13:00,G6,253.0,187,66.0,-9.0,0.89,OK
F08695,2027-02-09 13:00,G7,34.4,-2,36.4,-9.0,0.92,OK
F08696,2027-02-09 13:00,G8,21.8,0,21.8,-9.0,0.90,OK
F08697,2027-02-09 13:10,G1,-7.9,0,-7.9,-8.7,0.22,OK
F08698,2027-02-09 13:10,G2,-4.6,1,-5.6,-8.7,0.16,OK
F08699,2027-02-09 13:10,G3,-6.0,-1,-5.0,-8.7,0.22,OK
F08700,2027-02-09 13:10,G4,-6.8,0,-6.8,-8.7,0.20,OK
F08701,2027-02-09 13:10,G5,-4.7,2,-6.7,-8.7,0.18,OK
F08702,2027-02-09 13:10,G6,180.4,187,-6.6,-8.7,0.16,OK
F08703,2027-02-09 13:10,G7,-12.3,-2,-10.3,-8.7,0.16,OK
F08704,2027-02-09 13:10,G8,-12.2,0,-12.2,-8.7,0.21,OK
F08705,2027-02-09 13:20,G1,33.8,0,33.8,-8.5,1.11,OK
F08706,2027-02-09 13:20,G2,41.6,1,40.6,-8.5,1.12,OK
F08707,2027-02-09 13:20,G3,50.6,-1,51.6,-8.5,1.05,OK
F08708,2027-02-09 13:20,G4,66.0,0,66.0,-8.5,1.05,OK
F08709,2027-02-09 13:20,G5,76.8,2,74.8,-8.5,1.07,OK
F08710,2027-02-09 13:20,G6,282.3,187,95.3,-8.5,1.08,OK
F08711,2027-02-09 13:20,G7,56.8,-2,58.8,-8.5,1.11,OK
F08712,2027-02-09 13:20,G8,29.9,0,29.9,-8.5,1.06,OK
F08713,2027-02-09 13:30,G1,-5.9,0,-5.9,-8.2,0.19,OK
F08714,2027-02-09 13:30,G2,-7.4,1,-8.4,-8.2,0.18,OK
F08715,2027-02-09 13:30,G3,-4.7,-1,-3.7,-8.2,0.19,OK
F08716,2027-02-09 13:30,G4,-3.5,0,-3.5,-8.2,0.17,OK
F08717,2027-02-09 13:30,G5,-10.3,2,-12.3,-8.2,0.17,OK
F08718,2027-02-09 13:30,G6,175.7,187,-11.3,-8.2,0.18,OK
F08719,2027-02-09 13:30,G7,-6.7,-2,-4.7,-8.2,0.21,OK
F08720,2027-02-09 13:30,G8,-9.5,0,-9.5,-8.2,0.16,OK
F08721,2027-02-09 13:40,G1,8.5,0,8.5,-8.0,0.66,OK
F08722,2027-02-09 13:40,G2,13.7,1,12.7,-8.0,0.67,OK
F08723,2027-02-09 13:40,G3,18.7,-1,19.7,-8.0,0.64,OK
F08724,2027-02-09 13:40,G4,25.3,0,25.3,-8.0,0.59,OK
F08725,2027-02-09 13:40,G5,38.3,2,36.3,-8.0,0.60,OK
F08726,2027-02-09 13:40,G6,231.6,187,44.6,-8.0,0.62,OK
F08727,2027-02-09 13:40,G7,22.0,-2,24.0,-8.0,0.65,OK
F08728,2027-02-09 13:40,G8,15.9,0,15.9,-8.0,0.65,OK
F08729,2027-02-09 13:50,G1,-6.2,0,-6.2,-7.7,0.22,OK
F08730,2027-02-09 13:50,G2,-7.8,1,-8.8,-7.7,0.18,OK
F08731,2027-02-09 13:50,G3,-11.8,-1,-10.8,-7.7,0.21,OK
F08732,2027-02-09 13:50,G4,-4.2,0,-4.2,-7.7,0.23,OK
F08733,2027-02-09 13:50,G5,-3.0,2,-5.0,-7.7,0.22,OK
F08734,2027-02-09 13:50,G6,182.7,187,-4.3,-7.7,0.19,OK
F08735,2027-02-09 13:50,G7,-13.3,-2,-11.3,-7.7,0.20,OK
F08736,2027-02-09 13:50,G8,-5.5,0,-5.5,-7.7,0.22,OK
F08737,2027-02-09 14:00,G1,24.5,0,24.5,-7.4,0.99,OK
F08738,2027-02-09 14:00,G2,40.8,1,39.8,-7.4,0.96,OK
F08739,2027-02-09 14:00,G3,40.1,-1,41.1,-7.4,0.93,OK
F08740,2027-02-09 14:00,G4,61.6,0,61.6,-7.4,0.99,OK
F08741,2027-02-09 14:00,G5,73.8,2,71.8,-7.4,0.96,OK
F08742,2027-02-09 14:00,G6,271.2,187,84.2,-7.4,0.98,OK
F08743,2027-02-09 14:00,G7,45.9,-2,47.9,-7.4,1.00,OK
F08744,2027-02-09 14:00,G8,26.9,0,26.9,-7.4,0.95,OK
F08745,2027-02-09 14:10,G1,-2.2,0,-2.2,-7.2,0.19,OK
F08746,2027-02-09 14:10,G2,-7.5,1,-8.5,-7.2,0.17,OK
F08747,2027-02-09 14:10,G3,-3.1,-1,-2.1,-7.2,0.18,OK
F08748,2027-02-09 14:10,G4,-8.7,0,-8.7,-7.2,0.20,OK
F08749,2027-02-09 14:10,G5,-7.9,2,-9.9,-7.2,0.18,OK
F08750,2027-02-09 14:10,G6,181.5,187,-5.5,-7.2,0.23,OK
F08751,2027-02-09 14:10,G7,-12.6,-2,-10.6,-7.2,0.20,OK
F08752,2027-02-09 14:10,G8,-3.5,0,-3.5,-7.2,0.17,OK
F08753,2027-02-09 14:20,G1,13.4,0,13.4,-6.9,0.49,OK
F08754,2027-02-09 14:20,G2,16.7,1,15.7,-6.9,0.55,OK
F08755,2027-02-09 14:20,G3,19.0,-1,20.0,-6.9,0.53,OK
F08756,2027-02-09 14:20,G4,23.4,0,23.4,-6.9,0.52,OK
F08757,2027-02-09 14:20,G5,28.3,2,26.3,-6.9,0.53,OK
F08758,2027-02-09 14:20,G6,219.7,187,32.7,-6.9,0.55,OK
F08759,2027-02-09 14:20,G7,16.8,-2,18.8,-6.9,0.55,OK
F08760,2027-02-09 14:20,G8,7.5,0,7.5,-6.9,0.55,OK
F08761,2027-02-09 14:30,G1,0.3,0,0.3,-6.7,0.20,OK
F08762,2027-02-09 14:30,G2,0.5,1,-0.5,-6.7,0.21,OK
F08763,2027-02-09 14:30,G3,-8.3,-1,-7.3,-6.7,0.22,OK
F08764,2027-02-09 14:30,G4,-4.5,0,-4.5,-6.7,0.20,OK
F08765,2027-02-09 14:30,G5,-4.5,2,-6.5,-6.7,0.21,OK
F08766,2027-02-09 14:30,G6,179.7,187,-7.3,-6.7,0.18,OK
F08767,2027-02-09 14:30,G7,-7.4,-2,-5.4,-6.7,0.22,OK
F08768,2027-02-09 14:30,G8,-2.0,0,-2.0,-6.7,0.22,OK
F08769,2027-02-09 14:40,G1,15.1,0,15.1,-6.4,0.69,OK
F08770,2027-02-09 14:40,G2,25.5,1,24.5,-6.4,0.65,OK
F08771,2027-02-09 14:40,G3,26.7,-1,27.7,-6.4,0.65,OK
F08772,2027-02-09 14:40,G4,37.4,0,37.4,-6.4,0.72,OK
F08773,2027-02-09 14:40,G5,50.5,2,48.5,-6.4,0.69,OK
F08774,2027-02-09 14:40,G6,238.7,187,51.7,-6.4,0.68,OK
F08775,2027-02-09 14:40,G7,33.8,-2,35.8,-6.4,0.66,OK
F08776,2027-02-09 14:40,G8,20.6,0,20.6,-6.4,0.73,OK
F08777,2027-02-09 14:50,G1,-3.5,0,-3.5,-6.1,0.22,OK
F08778,2027-02-09 14:50,G2,-0.4,1,-1.4,-6.1,0.17,OK
F08779,2027-02-09 14:50,G3,-7.5,-1,-6.5,-6.1,0.18,OK
F08780,2027-02-09 14:50,G4,-5.5,0,-5.5,-6.1,0.19,OK
F08781,2027-02-09 14:50,G5,-0.2,2,-2.2,-6.1,0.22,OK
F08782,2027-02-09 14:50,G6,186.6,187,-0.4,-6.1,0.23,OK
F08783,2027-02-09 14:50,G7,-4.1,-2,-2.1,-6.1,0.19,OK
F08784,2027-02-09 14:50,G8,-5.4,0,-5.4,-6.1,0.20,OK
F08785,2027-02-09 15:00,G1,31.1,0,31.1,-5.9,1.03,OK
F08786,2027-02-09 15:00,G2,45.4,1,44.4,-5.9,1.01,OK
F08787,2027-02-09 15:00,G3,52.7,-1,53.7,-5.9,1.05,OK
F08788,2027-02-09 15:00,G4,62.4,0,62.4,-5.9,1.06,OK
F08789,2027-02-09 15:00,G5,77.6,2,75.6,-5.9,1.03,OK
F08790,2027-02-09 15:00,G6,277.6,187,90.6,-5.9,1.06,OK
F08791,2027-02-09 15:00,G7,56.8,-2,58.8,-5.9,1.02,OK
F08792,2027-02-09 15:00,G8,42.3,0,42.3,-5.9,0.99,OK
F08793,2027-02-09 15:10,G1,-3.1,0,-3.1,-5.6,0.23,OK
F08794,2027-02-09 15:10,G2,-0.6,1,-1.6,-5.6,0.23,OK
F08795,2027-02-09 15:10,G3,-4.7,-1,-3.7,-5.6,0.17,OK
F08796,2027-02-09 15:10,G4,2.2,0,2.2,-5.6,0.17,OK
F08797,2027-02-09 15:10,G5,-0.1,2,-2.1,-5.6,0.23,OK
F08798,2027-02-09 15:10,G6,189.4,187,2.4,-5.6,0.18,OK
F08799,2027-02-09 15:10,G7,-0.3,-2,1.7,-5.6,0.23,OK
F08800,2027-02-09 15:10,G8,0.8,0,0.8,-5.6,0.16,OK
F08801,2027-02-09 15:20,G1,12.0,0,12.0,-5.4,0.60,OK
F08802,2027-02-09 15:20,G2,20.8,1,19.8,-5.4,0.54,OK
F08803,2027-02-09 15:20,G3,21.6,-1,22.6,-5.4,0.59,OK
F08804,2027-02-09 15:20,G4,27.1,0,27.1,-5.4,0.54,OK
F08805,2027-02-09 15:20,G5,42.0,2,40.0,-5.4,0.57,OK
F08806,2027-02-09 15:20,G6,232.4,187,45.4,-5.4,0.58,OK
F08807,2027-02-09 15:20,G7,20.0,-2,22.0,-5.4,0.61,OK
F08808,2027-02-09 15:20,G8,13.4,0,13.4,-5.4,0.57,OK
F08809,2027-02-09 15:30,G1,-3.7,0,-3.7,-5.1,0.22,OK
F08810,2027-02-09 15:30,G2,-1.0,1,-2.0,-5.1,0.23,OK
F08811,2027-02-09 15:30,G3,0.7,-1,1.7,-5.1,0.22,OK
F08812,2027-02-09 15:30,G4,-4.1,0,-4.1,-5.1,0.23,OK
F08813,2027-02-09 15:30,G5,4.5,2,2.5,-5.1,0.16,OK
F08814,2027-02-09 15:30,G6,183.1,187,-3.9,-5.1,0.22,OK
F08815,2027-02-09 15:30,G7,0.7,-2,2.7,-5.1,0.17,OK
F08816,2027-02-09 15:30,G8,-2.5,0,-2.5,-5.1,0.22,OK
F08817,2027-02-09 15:40,G1,21.8,0,21.8,-4.9,0.74,OK
F08818,2027-02-09 15:40,G2,32.8,1,31.8,-4.9,0.73,OK
F08819,2027-02-09 15:40,G3,34.3,-1,35.3,-4.9,0.71,OK
F08820,2027-02-09 15:40,G4,44.7,0,44.7,-4.9,0.77,OK
F08821,2027-02-09 15:40,G5,52.0,2,50.0,-4.9,0.77,OK
F08822,2027-02-09 15:40,G6,254.3,187,67.3,-4.9,0.72,OK
F08823,2027-02-09 15:40,G7,40.4,-2,42.4,-4.9,0.73,OK
F08824,2027-02-09 15:40,G8,29.6,0,29.6,-4.9,0.73,OK
F08825,2027-02-09 15:50,G1,0.1,0,0.1,-4.7,0.20,OK
F08826,2027-02-09 15:50,G2,-1.1,1,-2.1,-4.7,0.17,OK
F08827,2027-02-09 15:50,G3,0.4,-1,1.4,-4.7,0.22,OK
F08828,2027-02-09 15:50,G4,2.8,0,2.8,-4.7,0.21,OK
F08829,2027-02-09 15:50,G5,4.0,2,2.0,-4.7,0.22,OK
F08830,2027-02-09 15:50,G6,192.3,187,5.3,-4.7,0.16,OK
F08831,2027-02-09 15:50,G7,2.6,-2,4.6,-4.7,0.23,OK
F08832,2027-02-09 15:50,G8,3.7,0,3.7,-4.7,0.23,OK
F08833,2027-02-09 16:00,G1,42.4,0,42.4,-4.4,1.11,OK
F08834,2027-02-09 16:00,G2,51.5,1,50.5,-4.4,1.09,OK
F08835,2027-02-09 16:00,G3,60.6,-1,61.6,-4.4,1.05,OK
F08836,2027-02-09 16:00,G4,74.9,0,74.9,-4.4,1.09,OK
F08837,2027-02-09 16:00,G5,92.9,2,90.9,-4.4,1.11,OK
F08838,2027-02-09 16:00,G6,291.0,187,104.0,-4.4,1.06,OK
F08839,2027-02-09 16:00,G7,66.3,-2,68.3,-4.4,1.09,OK
F08840,2027-02-09 16:00,G8,43.2,0,43.2,-4.4,1.09,OK
F08841,2027-02-09 16:10,G1,2.5,0,2.5,-4.2,0.20,OK
F08842,2027-02-09 16:10,G2,3.8,1,2.8,-4.2,0.23,OK
F08843,2027-02-09 16:10,G3,2.0,-1,3.0,-4.2,0.23,OK
F08844,2027-02-09 16:10,G4,1.7,0,1.7,-4.2,0.18,OK
F08845,2027-02-09 16:10,G5,7.6,2,5.6,-4.2,0.16,OK
F08846,2027-02-09 16:10,G6,187.7,187,0.7,-4.2,0.19,OK
F08847,2027-02-09 16:10,G7,3.1,-2,5.1,-4.2,0.17,OK
F08848,2027-02-09 16:10,G8,-0.2,0,-0.2,-4.2,0.22,OK
F08849,2027-02-09 16:20,G1,25.4,0,25.4,-4.0,0.60,OK
F08850,2027-02-09 16:20,G2,26.0,1,25.0,-4.0,0.62,OK
F08851,2027-02-09 16:20,G3,32.3,-1,33.3,-4.0,0.63,OK
F08852,2027-02-09 16:20,G4,38.9,0,38.9,-4.0,0.61,OK
F08853,2027-02-09 16:20,G5,44.6,2,42.6,-4.0,0.65,OK
F08854,2027-02-09 16:20,G6,238.2,187,51.2,-4.0,0.63,OK
F08855,2027-02-09 16:20,G7,30.3,-2,32.3,-4.0,0.61,OK
F08856,2027-02-09 16:20,G8,25.0,0,25.0,-4.0,0.65,OK
F08857,2027-02-09 16:30,G1,5.6,0,5.6,-3.8,0.16,OK
F08858,2027-02-09 16:30,G2,5.3,1,4.3,-3.8,0.23,OK
F08859,2027-02-09 16:30,G3,5.8,-1,6.8,-3.8,0.22,OK
F08860,2027-02-09 16:30,G4,6.5,0,6.5,-3.8,0.23,OK
F08861,2027-02-09 16:30,G5,9.4,2,7.4,-3.8,0.21,OK
F08862,2027-02-09 16:30,G6,187.3,187,0.3,-3.8,0.23,OK
F08863,2027-02-09 16:30,G7,-2.6,-2,-0.6,-3.8,0.19,OK
F08864,2027-02-09 16:30,G8,4.6,0,4.6,-3.8,0.22,OK
F08865,2027-02-09 16:40,G1,26.2,0,26.2,-3.6,0.77,OK
F08866,2027-02-09 16:40,G2,33.5,1,32.5,-3.6,0.84,OK
F08867,2027-02-09 16:40,G3,42.7,-1,43.7,-3.6,0.83,OK
F08868,2027-02-09 16:40,G4,52.9,0,52.9,-3.6,0.84,OK
F08869,2027-02-09 16:40,G5,61.4,2,59.4,-3.6,0.85,OK
F08870,2027-02-09 16:40,G6,258.6,187,71.6,-3.6,0.80,OK
F08871,2027-02-09 16:40,G7,45.7,-2,47.7,-3.6,0.78,OK
F08872,2027-02-09 16:40,G8,36.7,0,36.7,-3.6,0.77,OK
F08873,2027-02-09 16:50,G1,6.7,0,6.7,-3.4,0.19,OK
F08874,2027-02-09 16:50,G2,1.0,1,-0.0,-3.4,0.23,OK
F08875,2027-02-09 16:50,G3,2.2,-1,3.2,-3.4,0.18,OK
F08876,2027-02-09 16:50,G4,1.9,0,1.9,-3.4,0.16,OK
F08877,2027-02-09 16:50,G5,8.2,2,6.2,-3.4,0.22,OK
F08878,2027-02-09 16:50,G6,187.6,187,0.6,-3.4,0.16,OK
F08879,2027-02-09 16:50,G7,5.8,-2,7.8,-3.4,0.20,OK
F08880,2027-02-09 16:50,G8,5.8,0,5.8,-3.4,0.22,OK
F08881,2027-02-09 17:00,G1,14.6,0,14.6,-3.2,0.51,OK
F08882,2027-02-09 17:00,G2,23.4,1,22.4,-3.2,0.53,OK
F08883,2027-02-09 17:00,G3,26.2,-1,27.2,-3.2,0.49,OK
F08884,2027-02-09 17:00,G4,26.7,0,26.7,-3.2,0.54,OK
F08885,2027-02-09 17:00,G5,42.9,2,40.9,-3.2,0.50,OK
F08886,2027-02-09 17:00,G6,232.2,187,45.2,-3.2,0.51,OK
F08887,2027-02-09 17:00,G7,26.0,-2,28.0,-3.2,0.52,OK
F08888,2027-02-09 17:00,G8,17.1,0,17.1,-3.2,0.53,OK
F08889,2027-02-09 17:10,G1,3.9,0,3.9,-3.0,0.16,OK
F08890,2027-02-09 17:10,G2,2.0,1,1.0,-3.0,0.22,OK
F08891,2027-02-09 17:10,G3,0.5,-1,1.5,-3.0,0.17,OK
F08892,2027-02-09 17:10,G4,6.5,0,6.5,-3.0,0.23,OK
F08893,2027-02-09 17:10,G5,9.3,2,7.3,-3.0,0.23,OK
F08894,2027-02-09 17:10,G6,193.6,187,6.6,-3.0,0.21,OK
F08895,2027-02-09 17:10,G7,-0.2,-2,1.8,-3.0,0.20,OK
F08896,2027-02-09 17:10,G8,4.9,0,4.9,-3.0,0.17,OK
F08897,2027-02-09 17:20,G1,23.9,0,23.9,-2.8,0.72,OK
F08898,2027-02-09 17:20,G2,31.8,1,30.8,-2.8,0.68,OK
F08899,2027-02-09 17:20,G3,36.1,-1,37.1,-2.8,0.67,OK
F08900,2027-02-09 17:20,G4,45.8,0,45.8,-2.8,0.72,OK
F08901,2027-02-09 17:20,G5,57.4,2,55.4,-2.8,0.73,OK
F08902,2027-02-09 17:20,G6,250.1,187,63.1,-2.8,0.72,OK
F08903,2027-02-09 17:20,G7,44.2,-2,46.2,-2.8,0.70,OK
F08904,2027-02-09 17:20,G8,34.6,0,34.6,-2.8,0.71,OK
F08905,2027-02-09 17:30,G1,0.7,0,0.7,-2.7,0.18,OK
F08906,2027-02-09 17:30,G2,7.7,1,6.7,-2.7,0.22,OK
F08907,2027-02-09 17:30,G3,1.6,-1,2.6,-2.7,0.16,OK
F08908,2027-02-09 17:30,G4,3.7,0,3.7,-2.7,0.18,OK
F08909,2027-02-09 17:30,G5,11.2,2,9.2,-2.7,0.23,OK
F08910,2027-02-09 17:30,G6,190.1,187,3.1,-2.7,0.22,OK
F08911,2027-02-09 17:30,G7,7.1,-2,9.1,-2.7,0.19,OK
F08912,2027-02-09 17:30,G8,8.6,0,8.6,-2.7,0.20,OK
F08913,2027-02-09 17:40,G1,32.2,0,32.2,-2.5,0.90,OK
F08914,2027-02-09 17:40,G2,39.3,1,38.3,-2.5,0.91,OK
F08915,2027-02-09 17:40,G3,44.8,-1,45.8,-2.5,0.89,OK
F08916,2027-02-09 17:40,G4,60.8,0,60.8,-2.5,0.84,OK
F08917,2027-02-09 17:40,G5,74.7,2,72.7,-2.5,0.89,OK
F08918,2027-02-09 17:40,G6,268.9,187,81.9,-2.5,0.90,OK
F08919,2027-02-09 17:40,G7,55.3,-2,57.3,-2.5,0.84,OK
F08920,2027-02-09 17:40,G8,40.5,0,40.5,-2.5,0.87,OK
F08921,2027-02-09 17:50,G1,9.9,0,9.9,-2.4,0.22,OK
F08922,2027-02-09 17:50,G2,9.2,1,8.2,-2.4,0.19,OK
F08923,2027-02-09 17:50,G3,6.6,-1,7.6,-2.4,0.16,OK
F08924,2027-02-09 17:50,G4,7.4,0,7.4,-2.4,0.22,OK
F08925,2027-02-09 17:50,G5,5.1,2,3.1,-2.4,0.23,OK
F08926,2027-02-09 17:50,G6,197.2,187,10.2,-2.4,0.18,OK
F08927,2027-02-09 17:50,G7,3.6,-2,5.6,-2.4,0.18,OK
F08928,2027-02-09 17:50,G8,6.9,0,6.9,-2.4,0.16,OK
F08929,2027-02-09 18:00,G1,22.9,0,22.9,-2.2,0.62,OK
F08930,2027-02-09 18:00,G2,23.8,1,22.8,-2.2,0.60,OK
F08931,2027-02-09 18:00,G3,26.9,-1,27.9,-2.2,0.58,OK
F08932,2027-02-09 18:00,G4,40.6,0,40.6,-2.2,0.58,OK
F08933,2027-02-09 18:00,G5,43.9,2,41.9,-2.2,0.57,OK
F08934,2027-02-09 18:00,G6,239.3,187,52.3,-2.2,0.57,OK
F08935,2027-02-09 18:00,G7,35.4,-2,37.4,-2.2,0.58,OK
F08936,2027-02-09 18:00,G8,25.0,0,25.0,-2.2,0.60,OK
F08937,2027-02-09 18:10,G1,7.9,0,7.9,-2.1,0.21,OK
F08938,2027-02-09 18:10,G2,4.9,1,3.9,-2.1,0.18,OK
F08939,2027-02-09 18:10,G3,1.4,-1,2.4,-2.1,0.22,OK
F08940,2027-02-09 18:10,G4,9.1,0,9.1,-2.1,0.20,OK
F08941,2027-02-09 18:10,G5,7.6,2,5.6,-2.1,0.24,OK
F08942,2027-02-09 18:10,G6,192.1,187,5.1,-2.1,0.24,OK
F08943,2027-02-09 18:10,G7,8.5,-2,10.5,-2.1,0.23,OK
F08944,2027-02-09 18:10,G8,4.2,0,4.2,-2.1,0.22,OK
F08945,2027-02-09 18:20,G1,28.8,0,28.8,-2.0,0.78,OK
F08946,2027-02-09 18:20,G2,37.5,1,36.5,-2.0,0.72,OK
F08947,2027-02-09 18:20,G3,40.7,-1,41.7,-2.0,0.79,OK
F08948,2027-02-09 18:20,G4,56.0,0,56.0,-2.0,0.73,OK
F08949,2027-02-09 18:20,G5,61.0,2,59.0,-2.0,0.72,OK
F08950,2027-02-09 18:20,G6,259.2,187,72.2,-2.0,0.76,OK
F08951,2027-02-09 18:20,G7,49.8,-2,51.8,-2.0,0.77,OK
F08952,2027-02-09 18:20,G8,36.3,0,36.3,-2.0,0.72,OK
F08953,2027-02-09 18:30,G1,5.3,0,5.3,-1.9,0.17,OK
F08954,2027-02-09 18:30,G2,3.9,1,2.9,-1.9,0.17,OK
F08955,2027-02-09 18:30,G3,8.4,-1,9.4,-1.9,0.23,OK
F08956,2027-02-09 18:30,G4,6.7,0,6.7,-1.9,0.23,OK
F08957,2027-02-09 18:30,G5,8.0,2,6.0,-1.9,0.20,OK
F08958,2027-02-09 18:30,G6,194.3,187,7.3,-1.9,0.20,OK
F08959,2027-02-09 18:30,G7,4.2,-2,6.2,-1.9,0.23,OK
F08960,2027-02-09 18:30,G8,9.6,0,9.6,-1.9,0.21,OK
F08961,2027-02-09 18:40,G1,35.5,0,35.5,-1.8,0.94,OK
F08962,2027-02-09 18:40,G2,46.1,1,45.1,-1.8,0.93,OK
F08963,2027-02-09 18:40,G3,58.8,-1,59.8,-1.8,0.97,OK
F08964,2027-02-09 18:40,G4,72.7,0,72.7,-1.8,0.93,OK
F08965,2027-02-09 18:40,G5,86.5,2,84.5,-1.8,0.97,OK
F08966,2027-02-09 18:40,G6,280.2,187,93.2,-1.8,0.90,OK
F08967,2027-02-09 18:40,G7,61.2,-2,63.2,-1.8,0.92,OK
F08968,2027-02-09 18:40,G8,47.1,0,47.1,-1.8,0.97,OK
F08969,2027-02-09 18:50,G1,9.1,0,9.1,-1.7,0.20,OK
F08970,2027-02-09 18:50,G2,5.8,1,4.8,-1.7,0.20,OK
F08971,2027-02-09 18:50,G3,8.2,-1,9.2,-1.7,0.21,OK
F08972,2027-02-09 18:50,G4,7.7,0,7.7,-1.7,0.22,OK
F08973,2027-02-09 18:50,G5,6.5,2,4.5,-1.7,0.21,OK
F08974,2027-02-09 18:50,G6,195.0,187,8.0,-1.7,0.19,OK
F08975,2027-02-09 18:50,G7,11.8,-2,13.8,-1.7,0.20,OK
F08976,2027-02-09 18:50,G8,13.7,0,13.7,-1.7,0.20,OK
F08977,2027-02-09 19:00,G1,27.1,0,27.1,-1.6,0.61,OK
F08978,2027-02-09 19:00,G2,33.0,1,32.0,-1.6,0.62,OK
F08979,2027-02-09 19:00,G3,40.2,-1,41.2,-1.6,0.65,OK
F08980,2027-02-09 19:00,G4,41.9,0,41.9,-1.6,0.64,OK
F08981,2027-02-09 19:00,G5,56.2,2,54.2,-1.6,0.64,OK
F08982,2027-02-09 19:00,G6,250.0,187,63.0,-1.6,0.63,OK
F08983,2027-02-09 19:00,G7,37.3,-2,39.3,-1.6,0.65,OK
F08984,2027-02-09 19:00,G8,33.2,0,33.2,-1.6,0.61,OK
F08985,2027-02-09 19:10,G1,10.2,0,10.2,-1.6,0.23,OK
F08986,2027-02-09 19:10,G2,5.8,1,4.8,-1.6,0.20,OK
F08987,2027-02-09 19:10,G3,9.9,-1,10.9,-1.6,0.16,OK
F08988,2027-02-09 19:10,G4,9.8,0,9.8,-1.6,0.21,OK
F08989,2027-02-09 19:10,G5,14.8,2,12.8,-1.6,0.21,OK
F08990,2027-02-09 19:10,G6,195.5,187,8.5,-1.6,0.16,OK
F08991,2027-02-09 19:10,G7,7.1,-2,9.1,-1.6,0.21,OK
F08992,2027-02-09 19:10,G8,14.5,0,14.5,-1.6,0.19,OK
F08993,2027-02-09 19:20,G1,31.0,0,31.0,-1.5,0.79,OK
F08994,2027-02-09 19:20,G2,43.8,1,42.8,-1.5,0.85,OK
F08995,2027-02-09 19:20,G3,49.1,-1,50.1,-1.5,0.85,OK
F08996,2027-02-09 19:20,G4,57.1,0,57.1,-1.5,0.83,OK
F08997,2027-02-09 19:20,G5,74.8,2,72.8,-1.5,0.78,OK
F08998,2027-02-09 19:20,G6,264.3,187,77.3,-1.5,0.86,OK
F08999,2027-02-09 19:20,G7,52.1,-2,54.1,-1.5,0.83,OK
F09000,2027-02-09 19:20,G8,45.2,0,45.2,-1.5,0.84,OK
F09001,2027-02-09 19:30,G1,6.1,0,6.1,-1.5,0.21,OK
F09002,2027-02-09 19:30,G2,5.0,1,4.0,-1.5,0.18,OK
F09003,2027-02-09 19:30,G3,5.2,-1,6.2,-1.5,0.17,OK
F09004,2027-02-09 19:30,G4,10.0,0,10.0,-1.5,0.18,OK
F09005,2027-02-09 19:30,G5,7.6,2,5.6,-1.5,0.21,OK
F09006,2027-02-09 19:30,G6,198.7,187,11.7,-1.5,0.22,OK
F09007,2027-02-09 19:30,G7,9.9,-2,11.9,-1.5,0.20,OK
F09008,2027-02-09 19:30,G8,10.6,0,10.6,-1.5,0.23,OK
F09009,2027-02-09 19:40,G1,44.5,0,44.5,-1.5,1.01,OK
F09010,2027-02-09 19:40,G2,48.2,1,47.2,-1.5,1.01,OK
F09011,2027-02-09 19:40,G3,58.0,-1,59.0,-1.5,0.98,OK
F09012,2027-02-09 19:40,G4,70.9,0,70.9,-1.5,0.96,OK
F09013,2027-02-09 19:40,G5,88.4,2,86.4,-1.5,0.99,OK
F09014,2027-02-09 19:40,G6,291.1,187,104.1,-1.5,1.03,OK
F09015,2027-02-09 19:40,G7,67.9,-2,69.9,-1.5,1.02,OK
F09016,2027-02-09 19:40,G8,45.9,0,45.9,-1.5,1.00,OK
F09017,2027-02-09 19:50,G1,3.3,0,3.3,-1.4,0.16,OK
F09018,2027-02-09 19:50,G2,7.8,1,6.8,-1.4,0.18,OK
F09019,2027-02-09 19:50,G3,6.2,-1,7.2,-1.4,0.17,OK
F09020,2027-02-09 19:50,G4,12.9,0,12.9,-1.4,0.18,OK
F09021,2027-02-09 19:50,G5,7.2,2,5.2,-1.4,0.21,OK
F09022,2027-02-09 19:50,G6,194.6,187,7.6,-1.4,0.17,OK
F09023,2027-02-09 19:50,G7,12.4,-2,14.4,-1.4,0.21,OK
F09024,2027-02-09 19:50,G8,14.2,0,14.2,-1.4,0.20,OK
F09025,2027-02-09 20:00,G1,30.0,0,30.0,-1.4,0.67,OK
F09026,2027-02-09 20:00,G2,38.2,1,37.2,-1.4,0.71,OK
F09027,2027-02-09 20:00,G3,38.5,-1,39.5,-1.4,0.67,OK
F09028,2027-02-09 20:00,G4,50.7,0,50.7,-1.4,0.68,OK
F09029,2027-02-09 20:00,G5,63.8,2,61.8,-1.4,0.72,OK
F09030,2027-02-09 20:00,G6,258.0,187,71.0,-1.4,0.71,OK
F09031,2027-02-09 20:00,G7,43.0,-2,45.0,-1.4,0.67,OK
F09032,2027-02-09 20:00,G8,36.2,0,36.2,-1.4,0.70,OK
F09033,2027-02-09 20:10,G1,8.6,0,8.6,-1.4,0.24,OK
F09034,2027-02-09 20:10,G2,6.6,1,5.6,-1.4,0.23,OK
F09035,2027-02-09 20:10,G3,11.4,-1,12.4,-1.4,0.17,OK
F09036,2027-02-09 20:10,G4,9.3,0,9.3,-1.4,0.17,OK
F09037,2027-02-09 20:10,G5,11.8,2,9.8,-1.4,0.21,OK
F09038,2027-02-09 20:10,G6,200.4,187,13.4,-1.4,0.19,OK
F09039,2027-02-09 20:10,G7,8.5,-2,10.5,-1.4,0.24,OK
F09040,2027-02-09 20:10,G8,7.8,0,7.8,-1.4,0.22,OK
F09041,2027-02-09 20:20,G1,39.1,0,39.1,-1.5,0.91,OK
F09042,2027-02-09 20:20,G2,49.9,1,48.9,-1.5,0.85,OK
F09043,2027-02-09 20:20,G3,52.9,-1,53.9,-1.5,0.88,OK
F09044,2027-02-09 20:20,G4,66.0,0,66.0,-1.5,0.87,OK
F09045,2027-02-09 20:20,G5,75.7,2,73.7,-1.5,0.92,OK
F09046,2027-02-09 20:20,G6,274.8,187,87.8,-1.5,0.86,OK
F09047,2027-02-09 20:20,G7,56.2,-2,58.2,-1.5,0.86,OK
F09048,2027-02-09 20:20,G8,43.0,0,43.0,-1.5,0.91,OK
F09049,2027-02-09 20:30,G1,9.6,0,9.6,-1.5,0.19,OK
F09050,2027-02-09 20:30,G2,6.7,1,5.7,-1.5,0.17,OK
F09051,2027-02-09 20:30,G3,4.7,-1,5.7,-1.5,0.23,OK
F09052,2027-02-09 20:30,G4,6.3,0,6.3,-1.5,0.20,OK
F09053,2027-02-09 20:30,G5,12.4,2,10.4,-1.5,0.17,OK
F09054,2027-02-09 20:30,G6,193.7,187,6.7,-1.5,0.20,OK
F09055,2027-02-09 20:30,G7,7.7,-2,9.7,-1.5,0.18,OK
F09056,2027-02-09 20:30,G8,6.8,0,6.8,-1.5,0.21,OK
F09057,2027-02-09 20:40,G1,44.9,0,44.9,-1.5,1.07,OK
F09058,2027-02-09 20:40,G2,57.4,1,56.4,-1.5,1.03,OK
F09059,2027-02-09 20:40,G3,59.9,-1,60.9,-1.5,1.08,OK
F09060,2027-02-09 20:40,G4,75.1,0,75.1,-1.5,1.02,OK
F09061,2027-02-09 20:40,G5,98.7,2,96.7,-1.5,1.09,OK
F09062,2027-02-09 20:40,G6,298.7,187,111.7,-1.5,1.09,OK
F09063,2027-02-09 20:40,G7,72.1,-2,74.1,-1.5,1.05,OK
F09064,2027-02-09 20:40,G8,48.8,0,48.8,-1.5,1.02,OK
F09065,2027-02-09 20:50,G1,2.8,0,2.8,-1.6,0.19,OK
F09066,2027-02-09 20:50,G2,8.9,1,7.9,-1.6,0.20,OK
F09067,2027-02-09 20:50,G3,7.4,-1,8.4,-1.6,0.21,OK
F09068,2027-02-09 20:50,G4,9.1,0,9.1,-1.6,0.24,OK
F09069,2027-02-09 20:50,G5,9.4,2,7.4,-1.6,0.22,OK
F09070,2027-02-09 20:50,G6,193.5,187,6.5,-1.6,0.17,OK
F09071,2027-02-09 20:50,G7,6.5,-2,8.5,-1.6,0.23,OK
F09072,2027-02-09 20:50,G8,6.7,0,6.7,-1.6,0.16,OK
F09073,2027-02-09 21:00,G1,33.8,0,33.8,-1.6,0.77,OK
F09074,2027-02-09 21:00,G2,42.5,1,41.5,-1.6,0.75,OK
F09075,2027-02-09 21:00,G3,46.9,-1,47.9,-1.6,0.79,OK
F09076,2027-02-09 21:00,G4,54.0,0,54.0,-1.6,0.79,OK
F09077,2027-02-09 21:00,G5,64.9,2,62.9,-1.6,0.74,OK
F09078,2027-02-09 21:00,G6,260.7,187,73.7,-1.6,0.75,OK
F09079,2027-02-09 21:00,G7,50.1,-2,52.1,-1.6,0.75,OK
F09080,2027-02-09 21:00,G8,33.7,0,33.7,-1.6,0.78,OK
F09081,2027-02-09 21:10,G1,11.1,0,11.1,-1.7,0.20,OK
F09082,2027-02-09 21:10,G2,10.0,1,9.0,-1.7,0.18,OK
F09083,2027-02-09 21:10,G3,10.4,-1,11.4,-1.7,0.16,OK
F09084,2027-02-09 21:10,G4,3.7,0,3.7,-1.7,0.21,OK
F09085,2027-02-09 21:10,G5,11.3,2,9.3,-1.7,0.23,OK
F09086,2027-02-09 21:10,G6,199.7,187,12.7,-1.7,0.23,OK
F09087,2027-02-09 21:10,G7,7.3,-2,9.3,-1.7,0.21,OK
F09088,2027-02-09 21:10,G8,5.6,0,5.6,-1.7,0.20,OK
F09089,2027-02-09 21:20,G1,39.4,0,39.4,-1.8,0.90,OK
F09090,2027-02-09 21:20,G2,53.0,1,52.0,-1.8,0.95,OK
F09091,2027-02-09 21:20,G3,58.7,-1,59.7,-1.8,0.95,OK
F09092,2027-02-09 21:20,G4,69.2,0,69.2,-1.8,0.91,OK
F09093,2027-02-09 21:20,G5,83.0,2,81.0,-1.8,0.92,OK
F09094,2027-02-09 21:20,G6,277.6,187,90.6,-1.8,0.91,OK
F09095,2027-02-09 21:20,G7,61.6,-2,63.6,-1.8,0.94,OK
F09096,2027-02-09 21:20,G8,48.7,0,48.7,-1.8,0.96,OK
F09097,2027-02-09 21:30,G1,9.9,0,9.9,-1.9,0.20,OK
F09098,2027-02-09 21:30,G2,6.2,1,5.2,-1.9,0.20,OK
F09099,2027-02-09 21:30,G3,6.7,-1,7.7,-1.9,0.22,OK
F09100,2027-02-09 21:30,G4,5.0,0,5.0,-1.9,0.22,OK
F09101,2027-02-09 21:30,G5,9.8,2,7.8,-1.9,0.18,OK
F09102,2027-02-09 21:30,G6,193.6,187,6.6,-1.9,0.19,OK
F09103,2027-02-09 21:30,G7,8.2,-2,10.2,-1.9,0.19,OK
F09104,2027-02-09 21:30,G8,6.2,0,6.2,-1.9,0.21,OK
F09105,2027-02-09 21:40,G1,44.2,0,44.2,-2.0,1.08,OK
F09106,2027-02-09 21:40,G2,54.4,1,53.4,-2.0,1.09,OK
F09107,2027-02-09 21:40,G3,65.0,-1,66.0,-2.0,1.09,OK
F09108,2027-02-09 21:40,G4,87.3,0,87.3,-2.0,1.10,OK
F09109,2027-02-09 21:40,G5,97.2,2,95.2,-2.0,1.10,OK
F09110,2027-02-09 21:40,G6,303.4,187,116.4,-2.0,1.13,OK
F09111,2027-02-09 21:40,G7,72.3,-2,74.3,-2.0,1.08,OK
F09112,2027-02-09 21:40,G8,51.4,0,51.4,-2.0,1.10,OK
F09113,2027-02-09 21:50,G1,7.5,0,7.5,-2.1,0.20,OK
F09114,2027-02-09 21:50,G2,4.8,1,3.8,-2.1,0.17,OK
F09115,2027-02-09 21:50,G3,5.3,-1,6.3,-2.1,0.17,OK
F09116,2027-02-09 21:50,G4,5.8,0,5.8,-2.1,0.22,OK
F09117,2027-02-09 21:50,G5,11.5,2,9.5,-2.1,0.22,OK
F09118,2027-02-09 21:50,G6,192.4,187,5.4,-2.1,0.24,OK
F09119,2027-02-09 21:50,G7,6.6,-2,8.6,-2.1,0.23,OK
F09120,2027-02-09 21:50,G8,8.6,0,8.6,-2.1,0.18,OK
F09121,2027-02-09 22:00,G1,9.0,0,9.0,-2.2,0.23,OK
F09122,2027-02-09 22:00,G2,8.4,1,7.4,-2.2,0.22,OK
F09123,2027-02-09 22:00,G3,2.9,-1,3.9,-2.2,0.18,OK
F09124,2027-02-09 22:00,G4,9.8,0,9.8,-2.2,0.21,OK
F09125,2027-02-09 22:00,G5,11.8,2,9.8,-2.2,0.22,OK
F09126,2027-02-09 22:00,G6,195.2,187,8.2,-2.2,0.16,OK
F09127,2027-02-09 22:00,G7,3.4,-2,5.4,-2.2,0.23,OK
F09128,2027-02-09 22:00,G8,5.8,0,5.8,-2.2,0.23,OK
F09129,2027-02-09 22:10,G1,8.7,0,8.7,-2.4,0.19,OK
F09130,2027-02-09 22:10,G2,5.7,1,4.7,-2.4,0.21,OK
F09131,2027-02-09 22:10,G3,7.7,-1,8.7,-2.4,0.22,OK
F09132,2027-02-09 22:10,G4,3.1,0,3.1,-2.4,0.22,OK
F09133,2027-02-09 22:10,G5,9.4,2,7.4,-2.4,0.19,OK
F09134,2027-02-09 22:10,G6,193.7,187,6.7,-2.4,0.21,OK
F09135,2027-02-09 22:10,G7,1.1,-2,3.1,-2.4,0.21,OK
F09136,2027-02-09 22:10,G8,7.5,0,7.5,-2.4,0.23,OK
F09137,2027-02-09 22:20,G1,4.7,0,4.7,-2.5,0.19,OK
F09138,2027-02-09 22:20,G2,7.4,1,6.4,-2.5,0.19,OK
F09139,2027-02-09 22:20,G3,6.2,-1,7.2,-2.5,0.21,OK
F09140,2027-02-09 22:20,G4,7.1,0,7.1,-2.5,0.23,OK
F09141,2027-02-09 22:20,G5,12.6,2,10.6,-2.5,0.22,OK
F09142,2027-02-09 22:20,G6,196.2,187,9.2,-2.5,0.22,OK
F09143,2027-02-09 22:20,G7,2.4,-2,4.4,-2.5,0.20,OK
F09144,2027-02-09 22:20,G8,7.8,0,7.8,-2.5,0.22,OK
F09145,2027-02-09 22:30,G1,7.4,0,7.4,-2.7,0.22,OK
F09146,2027-02-09 22:30,G2,5.3,1,4.3,-2.7,0.19,OK
F09147,2027-02-09 22:30,G3,8.3,-1,9.3,-2.7,0.18,OK
F09148,2027-02-09 22:30,G4,3.9,0,3.9,-2.7,0.21,OK
F09149,2027-02-09 22:30,G5,12.3,2,10.3,-2.7,0.16,OK
F09150,2027-02-09 22:30,G6,192.6,187,5.6,-2.7,0.21,OK
F09151,2027-02-09 22:30,G7,1.7,-2,3.7,-2.7,0.22,OK
F09152,2027-02-09 22:30,G8,10.1,0,10.1,-2.7,0.21,OK
F09153,2027-02-09 22:40,G1,2.6,0,2.6,-2.8,0.23,OK
F09154,2027-02-09 22:40,G2,3.9,1,2.9,-2.8,0.19,OK
F09155,2027-02-09 22:40,G3,4.3,-1,5.3,-2.8,0.17,OK
F09156,2027-02-09 22:40,G4,7.8,0,7.8,-2.8,0.20,OK
F09157,2027-02-09 22:40,G5,9.3,2,7.3,-2.8,0.24,OK
F09158,2027-02-09 22:40,G6,194.6,187,7.6,-2.8,0.24,OK
F09159,2027-02-09 22:40,G7,6.6,-2,8.6,-2.8,0.20,OK
F09160,2027-02-09 22:40,G8,2.3,0,2.3,-2.8,0.20,OK
F09161,2027-02-09 22:50,G1,1.7,0,1.7,-3.0,0.22,OK
F09162,2027-02-09 22:50,G2,9.4,1,8.4,-3.0,0.17,OK
F09163,2027-02-09 22:50,G3,4.1,-1,5.1,-3.0,0.21,OK
F09164,2027-02-09 22:50,G4,6.5,0,6.5,-3.0,0.19,OK
F09165,2027-02-09 22:50,G5,8.8,2,6.8,-3.0,0.22,OK
F09166,2027-02-09 22:50,G6,188.6,187,1.6,-3.0,0.23,OK
F09167,2027-02-09 22:50,G7,5.4,-2,7.4,-3.0,0.20,OK
F09168,2027-02-09 22:50,G8,3.7,0,3.7,-3.0,0.19,OK
F09169,2027-02-09 23:00,G1,2.7,0,2.7,-3.2,0.21,OK
F09170,2027-02-09 23:00,G2,7.5,1,6.5,-3.2,0.17,OK
F09171,2027-02-09 23:00,G3,-0.0,-1,1.0,-3.2,0.23,OK
F09172,2027-02-09 23:00,G4,6.4,0,6.4,-3.2,0.21,OK
F09173,2027-02-09 23:00,G5,2.5,2,0.5,-3.2,0.18,OK
F09174,2027-02-09 23:00,G6,193.7,187,6.7,-3.2,0.20,OK
F09175,2027-02-09 23:00,G7,-0.4,-2,1.6,-3.2,0.16,OK
F09176,2027-02-09 23:00,G8,9.7,0,9.7,-3.2,0.24,OK
F09177,2027-02-09 23:10,G1,1.7,0,1.7,-3.4,0.21,OK
F09178,2027-02-09 23:10,G2,7.0,1,6.0,-3.4,0.20,OK
F09179,2027-02-09 23:10,G3,4.5,-1,5.5,-3.4,0.20,OK
F09180,2027-02-09 23:10,G4,7.9,0,7.9,-3.4,0.18,OK
F09181,2027-02-09 23:10,G5,9.9,2,7.9,-3.4,0.22,OK
F09182,2027-02-09 23:10,G6,193.3,187,6.3,-3.4,0.18,OK
F09183,2027-02-09 23:10,G7,0.9,-2,2.9,-3.4,0.18,OK
F09184,2027-02-09 23:10,G8,8.4,0,8.4,-3.4,0.24,OK
F09185,2027-02-09 23:20,G1,1.3,0,1.3,-3.6,0.20,OK
F09186,2027-02-09 23:20,G2,7.6,1,6.6,-3.6,0.19,OK
F09187,2027-02-09 23:20,G3,-2.0,-1,-1.0,-3.6,0.18,OK
F09188,2027-02-09 23:20,G4,4.3,0,4.3,-3.6,0.20,OK
F09189,2027-02-09 23:20,G5,5.0,2,3.0,-3.6,0.19,OK
F09190,2027-02-09 23:20,G6,188.1,187,1.1,-3.6,0.16,OK
F09191,2027-02-09 23:20,G7,2.2,-2,4.2,-3.6,0.17,OK
F09192,2027-02-09 23:20,G8,3.2,0,3.2,-3.6,0.23,OK
F09193,2027-02-09 23:30,G1,-0.2,0,-0.2,-3.8,0.23,OK
F09194,2027-02-09 23:30,G2,6.2,1,5.2,-3.8,0.19,OK
F09195,2027-02-09 23:30,G3,3.0,-1,4.0,-3.8,0.20,OK
F09196,2027-02-09 23:30,G4,-0.4,0,-0.4,-3.8,0.22,OK
F09197,2027-02-09 23:30,G5,6.0,2,4.0,-3.8,0.22,OK
F09198,2027-02-09 23:30,G6,191.3,187,4.3,-3.8,0.18,OK
F09199,2027-02-09 23:30,G7,4.2,-2,6.2,-3.8,0.21,OK
F09200,2027-02-09 23:30,G8,-0.1,0,-0.1,-3.8,0.21,OK
F09201,2027-02-09 23:40,G1,1.0,0,1.0,-4.0,0.19,OK
F09202,2027-02-09 23:40,G2,3.6,1,2.6,-4.0,0.17,OK
F09203,2027-02-09 23:40,G3,4.5,-1,5.5,-4.0,0.17,OK
F09204,2027-02-09 23:40,G4,1.8,0,1.8,-4.0,0.23,OK
F09205,2027-02-09 23:40,G5,3.4,2,1.4,-4.0,0.18,OK
F09206,2027-02-09 23:40,G6,189.6,187,2.6,-4.0,0.23,OK
F09207,2027-02-09 23:40,G7,5.2,-2,7.2,-4.0,0.22,OK
F09208,2027-02-09 23:40,G8,-1.3,0,-1.3,-4.0,0.17,OK
F09209,2027-02-09 23:50,G1,0.8,0,0.8,-4.2,0.20,OK
F09210,2027-02-09 23:50,G2,0.0,1,-1.0,-4.2,0.19,OK
F09211,2027-02-09 23:50,G3,3.6,-1,4.6,-4.2,0.16,OK
F09212,2027-02-09 23:50,G4,6.0,0,6.0,-4.2,0.19,OK
F09213,2027-02-09 23:50,G5,2.5,2,0.5,-4.2,0.16,OK
F09214,2027-02-09 23:50,G6,185.7,187,-1.3,-4.2,0.19,OK
F09215,2027-02-09 23:50,G7,0.5,-2,2.5,-4.2,0.18,OK
F09216,2027-02-09 23:50,G8,-1.5,0,-1.5,-4.2,0.21,OK
F09217,2027-02-10 00:00,G1,0.6,0,0.6,-4.4,0.16,OK
F09218,2027-02-10 00:00,G2,-0.9,1,-1.9,-4.4,0.24,OK
F09219,2027-02-10 00:00,G3,1.8,-1,2.8,-4.4,0.20,OK
F09220,2027-02-10 00:00,G4,3.5,0,3.5,-4.4,0.21,OK
F09221,2027-02-10 00:00,G5,2.9,2,0.9,-4.4,0.21,OK
F09222,2027-02-10 00:00,G6,185.0,187,-2.0,-4.4,0.23,OK
F09223,2027-02-10 00:00,G7,1.3,-2,3.3,-4.4,0.23,OK
F09224,2027-02-10 00:00,G8,4.3,0,4.3,-4.4,0.18,OK
F09225,2027-02-10 00:10,G1,-3.3,0,-3.3,-4.6,0.24,OK
F09226,2027-02-10 00:10,G2,1.8,1,0.8,-4.6,0.22,OK
F09227,2027-02-10 00:10,G3,-0.2,-1,0.8,-4.6,0.16,OK
F09228,2027-02-10 00:10,G4,-1.8,0,-1.8,-4.6,0.18,OK
F09229,2027-02-10 00:10,G5,-1.2,2,-3.2,-4.6,0.23,OK
F09230,2027-02-10 00:10,G6,189.3,187,2.3,-4.6,0.20,OK
F09231,2027-02-10 00:10,G7,1.5,-2,3.5,-4.6,0.19,OK
F09232,2027-02-10 00:10,G8,1.8,0,1.8,-4.6,0.22,OK
F09233,2027-02-10 00:20,G1,-3.7,0,-3.7,-4.8,0.20,OK
F09234,2027-02-10 00:20,G2,5.7,1,4.7,-4.8,0.24,OK
F09235,2027-02-10 00:20,G3,1.2,-1,2.2,-4.8,0.21,OK
F09236,2027-02-10 00:20,G4,-2.4,0,-2.4,-4.8,0.18,OK
F09237,2027-02-10 00:20,G5,-1.9,2,-3.9,-4.8,0.23,OK
F09238,2027-02-10 00:20,G6,187.8,187,0.8,-4.8,0.23,OK
F09239,2027-02-10 00:20,G7,1.5,-2,3.5,-4.8,0.22,OK
F09240,2027-02-10 00:20,G8,2.1,0,2.1,-4.8,0.23,OK
F09241,2027-02-10 00:30,G1,-0.3,0,-0.3,-5.1,0.22,OK
F09242,2027-02-10 00:30,G2,0.1,1,-0.9,-5.1,0.18,OK
F09243,2027-02-10 00:30,G3,2.0,-1,3.0,-5.1,0.19,OK
F09244,2027-02-10 00:30,G4,1.9,0,1.9,-5.1,0.18,OK
F09245,2027-02-10 00:30,G5,-2.5,2,-4.5,-5.1,0.18,OK
F09246,2027-02-10 00:30,G6,188.1,187,1.1,-5.1,0.24,OK
F09247,2027-02-10 00:30,G7,-1.7,-2,0.3,-5.1,0.17,OK
F09248,2027-02-10 00:30,G8,-3.9,0,-3.9,-5.1,0.22,OK
F09249,2027-02-10 00:40,G1,-5.1,0,-5.1,-5.3,0.17,OK
F09250,2027-02-10 00:40,G2,-0.3,1,-1.3,-5.3,0.21,OK
F09251,2027-02-10 00:40,G3,2.5,-1,3.5,-5.3,0.18,OK
F09252,2027-02-10 00:40,G4,2.7,0,2.7,-5.3,0.20,OK
F09253,2027-02-10 00:40,G5,-0.9,2,-2.9,-5.3,0.23,OK
F09254,2027-02-10 00:40,G6,181.8,187,-5.2,-5.3,0.22,OK
F09255,2027-02-10 00:40,G7,-6.0,-2,-4.0,-5.3,0.19,OK
F09256,2027-02-10 00:40,G8,-3.5,0,-3.5,-5.3,0.23,OK
F09257,2027-02-10 00:50,G1,-1.0,0,-1.0,-5.6,0.23,OK
F09258,2027-02-10 00:50,G2,-4.6,1,-5.6,-5.6,0.23,OK
F09259,2027-02-10 00:50,G3,-0.0,-1,1.0,-5.6,0.24,OK
F09260,2027-02-10 00:50,G4,-1.0,0,-1.0,-5.6,0.17,OK
F09261,2027-02-10 00:50,G5,-1.7,2,-3.7,-5.6,0.19,OK
F09262,2027-02-10 00:50,G6,187.1,187,0.1,-5.6,0.20,OK
F09263,2027-02-10 00:50,G7,-1.0,-2,1.0,-5.6,0.18,OK
F09264,2027-02-10 00:50,G8,-2.8,0,-2.8,-5.6,0.16,OK
F09265,2027-02-10 01:00,G1,-0.2,0,-0.2,-5.8,0.24,OK
F09266,2027-02-10 01:00,G2,-0.6,1,-1.6,-5.8,0.16,OK
F09267,2027-02-10 01:00,G3,-1.8,-1,-0.8,-5.8,0.21,OK
F09268,2027-02-10 01:00,G4,-4.4,0,-4.4,-5.8,0.19,OK
F09269,2027-02-10 01:00,G5,4.0,2,2.0,-5.8,0.23,OK
F09270,2027-02-10 01:00,G6,187.0,187,0.0,-5.8,0.22,OK
F09271,2027-02-10 01:00,G7,-0.2,-2,1.8,-5.8,0.23,OK
F09272,2027-02-10 01:00,G8,-1.1,0,-1.1,-5.8,0.23,OK
F09273,2027-02-10 01:10,G1,-3.7,0,-3.7,-6.1,0.20,OK
F09274,2027-02-10 01:10,G2,-0.4,1,-1.4,-6.1,0.17,OK
F09275,2027-02-10 01:10,G3,-6.8,-1,-5.8,-6.1,0.24,OK
F09276,2027-02-10 01:10,G4,-2.3,0,-2.3,-6.1,0.18,OK
F09277,2027-02-10 01:10,G5,-0.6,2,-2.6,-6.1,0.17,OK
F09278,2027-02-10 01:10,G6,182.7,187,-4.3,-6.1,0.23,OK
F09279,2027-02-10 01:10,G7,-2.9,-2,-0.9,-6.1,0.18,OK
F09280,2027-02-10 01:10,G8,-3.1,0,-3.1,-6.1,0.22,OK
F09281,2027-02-10 01:20,G1,-1.6,0,-1.6,-6.3,0.20,OK
F09282,2027-02-10 01:20,G2,-2.4,1,-3.4,-6.3,0.22,OK
F09283,2027-02-10 01:20,G3,-5.9,-1,-4.9,-6.3,0.18,OK
F09284,2027-02-10 01:20,G4,0.8,0,0.8,-6.3,0.16,OK
F09285,2027-02-10 01:20,G5,-4.4,2,-6.4,-6.3,0.22,OK
F09286,2027-02-10 01:20,G6,180.5,187,-6.5,-6.3,0.21,OK
F09287,2027-02-10 01:20,G7,-3.8,-2,-1.8,-6.3,0.24,OK
F09288,2027-02-10 01:20,G8,-3.4,0,-3.4,-6.3,0.23,OK
F09289,2027-02-10 01:30,G1,-4.1,0,-4.1,-6.6,0.18,OK
F09290,2027-02-10 01:30,G2,-6.8,1,-7.8,-6.6,0.24,OK
F09291,2027-02-10 01:30,G3,-7.7,-1,-6.7,-6.6,0.21,OK
F09292,2027-02-10 01:30,G4,-1.9,0,-1.9,-6.6,0.22,OK
F09293,2027-02-10 01:30,G5,-3.7,2,-5.7,-6.6,0.23,OK
F09294,2027-02-10 01:30,G6,184.0,187,-3.0,-6.6,0.22,OK
F09295,2027-02-10 01:30,G7,-11.0,-2,-9.0,-6.6,0.24,OK
F09296,2027-02-10 01:30,G8,-5.9,0,-5.9,-6.6,0.17,OK
F09297,2027-02-10 01:40,G1,-4.7,0,-4.7,-6.8,0.20,OK
F09298,2027-02-10 01:40,G2,-2.8,1,-3.8,-6.8,0.17,OK
F09299,2027-02-10 01:40,G3,-2.7,-1,-1.7,-6.8,0.24,OK
F09300,2027-02-10 01:40,G4,-7.1,0,-7.1,-6.8,0.23,OK
F09301,2027-02-10 01:40,G5,-3.7,2,-5.7,-6.8,0.20,OK
F09302,2027-02-10 01:40,G6,185.3,187,-1.7,-6.8,0.19,OK
F09303,2027-02-10 01:40,G7,-6.5,-2,-4.5,-6.8,0.16,OK
F09304,2027-02-10 01:40,G8,-9.0,0,-9.0,-6.8,0.17,OK
F09305,2027-02-10 01:50,G1,-6.5,0,-6.5,-7.1,0.20,OK
F09306,2027-02-10 01:50,G2,-6.5,1,-7.5,-7.1,0.23,OK
F09307,2027-02-10 01:50,G3,-5.6,-1,-4.6,-7.1,0.21,OK
F09308,2027-02-10 01:50,G4,-4.2,0,-4.2,-7.1,0.20,OK
F09309,2027-02-10 01:50,G5,-4.4,2,-6.4,-7.1,0.24,OK
F09310,2027-02-10 01:50,G6,179.2,187,-7.8,-7.1,0.22,OK
F09311,2027-02-10 01:50,G7,-7.1,-2,-5.1,-7.1,0.20,OK
F09312,2027-02-10 01:50,G8,-7.6,0,-7.6,-7.1,0.19,OK
F09313,2027-02-10 02:00,G1,-7.3,0,-7.3,-7.4,0.18,OK
F09314,2027-02-10 02:00,G2,-2.3,1,-3.3,-7.4,0.18,OK
F09315,2027-02-10 02:00,G3,-4.6,-1,-3.6,-7.4,0.22,OK
F09316,2027-02-10 02:00,G4,-2.6,0,-2.6,-7.4,0.21,OK
F09317,2027-02-10 02:00,G5,-5.1,2,-7.1,-7.4,0.17,OK
F09318,2027-02-10 02:00,G6,183.4,187,-3.6,-7.4,0.21,OK
F09319,2027-02-10 02:00,G7,-11.2,-2,-9.2,-7.4,0.22,OK
F09320,2027-02-10 02:00,G8,-8.8,0,-8.8,-7.4,0.19,OK
F09321,2027-02-10 02:10,G1,-3.0,0,-3.0,-7.6,0.23,OK
F09322,2027-02-10 02:10,G2,-5.1,1,-6.1,-7.6,0.23,OK
F09323,2027-02-10 02:10,G3,-7.7,-1,-6.7,-7.6,0.24,OK
F09324,2027-02-10 02:10,G4,-7.5,0,-7.5,-7.6,0.21,OK
F09325,2027-02-10 02:10,G5,-2.4,2,-4.4,-7.6,0.18,OK
F09326,2027-02-10 02:10,G6,176.6,187,-10.4,-7.6,0.23,OK
F09327,2027-02-10 02:10,G7,-6.1,-2,-4.1,-7.6,0.21,OK
F09328,2027-02-10 02:10,G8,-6.3,0,-6.3,-7.6,0.19,OK
F09329,2027-02-10 02:20,G1,-8.8,0,-8.8,-7.9,0.24,OK
F09330,2027-02-10 02:20,G2,-1.1,1,-2.1,-7.9,0.19,OK
F09331,2027-02-10 02:20,G3,-9.1,-1,-8.1,-7.9,0.22,OK
F09332,2027-02-10 02:20,G4,-8.6,0,-8.6,-7.9,0.22,OK
F09333,2027-02-10 02:20,G5,-2.0,2,-4.0,-7.9,0.18,OK
F09334,2027-02-10 02:20,G6,183.6,187,-3.4,-7.9,0.19,OK
F09335,2027-02-10 02:20,G7,-9.0,-2,-7.0,-7.9,0.17,OK
F09336,2027-02-10 02:20,G8,-6.7,0,-6.7,-7.9,0.16,OK
F09337,2027-02-10 02:30,G1,-9.2,0,-9.2,-8.1,0.18,OK
F09338,2027-02-10 02:30,G2,-6.9,1,-7.9,-8.1,0.23,OK
F09339,2027-02-10 02:30,G3,-12.0,-1,-11.0,-8.1,0.17,OK
F09340,2027-02-10 02:30,G4,-4.9,0,-4.9,-8.1,0.22,OK
F09341,2027-02-10 02:30,G5,-3.3,2,-5.3,-8.1,0.22,OK
F09342,2027-02-10 02:30,G6,181.1,187,-5.9,-8.1,0.19,OK
F09343,2027-02-10 02:30,G7,-11.5,-2,-9.5,-8.1,0.23,OK
F09344,2027-02-10 02:30,G8,-12.5,0,-12.5,-8.1,0.19,OK
F09345,2027-02-10 02:40,G1,-11.7,0,-11.7,-8.4,0.16,OK
F09346,2027-02-10 02:40,G2,-2.4,1,-3.4,-8.4,0.16,OK
F09347,2027-02-10 02:40,G3,-6.1,-1,-5.1,-8.4,0.18,OK
F09348,2027-02-10 02:40,G4,-10.4,0,-10.4,-8.4,0.16,OK
F09349,2027-02-10 02:40,G5,-2.9,2,-4.9,-8.4,0.21,OK
F09350,2027-02-10 02:40,G6,181.0,187,-6.0,-8.4,0.24,OK
F09351,2027-02-10 02:40,G7,-16.2,-2,-14.2,-8.4,0.22,OK
F09352,2027-02-10 02:40,G8,-13.5,0,-13.5,-8.4,0.17,OK
F09353,2027-02-10 02:50,G1,-7.1,0,-7.1,-8.7,0.23,OK
F09354,2027-02-10 02:50,G2,-11.7,1,-12.7,-8.7,0.17,OK
F09355,2027-02-10 02:50,G3,-12.6,-1,-11.6,-8.7,0.21,OK
F09356,2027-02-10 02:50,G4,-7.3,0,-7.3,-8.7,0.21,OK
F09357,2027-02-10 02:50,G5,-7.8,2,-9.8,-8.7,0.21,OK
F09358,2027-02-10 02:50,G6,177.0,187,-10.0,-8.7,0.24,OK
F09359,2027-02-10 02:50,G7,-13.1,-2,-11.1,-8.7,0.19,OK
F09360,2027-02-10 02:50,G8,-13.2,0,-13.2,-8.7,0.22,OK
F09361,2027-02-10 03:00,G1,-12.8,0,-12.8,-8.9,0.19,OK
F09362,2027-02-10 03:00,G2,-5.6,1,-6.6,-8.9,0.22,OK
F09363,2027-02-10 03:00,G3,-12.7,-1,-11.7,-8.9,0.16,OK
F09364,2027-02-10 03:00,G4,-5.8,0,-5.8,-8.9,0.24,OK
F09365,2027-02-10 03:00,G5,-6.3,2,-8.3,-8.9,0.24,OK
F09366,2027-02-10 03:00,G6,173.7,187,-13.3,-8.9,0.21,OK
F09367,2027-02-10 03:00,G7,-9.7,-2,-7.7,-8.9,0.18,OK
F09368,2027-02-10 03:00,G8,-8.4,0,-8.4,-8.9,0.16,OK
F09369,2027-02-10 03:10,G1,-5.2,0,-5.2,-9.2,0.19,OK
F09370,2027-02-10 03:10,G2,-9.0,1,-10.0,-9.2,0.19,OK
F09371,2027-02-10 03:10,G3,-8.2,-1,-7.2,-9.2,0.22,OK
F09372,2027-02-10 03:10,G4,-13.2,0,-13.2,-9.2,0.24,OK
F09373,2027-02-10 03:10,G5,-6.6,2,-8.6,-9.2,0.23,OK
F09374,2027-02-10 03:10,G6,174.4,187,-12.6,-9.2,0.19,OK
F09375,2027-02-10 03:10,G7,-16.9,-2,-14.9,-9.2,0.20,OK
F09376,2027-02-10 03:10,G8,-9.7,0,-9.7,-9.2,0.16,OK
F09377,2027-02-10 03:20,G1,-9.8,0,-9.8,-9.4,0.24,OK
F09378,2027-02-10 03:20,G2,-10.7,1,-11.7,-9.4,0.24,OK
F09379,2027-02-10 03:20,G3,-15.4,-1,-14.4,-9.4,0.19,OK
F09380,2027-02-10 03:20,G4,-9.4,0,-9.4,-9.4,0.18,OK
F09381,2027-02-10 03:20,G5,-6.3,2,-8.3,-9.4,0.17,OK
F09382,2027-02-10 03:20,G6,177.4,187,-9.6,-9.4,0.21,OK
F09383,2027-02-10 03:20,G7,-17.1,-2,-15.1,-9.4,0.20,OK
F09384,2027-02-10 03:20,G8,-14.9,0,-14.9,-9.4,0.19,OK
F09385,2027-02-10 03:30,G1,-13.5,0,-13.5,-9.7,0.23,OK
F09386,2027-02-10 03:30,G2,-11.2,1,-12.2,-9.7,0.22,OK
F09387,2027-02-10 03:30,G3,-11.1,-1,-10.1,-9.7,0.22,OK
F09388,2027-02-10 03:30,G4,-13.2,0,-13.2,-9.7,0.22,OK
F09389,2027-02-10 03:30,G5,-6.8,2,-8.8,-9.7,0.21,OK
F09390,2027-02-10 03:30,G6,174.8,187,-12.2,-9.7,0.22,OK
F09391,2027-02-10 03:30,G7,-12.4,-2,-10.4,-9.7,0.24,OK
F09392,2027-02-10 03:30,G8,-16.3,0,-16.3,-9.7,0.20,OK
F09393,2027-02-10 03:40,G1,-10.8,0,-10.8,-9.9,0.19,OK
F09394,2027-02-10 03:40,G2,-12.6,1,-13.6,-9.9,0.16,OK
F09395,2027-02-10 03:40,G3,-16.2,-1,-15.2,-9.9,0.18,OK
F09396,2027-02-10 03:40,G4,-14.8,0,-14.8,-9.9,0.22,OK
F09397,2027-02-10 03:40,G5,-8.0,2,-10.0,-9.9,0.21,OK
F09398,2027-02-10 03:40,G6,174.3,187,-12.7,-9.9,0.21,OK
F09399,2027-02-10 03:40,G7,-18.9,-2,-16.9,-9.9,0.18,OK
F09400,2027-02-10 03:40,G8,-14.8,0,-14.8,-9.9,0.20,OK
F09401,2027-02-10 03:50,G1,-14.6,0,-14.6,-10.1,0.22,OK
F09402,2027-02-10 03:50,G2,-14.9,1,-15.9,-10.1,0.20,OK
F09403,2027-02-10 03:50,G3,-11.2,-1,-10.2,-10.1,0.20,OK
F09404,2027-02-10 03:50,G4,-10.4,0,-10.4,-10.1,0.17,OK
F09405,2027-02-10 03:50,G5,-14.7,2,-16.7,-10.1,0.20,OK
F09406,2027-02-10 03:50,G6,175.2,187,-11.8,-10.1,0.23,OK
F09407,2027-02-10 03:50,G7,-15.1,-2,-13.1,-10.1,0.18,OK
F09408,2027-02-10 03:50,G8,-12.5,0,-12.5,-10.1,0.17,OK
F09409,2027-02-10 04:00,G1,-13.9,0,-13.9,-10.4,0.20,OK
F09410,2027-02-10 04:00,G2,-9.0,1,-10.0,-10.4,0.17,OK
F09411,2027-02-10 04:00,G3,-11.2,-1,-10.2,-10.4,0.21,OK
F09412,2027-02-10 04:00,G4,-10.2,0,-10.2,-10.4,0.22,OK
F09413,2027-02-10 04:00,G5,-15.7,2,-17.7,-10.4,0.20,OK
F09414,2027-02-10 04:00,G6,169.4,187,-17.6,-10.4,0.17,OK
F09415,2027-02-10 04:00,G7,-14.2,-2,-12.2,-10.4,0.24,OK
F09416,2027-02-10 04:00,G8,-11.6,0,-11.6,-10.4,0.16,OK
F09417,2027-02-10 04:10,G1,-15.3,0,-15.3,-10.6,0.21,OK
F09418,2027-02-10 04:10,G2,-13.0,1,-14.0,-10.6,0.20,OK
F09419,2027-02-10 04:10,G3,-11.7,-1,-10.7,-10.6,0.18,OK
F09420,2027-02-10 04:10,G4,-10.9,0,-10.9,-10.6,0.17,OK
F09421,2027-02-10 04:10,G5,-14.7,2,-16.7,-10.6,0.20,OK
F09422,2027-02-10 04:10,G6,171.4,187,-15.6,-10.6,0.18,OK
F09423,2027-02-10 04:10,G7,-17.1,-2,-15.1,-10.6,0.20,OK
F09424,2027-02-10 04:10,G8,-17.8,0,-17.8,-10.6,0.17,OK
F09425,2027-02-10 04:20,G1,-11.6,0,-11.6,-10.8,0.17,OK
F09426,2027-02-10 04:20,G2,-15.9,1,-16.9,-10.8,0.19,OK
F09427,2027-02-10 04:20,G3,-13.7,-1,-12.7,-10.8,0.21,OK
F09428,2027-02-10 04:20,G4,-14.0,0,-14.0,-10.8,0.23,OK
F09429,2027-02-10 04:20,G5,-10.3,2,-12.3,-10.8,0.23,OK
F09430,2027-02-10 04:20,G6,172.4,187,-14.6,-10.8,0.21,OK
F09431,2027-02-10 04:20,G7,-21.1,-2,-19.1,-10.8,0.23,OK
F09432,2027-02-10 04:20,G8,-13.9,0,-13.9,-10.8,0.23,OK
F09433,2027-02-10 04:30,G1,-10.7,0,-10.7,-11.0,0.23,OK
F09434,2027-02-10 04:30,G2,-16.0,1,-17.0,-11.0,0.20,OK
F09435,2027-02-10 04:30,G3,-12.4,-1,-11.4,-11.0,0.19,OK
F09436,2027-02-10 04:30,G4,-11.1,0,-11.1,-11.0,0.21,OK
F09437,2027-02-10 04:30,G5,-10.9,2,-12.9,-11.0,0.22,OK
F09438,2027-02-10 04:30,G6,167.7,187,-19.3,-11.0,0.24,OK
F09439,2027-02-10 04:30,G7,-23.0,-2,-21.0,-11.0,0.24,OK
F09440,2027-02-10 04:30,G8,-22.0,0,-22.0,-11.0,0.17,OK
F09441,2027-02-10 04:40,G1,-10.2,0,-10.2,-11.2,0.17,OK
F09442,2027-02-10 04:40,G2,-13.4,1,-14.4,-11.2,0.24,OK
F09443,2027-02-10 04:40,G3,-18.4,-1,-17.4,-11.2,0.16,OK
F09444,2027-02-10 04:40,G4,-11.9,0,-11.9,-11.2,0.22,OK
F09445,2027-02-10 04:40,G5,-12.0,2,-14.0,-11.2,0.23,OK
F09446,2027-02-10 04:40,G6,170.5,187,-16.5,-11.2,0.23,OK
F09447,2027-02-10 04:40,G7,-15.8,-2,-13.8,-11.2,0.23,OK
F09448,2027-02-10 04:40,G8,-22.1,0,-22.1,-11.2,0.23,OK
F09449,2027-02-10 04:50,G1,-12.8,0,-12.8,-11.4,0.16,OK
F09450,2027-02-10 04:50,G2,-12.4,1,-13.4,-11.4,0.17,OK
F09451,2027-02-10 04:50,G3,-16.9,-1,-15.9,-11.4,0.18,OK
F09452,2027-02-10 04:50,G4,-12.4,0,-12.4,-11.4,0.18,OK
F09453,2027-02-10 04:50,G5,-11.9,2,-13.9,-11.4,0.17,OK
F09454,2027-02-10 04:50,G6,172.5,187,-14.5,-11.4,0.17,OK
F09455,2027-02-10 04:50,G7,-23.9,-2,-21.9,-11.4,0.16,OK
F09456,2027-02-10 04:50,G8,-23.3,0,-23.3,-11.4,0.21,OK
F09457,2027-02-10 05:00,G1,-12.4,0,-12.4,-11.6,0.20,OK
F09458,2027-02-10 05:00,G2,-13.6,1,-14.6,-11.6,0.18,OK
F09459,2027-02-10 05:00,G3,-13.6,-1,-12.6,-11.6,0.19,OK
F09460,2027-02-10 05:00,G4,-14.2,0,-14.2,-11.6,0.24,OK
F09461,2027-02-10 05:00,G5,-17.9,2,-19.9,-11.6,0.19,OK
F09462,2027-02-10 05:00,G6,164.7,187,-22.3,-11.6,0.22,OK
F09463,2027-02-10 05:00,G7,-24.6,-2,-22.6,-11.6,0.23,OK
F09464,2027-02-10 05:00,G8,-17.9,0,-17.9,-11.6,0.23,OK
F09465,2027-02-10 05:10,G1,-16.1,0,-16.1,-11.8,0.17,OK
F09466,2027-02-10 05:10,G2,-14.5,1,-15.5,-11.8,0.19,OK
F09467,2027-02-10 05:10,G3,-18.6,-1,-17.6,-11.8,0.23,OK
F09468,2027-02-10 05:10,G4,-13.6,0,-13.6,-11.8,0.20,OK
F09469,2027-02-10 05:10,G5,-12.9,2,-14.9,-11.8,0.18,OK
F09470,2027-02-10 05:10,G6,165.3,187,-21.7,-11.8,0.16,OK
F09471,2027-02-10 05:10,G7,-23.9,-2,-21.9,-11.8,0.23,OK
F09472,2027-02-10 05:10,G8,-22.2,0,-22.2,-11.8,0.20,OK
F09473,2027-02-10 05:20,G1,-13.8,0,-13.8,-12.0,0.22,OK
F09474,2027-02-10 05:20,G2,-13.8,1,-14.8,-12.0,0.18,OK
F09475,2027-02-10 05:20,G3,-16.6,-1,-15.6,-12.0,0.21,OK
F09476,2027-02-10 05:20,G4,-14.5,0,-14.5,-12.0,0.22,OK
F09477,2027-02-10 05:20,G5,-18.4,2,-20.4,-12.0,0.18,OK
F09478,2027-02-10 05:20,G6,170.5,187,-16.5,-12.0,0.23,OK
F09479,2027-02-10 05:20,G7,-23.2,-2,-21.2,-12.0,0.20,OK
F09480,2027-02-10 05:20,G8,-18.1,0,-18.1,-12.0,0.21,OK
F09481,2027-02-10 05:30,G1,-18.4,0,-18.4,-12.1,0.18,OK
F09482,2027-02-10 05:30,G2,-13.4,1,-14.4,-12.1,0.18,OK
F09483,2027-02-10 05:30,G3,-20.2,-1,-19.2,-12.1,0.19,OK
F09484,2027-02-10 05:30,G4,-14.7,0,-14.7,-12.1,0.19,OK
F09485,2027-02-10 05:30,G5,-12.5,2,-14.5,-12.1,0.23,OK
F09486,2027-02-10 05:30,G6,171.0,187,-16.0,-12.1,0.21,OK
F09487,2027-02-10 05:30,G7,-18.8,-2,-16.8,-12.1,0.22,OK
F09488,2027-02-10 05:30,G8,-19.5,0,-19.5,-12.1,0.24,OK
F09489,2027-02-10 05:40,G1,-16.1,0,-16.1,-12.3,0.23,OK
F09490,2027-02-10 05:40,G2,-19.4,1,-20.4,-12.3,0.20,OK
F09491,2027-02-10 05:40,G3,-22.1,-1,-21.1,-12.3,0.22,OK
F09492,2027-02-10 05:40,G4,-14.3,0,-14.3,-12.3,0.21,OK
F09493,2027-02-10 05:40,G5,-14.9,2,-16.9,-12.3,0.20,OK
F09494,2027-02-10 05:40,G6,167.2,187,-19.8,-12.3,0.22,OK
F09495,2027-02-10 05:40,G7,-24.9,-2,-22.9,-12.3,0.22,OK
F09496,2027-02-10 05:40,G8,-19.7,0,-19.7,-12.3,0.18,OK
F09497,2027-02-10 05:50,G1,-11.4,0,-11.4,-12.4,0.21,OK
F09498,2027-02-10 05:50,G2,-15.5,1,-16.5,-12.4,0.19,OK
F09499,2027-02-10 05:50,G3,-16.2,-1,-15.2,-12.4,0.16,OK
F09500,2027-02-10 05:50,G4,-17.4,0,-17.4,-12.4,0.19,OK
F09501,2027-02-10 05:50,G5,-15.5,2,-17.5,-12.4,0.17,OK
F09502,2027-02-10 05:50,G6,170.6,187,-16.4,-12.4,0.18,OK
F09503,2027-02-10 05:50,G7,-19.1,-2,-17.1,-12.4,0.22,OK
F09504,2027-02-10 05:50,G8,-18.1,0,-18.1,-12.4,0.21,OK
F09505,2027-02-10 06:00,G1,1.2,0,1.2,-12.6,0.54,OK
F09506,2027-02-10 06:00,G2,8.3,1,7.3,-12.6,0.57,OK
F09507,2027-02-10 06:00,G3,3.0,-1,4.0,-12.6,0.60,OK
F09508,2027-02-10 06:00,G4,13.7,0,13.7,-12.6,0.60,OK
F09509,2027-02-10 06:00,G5,18.6,2,16.6,-12.6,0.55,OK
F09510,2027-02-10 06:00,G6,211.1,187,24.1,-12.6,0.59,OK
F09511,2027-02-10 06:00,G7,2.5,-2,4.5,-12.6,0.57,OK
F09512,2027-02-10 06:00,G8,-0.2,0,-0.2,-12.6,0.60,OK
F09513,2027-02-10 06:10,G1,-16.5,0,-16.5,-12.7,0.24,OK
F09514,2027-02-10 06:10,G2,-12.1,1,-13.1,-12.7,0.20,OK
F09515,2027-02-10 06:10,G3,-17.9,-1,-16.9,-12.7,0.24,OK
F09516,2027-02-10 06:10,G4,-19.6,0,-19.6,-12.7,0.24,OK
F09517,2027-02-10 06:10,G5,-17.8,2,-19.8,-12.7,0.24,OK
F09518,2027-02-10 06:10,G6,164.2,187,-22.8,-12.7,0.16,OK
F09519,2027-02-10 06:10,G7,-27.0,-2,-25.0,-12.7,0.17,OK
F09520,2027-02-10 06:10,G8,-20.3,0,-20.3,-12.7,0.23,OK
F09521,2027-02-10 06:20,G1,8.1,0,8.1,-12.8,0.76,OK
F09522,2027-02-10 06:20,G2,13.6,1,12.6,-12.8,0.78,OK
F09523,2027-02-10 06:20,G3,16.4,-1,17.4,-12.8,0.76,OK
F09524,2027-02-10 06:20,G4,22.2,0,22.2,-12.8,0.73,OK
F09525,2027-02-10 06:20,G5,33.5,2,31.5,-12.8,0.72,OK
F09526,2027-02-10 06:20,G6,224.4,187,37.4,-12.8,0.73,OK
F09527,2027-02-10 06:20,G7,13.0,-2,15.0,-12.8,0.75,OK
F09528,2027-02-10 06:20,G8,0.1,0,0.1,-12.8,0.76,OK
F09529,2027-02-10 06:30,G1,-17.5,0,-17.5,-12.9,0.23,OK
F09530,2027-02-10 06:30,G2,-15.6,1,-16.6,-12.9,0.22,OK
F09531,2027-02-10 06:30,G3,-23.5,-1,-22.5,-12.9,0.21,OK
F09532,2027-02-10 06:30,G4,-17.2,0,-17.2,-12.9,0.20,OK
F09533,2027-02-10 06:30,G5,-20.8,2,-22.8,-12.9,0.23,OK
F09534,2027-02-10 06:30,G6,168.1,187,-18.9,-12.9,0.21,OK
F09535,2027-02-10 06:30,G7,-25.8,-2,-23.8,-12.9,0.18,OK
F09536,2027-02-10 06:30,G8,-25.0,0,-25.0,-12.9,0.18,OK
F09537,2027-02-10 06:40,G1,11.0,0,11.0,-13.0,0.92,OK
F09538,2027-02-10 06:40,G2,25.8,1,24.8,-13.0,0.91,OK
F09539,2027-02-10 06:40,G3,31.4,-1,32.4,-13.0,0.95,OK
F09540,2027-02-10 06:40,G4,43.8,0,43.8,-13.0,0.92,OK
F09541,2027-02-10 06:40,G5,51.7,2,49.7,-13.0,0.94,OK
F09542,2027-02-10 06:40,G6,247.6,187,60.6,-13.0,0.93,OK
F09543,2027-02-10 06:40,G7,31.7,-2,33.7,-13.0,0.96,OK
F09544,2027-02-10 06:40,G8,8.5,0,8.5,-13.0,0.92,OK
F09545,2027-02-10 06:50,G1,-16.7,0,-16.7,-13.1,0.18,OK
F09546,2027-02-10 06:50,G2,-18.0,1,-19.0,-13.1,0.19,OK
F09547,2027-02-10 06:50,G3,-18.3,-1,-17.3,-13.1,0.19,OK
F09548,2027-02-10 06:50,G4,-15.9,0,-15.9,-13.1,0.21,OK
F09549,2027-02-10 06:50,G5,-18.7,2,-20.7,-13.1,0.23,OK
F09550,2027-02-10 06:50,G6,164.4,187,-22.6,-13.1,0.20,OK
F09551,2027-02-10 06:50,G7,-25.0,-2,-23.0,-13.1,0.17,OK
F09552,2027-02-10 06:50,G8,-23.6,0,-23.6,-13.1,0.24,OK
F09553,2027-02-10 07:00,G1,4.4,0,4.4,-13.2,0.62,OK
F09554,2027-02-10 07:00,G2,3.6,1,2.6,-13.2,0.67,OK
F09555,2027-02-10 07:00,G3,11.2,-1,12.2,-13.2,0.67,OK
F09556,2027-02-10 07:00,G4,15.5,0,15.5,-13.2,0.61,OK
F09557,2027-02-10 07:00,G5,22.1,2,20.1,-13.2,0.66,OK
F09558,2027-02-10 07:00,G6,214.9,187,27.9,-13.2,0.60,OK
F09559,2027-02-10 07:00,G7,5.0,-2,7.0,-13.2,0.60,OK
F09560,2027-02-10 07:00,G8,-4.7,0,-4.7,-13.2,0.62,OK
F09561,2027-02-10 07:10,G1,-16.7,0,-16.7,-13.2,0.17,OK
F09562,2027-02-10 07:10,G2,-13.3,1,-14.3,-13.2,0.16,OK
F09563,2027-02-10 07:10,G3,-20.9,-1,-19.9,-13.2,0.18,OK
F09564,2027-02-10 07:10,G4,-23.8,0,-23.8,-13.2,0.17,OK
F09565,2027-02-10 07:10,G5,-15.5,2,-17.5,-13.2,0.22,OK
F09566,2027-02-10 07:10,G6,160.7,187,-26.3,-13.2,0.19,OK
F09567,2027-02-10 07:10,G7,-20.9,-2,-18.9,-13.2,0.19,OK
F09568,2027-02-10 07:10,G8,-21.4,0,-21.4,-13.2,0.23,OK
F09569,2027-02-10 07:20,G1,7.4,0,7.4,-13.3,0.77,OK
F09570,2027-02-10 07:20,G2,15.8,1,14.8,-13.3,0.81,OK
F09571,2027-02-10 07:20,G3,18.3,-1,19.3,-13.3,0.82,OK
F09572,2027-02-10 07:20,G4,32.8,0,32.8,-13.3,0.79,OK
F09573,2027-02-10 07:20,G5,36.9,2,34.9,-13.3,0.78,OK
F09574,2027-02-10 07:20,G6,230.4,187,43.4,-13.3,0.80,OK
F09575,2027-02-10 07:20,G7,19.4,-2,21.4,-13.3,0.78,OK
F09576,2027-02-10 07:20,G8,1.9,0,1.9,-13.3,0.83,OK
F09577,2027-02-10 07:30,G1,-16.7,0,-16.7,-13.3,0.20,OK
F09578,2027-02-10 07:30,G2,-15.7,1,-16.7,-13.3,0.16,OK
F09579,2027-02-10 07:30,G3,-21.4,-1,-20.4,-13.3,0.20,OK
F09580,2027-02-10 07:30,G4,-24.3,0,-24.3,-13.3,0.22,OK
F09581,2027-02-10 07:30,G5,-20.9,2,-22.9,-13.3,0.24,OK
F09582,2027-02-10 07:30,G6,164.3,187,-22.7,-13.3,0.17,OK
F09583,2027-02-10 07:30,G7,-28.8,-2,-26.8,-13.3,0.22,OK
F09584,2027-02-10 07:30,G8,-20.5,0,-20.5,-13.3,0.24,OK
F09585,2027-02-10 07:40,G1,19.2,0,19.2,-13.3,1.01,OK
F09586,2027-02-10 07:40,G2,26.2,1,25.2,-13.3,0.95,OK
F09587,2027-02-10 07:40,G3,34.0,-1,35.0,-13.3,0.99,OK
F09588,2027-02-10 07:40,G4,39.8,0,39.8,-13.3,1.02,OK
F09589,2027-02-10 07:40,G5,54.0,2,52.0,-13.3,0.95,OK
F09590,2027-02-10 07:40,G6,258.8,187,71.8,-13.3,0.99,OK
F09591,2027-02-10 07:40,G7,28.0,-2,30.0,-13.3,0.99,OK
F09592,2027-02-10 07:40,G8,15.5,0,15.5,-13.3,1.02,OK
F09593,2027-02-10 07:50,G1,-22.2,0,-22.2,-13.4,0.20,OK
F09594,2027-02-10 07:50,G2,-15.6,1,-16.6,-13.4,0.19,OK
F09595,2027-02-10 07:50,G3,-20.7,-1,-19.7,-13.4,0.19,OK
F09596,2027-02-10 07:50,G4,-22.5,0,-22.5,-13.4,0.22,OK
F09597,2027-02-10 07:50,G5,-20.3,2,-22.3,-13.4,0.21,OK
F09598,2027-02-10 07:50,G6,160.3,187,-26.7,-13.4,0.19,OK
F09599,2027-02-10 07:50,G7,-24.5,-2,-22.5,-13.4,0.22,OK
F09600,2027-02-10 07:50,G8,-27.8,0,-27.8,-13.4,0.18,OK
F09601,2027-02-10 08:00,G1,2.1,0,2.1,-13.4,0.70,OK
F09602,2027-02-10 08:00,G2,5.4,1,4.4,-13.4,0.66,OK
F09603,2027-02-10 08:00,G3,10.9,-1,11.9,-13.4,0.73,OK
F09604,2027-02-10 08:00,G4,20.9,0,20.9,-13.4,0.66,OK
F09605,2027-02-10 08:00,G5,28.7,2,26.7,-13.4,0.68,OK
F09606,2027-02-10 08:00,G6,218.8,187,31.8,-13.4,0.68,OK
F09607,2027-02-10 08:00,G7,9.0,-2,11.0,-13.4,0.68,OK
F09608,2027-02-10 08:00,G8,-1.6,0,-1.6,-13.4,0.73,OK
F09609,2027-02-10 08:10,G1,-13.8,0,-13.8,-13.4,0.17,OK
F09610,2027-02-10 08:10,G2,-17.1,1,-18.1,-13.4,0.23,OK
F09611,2027-02-10 08:10,G3,-18.4,-1,-17.4,-13.4,0.19,OK
F09612,2027-02-10 08:10,G4,-19.7,0,-19.7,-13.4,0.23,OK
F09613,2027-02-10 08:10,G5,-18.4,2,-20.4,-13.4,0.18,OK
F09614,2027-02-10 08:10,G6,164.8,187,-22.2,-13.4,0.17,OK
F09615,2027-02-10 08:10,G7,-27.5,-2,-25.5,-13.4,0.19,OK
F09616,2027-02-10 08:10,G8,-28.0,0,-28.0,-13.4,0.18,OK
F09617,2027-02-10 08:20,G1,14.6,0,14.6,-13.3,0.89,OK
F09618,2027-02-10 08:20,G2,18.1,1,17.1,-13.3,0.88,OK
F09619,2027-02-10 08:20,G3,21.8,-1,22.8,-13.3,0.85,OK
F09620,2027-02-10 08:20,G4,34.9,0,34.9,-13.3,0.89,OK
F09621,2027-02-10 08:20,G5,49.4,2,47.4,-13.3,0.90,OK
F09622,2027-02-10 08:20,G6,236.8,187,49.8,-13.3,0.90,OK
F09623,2027-02-10 08:20,G7,19.5,-2,21.5,-13.3,0.84,OK
F09624,2027-02-10 08:20,G8,5.0,0,5.0,-13.3,0.85,OK
F09625,2027-02-10 08:30,G1,-19.2,0,-19.2,-13.3,0.24,OK
F09626,2027-02-10 08:30,G2,-17.1,1,-18.1,-13.3,0.22,OK
F09627,2027-02-10 08:30,G3,-16.1,-1,-15.1,-13.3,0.17,OK
F09628,2027-02-10 08:30,G4,-19.2,0,-19.2,-13.3,0.22,OK
F09629,2027-02-10 08:30,G5,-16.7,2,-18.7,-13.3,0.18,OK
F09630,2027-02-10 08:30,G6,168.4,187,-18.6,-13.3,0.19,OK
F09631,2027-02-10 08:30,G7,-25.4,-2,-23.4,-13.3,0.20,OK
F09632,2027-02-10 08:30,G8,-20.3,0,-20.3,-13.3,0.19,OK
F09633,2027-02-10 08:40,G1,23.6,0,23.6,-13.3,1.05,OK
F09634,2027-02-10 08:40,G2,25.0,1,24.0,-13.3,1.08,OK
F09635,2027-02-10 08:40,G3,34.7,-1,35.7,-13.3,1.05,OK
F09636,2027-02-10 08:40,G4,52.4,0,52.4,-13.3,1.06,OK
F09637,2027-02-10 08:40,G5,67.7,2,65.7,-13.3,1.06,OK
F09638,2027-02-10 08:40,G6,261.1,187,74.1,-13.3,1.08,OK
F09639,2027-02-10 08:40,G7,35.0,-2,37.0,-13.3,1.02,OK
F09640,2027-02-10 08:40,G8,13.7,0,13.7,-13.3,1.01,OK
F09641,2027-02-10 08:50,G1,-16.8,0,-16.8,-13.2,0.17,OK
F09642,2027-02-10 08:50,G2,-16.3,1,-17.3,-13.2,0.18,OK
F09643,2027-02-10 08:50,G3,-24.7,-1,-23.7,-13.2,0.22,OK
F09644,2027-02-10 08:50,G4,-15.9,0,-15.9,-13.2,0.22,OK
F09645,2027-02-10 08:50,G5,-14.9,2,-16.9,-13.2,0.21,OK
F09646,2027-02-10 08:50,G6,166.3,187,-20.7,-13.2,0.17,OK
F09647,2027-02-10 08:50,G7,-23.3,-2,-21.3,-13.2,0.21,OK
F09648,2027-02-10 08:50,G8,-25.3,0,-25.3,-13.2,0.17,OK
F09649,2027-02-10 09:00,G1,9.1,0,9.1,-13.2,0.77,OK
F09650,2027-02-10 09:00,G2,11.1,1,10.1,-13.2,0.79,OK
F09651,2027-02-10 09:00,G3,17.7,-1,18.7,-13.2,0.78,OK
F09652,2027-02-10 09:00,G4,27.1,0,27.1,-13.2,0.77,OK
F09653,2027-02-10 09:00,G5,37.6,2,35.6,-13.2,0.75,OK
F09654,2027-02-10 09:00,G6,230.3,187,43.3,-13.2,0.80,OK
F09655,2027-02-10 09:00,G7,16.8,-2,18.8,-13.2,0.72,OK
F09656,2027-02-10 09:00,G8,4.8,0,4.8,-13.2,0.75,OK
F09657,2027-02-10 09:10,G1,-13.1,0,-13.1,-13.1,0.19,OK
F09658,2027-02-10 09:10,G2,-17.2,1,-18.2,-13.1,0.16,OK
F09659,2027-02-10 09:10,G3,-23.1,-1,-22.1,-13.1,0.20,OK
F09660,2027-02-10 09:10,G4,-16.7,0,-16.7,-13.1,0.16,OK
F09661,2027-02-10 09:10,G5,-23.4,2,-25.4,-13.1,0.19,OK
F09662,2027-02-10 09:10,G6,168.7,187,-18.3,-13.1,0.20,OK
F09663,2027-02-10 09:10,G7,-20.6,-2,-18.6,-13.1,0.19,OK
F09664,2027-02-10 09:10,G8,-23.4,0,-23.4,-13.1,0.19,OK
F09665,2027-02-10 09:20,G1,11.9,0,11.9,-13.0,0.96,OK
F09666,2027-02-10 09:20,G2,27.2,1,26.2,-13.0,0.94,OK
F09667,2027-02-10 09:20,G3,26.0,-1,27.0,-13.0,0.94,OK
F09668,2027-02-10 09:20,G4,43.3,0,43.3,-13.0,0.90,OK
F09669,2027-02-10 09:20,G5,54.8,2,52.8,-13.0,0.95,OK
F09670,2027-02-10 09:20,G6,246.9,187,59.9,-13.0,0.91,OK
F09671,2027-02-10 09:20,G7,32.0,-2,34.0,-13.0,0.89,OK
F09672,2027-02-10 09:20,G8,13.2,0,13.2,-13.0,0.94,OK
F09673,2027-02-10 09:30,G1,-14.6,0,-14.6,-12.9,0.22,OK
F09674,2027-02-10 09:30,G2,-18.0,1,-19.0,-12.9,0.19,OK
F09675,2027-02-10 09:30,G3,-20.9,-1,-19.9,-12.9,0.19,OK
F09676,2027-02-10 09:30,G4,-17.6,0,-17.6,-12.9,0.20,OK
F09677,2027-02-10 09:30,G5,-17.6,2,-19.6,-12.9,0.16,OK
F09678,2027-02-10 09:30,G6,169.0,187,-18.0,-12.9,0.18,OK
F09679,2027-02-10 09:30,G7,-22.3,-2,-20.3,-12.9,0.20,OK
F09680,2027-02-10 09:30,G8,-25.7,0,-25.7,-12.9,0.21,OK
F09681,2027-02-10 09:40,G1,22.4,0,22.4,-12.8,1.13,OK
F09682,2027-02-10 09:40,G2,35.0,1,34.0,-12.8,1.12,OK
F09683,2027-02-10 09:40,G3,42.8,-1,43.8,-12.8,1.13,OK
F09684,2027-02-10 09:40,G4,54.7,0,54.7,-12.8,1.11,OK
F09685,2027-02-10 09:40,G5,74.5,2,72.5,-12.8,1.13,OK
F09686,2027-02-10 09:40,G6,268.2,187,81.2,-12.8,1.12,OK
F09687,2027-02-10 09:40,G7,39.0,-2,41.0,-12.8,1.10,OK
F09688,2027-02-10 09:40,G8,19.7,0,19.7,-12.8,1.08,OK
F09689,2027-02-10 09:50,G1,-16.9,0,-16.9,-12.7,0.23,OK
F09690,2027-02-10 09:50,G2,-16.7,1,-17.7,-12.7,0.18,OK
F09691,2027-02-10 09:50,G3,-19.8,-1,-18.8,-12.7,0.19,OK
F09692,2027-02-10 09:50,G4,-17.2,0,-17.2,-12.7,0.18,OK
F09693,2027-02-10 09:50,G5,-16.8,2,-18.8,-12.7,0.22,OK
F09694,2027-02-10 09:50,G6,162.0,187,-25.0,-12.7,0.20,OK
F09695,2027-02-10 09:50,G7,-27.8,-2,-25.8,-12.7,0.21,OK
F09696,2027-02-10 09:50,G8,-21.1,0,-21.1,-12.7,0.21,OK
F09697,2027-02-10 10:00,G1,13.8,0,13.8,-12.6,0.84,OK
F09698,2027-02-10 10:00,G2,16.7,1,15.7,-12.6,0.83,OK
F09699,2027-02-10 10:00,G3,20.9,-1,21.9,-12.6,0.78,OK
F09700,2027-02-10 10:00,G4,30.6,0,30.6,-12.6,0.78,OK
F09701,2027-02-10 10:00,G5,45.6,2,43.6,-12.6,0.83,OK
F09702,2027-02-10 10:00,G6,234.7,187,47.7,-12.6,0.84,OK
F09703,2027-02-10 10:00,G7,21.5,-2,23.5,-12.6,0.85,OK
F09704,2027-02-10 10:00,G8,7.1,0,7.1,-12.6,0.85,OK
F09705,2027-02-10 10:10,G1,-14.8,0,-14.8,-12.4,0.21,OK
F09706,2027-02-10 10:10,G2,-17.0,1,-18.0,-12.4,0.24,OK
F09707,2027-02-10 10:10,G3,-20.4,-1,-19.4,-12.4,0.22,OK
F09708,2027-02-10 10:10,G4,-22.9,0,-22.9,-12.4,0.23,OK
F09709,2027-02-10 10:10,G5,-14.2,2,-16.2,-12.4,0.18,OK
F09710,2027-02-10 10:10,G6,166.6,187,-20.4,-12.4,0.24,OK
F09711,2027-02-10 10:10,G7,-20.1,-2,-18.1,-12.4,0.21,OK
F09712,2027-02-10 10:10,G8,-21.1,0,-21.1,-12.4,0.21,OK
F09713,2027-02-10 10:20,G1,15.0,0,15.0,-12.3,0.98,OK
F09714,2027-02-10 10:20,G2,26.4,1,25.4,-12.3,1.03,OK
F09715,2027-02-10 10:20,G3,37.9,-1,38.9,-12.3,0.98,OK
F09716,2027-02-10 10:20,G4,43.7,0,43.7,-12.3,0.98,OK
F09717,2027-02-10 10:20,G5,63.3,2,61.3,-12.3,0.95,OK
F09718,2027-02-10 10:20,G6,257.8,187,70.8,-12.3,0.99,OK
F09719,2027-02-10 10:20,G7,31.8,-2,33.8,-12.3,0.96,OK
F09720,2027-02-10 10:20,G8,19.8,0,19.8,-12.3,1.02,OK
F09721,2027-02-10 10:30,G1,-12.2,0,-12.2,-12.1,0.21,OK
F09722,2027-02-10 10:30,G2,-17.1,1,-18.1,-12.1,0.17,OK
F09723,2027-02-10 10:30,G3,-14.9,-1,-13.9,-12.1,0.23,OK
F09724,2027-02-10 10:30,G4,-20.6,0,-20.6,-12.1,0.20,OK
F09725,2027-02-10 10:30,G5,-14.9,2,-16.9,-12.1,0.19,OK
F09726,2027-02-10 10:30,G6,163.4,187,-23.6,-12.1,0.19,OK
F09727,2027-02-10 10:30,G7,-24.8,-2,-22.8,-12.1,0.19,OK
F09728,2027-02-10 10:30,G8,-23.3,0,-23.3,-12.1,0.16,OK
F09729,2027-02-10 10:40,G1,1.5,0,1.5,-12.0,0.51,OK
F09730,2027-02-10 10:40,G2,4.7,1,3.7,-12.0,0.53,OK
F09731,2027-02-10 10:40,G3,6.0,-1,7.0,-12.0,0.53,OK
F09732,2027-02-10 10:40,G4,12.1,0,12.1,-12.0,0.57,OK
F09733,2027-02-10 10:40,G5,18.3,2,16.3,-12.0,0.53,OK
F09734,2027-02-10 10:40,G6,208.3,187,21.3,-12.0,0.54,OK
F09735,2027-02-10 10:40,G7,0.7,-2,2.7,-12.0,0.54,OK
F09736,2027-02-10 10:40,G8,-7.3,0,-7.3,-12.0,0.56,OK
F09737,2027-02-10 10:50,G1,-9.9,0,-9.9,-11.8,0.16,OK
F09738,2027-02-10 10:50,G2,-11.0,1,-12.0,-11.8,0.16,OK
F09739,2027-02-10 10:50,G3,-17.6,-1,-16.6,-11.8,0.23,OK
F09740,2027-02-10 10:50,G4,-19.9,0,-19.9,-11.8,0.23,OK
F09741,2027-02-10 10:50,G5,-12.3,2,-14.3,-11.8,0.23,OK
F09742,2027-02-10 10:50,G6,164.6,187,-22.4,-11.8,0.21,OK
F09743,2027-02-10 10:50,G7,-22.1,-2,-20.1,-11.8,0.23,OK
F09744,2027-02-10 10:50,G8,-18.1,0,-18.1,-11.8,0.23,OK
F09745,2027-02-10 11:00,G1,18.9,0,18.9,-11.6,0.88,OK
F09746,2027-02-10 11:00,G2,23.0,1,22.0,-11.6,0.90,OK
F09747,2027-02-10 11:00,G3,30.5,-1,31.5,-11.6,0.91,OK
F09748,2027-02-10 11:00,G4,39.6,0,39.6,-11.6,0.88,OK
F09749,2027-02-10 11:00,G5,53.2,2,51.2,-11.6,0.85,OK
F09750,2027-02-10 11:00,G6,248.4,187,61.4,-11.6,0.91,OK
F09751,2027-02-10 11:00,G7,29.4,-2,31.4,-11.6,0.89,OK
F09752,2027-02-10 11:00,G8,13.0,0,13.0,-11.6,0.88,OK
F09753,2027-02-10 11:10,G1,-15.5,0,-15.5,-11.4,0.20,OK
F09754,2027-02-10 11:10,G2,-11.5,1,-12.5,-11.4,0.23,OK
F09755,2027-02-10 11:10,G3,-12.7,-1,-11.7,-11.4,0.17,OK
F09756,2027-02-10 11:10,G4,-17.9,0,-17.9,-11.4,0.19,OK
F09757,2027-02-10 11:10,G5,-16.5,2,-18.5,-11.4,0.17,OK
F09758,2027-02-10 11:10,G6,167.9,187,-19.1,-11.4,0.18,OK
F09759,2027-02-10 11:10,G7,-22.5,-2,-20.5,-11.4,0.16,OK
F09760,2027-02-10 11:10,G8,-20.9,0,-20.9,-11.4,0.18,OK
F09761,2027-02-10 11:20,G1,24.6,0,24.6,-11.2,1.06,OK
F09762,2027-02-10 11:20,G2,37.9,1,36.9,-11.2,1.09,OK
F09763,2027-02-10 11:20,G3,38.1,-1,39.1,-11.2,1.08,OK
F09764,2027-02-10 11:20,G4,54.1,0,54.1,-11.2,1.03,OK
F09765,2027-02-10 11:20,G5,67.1,2,65.1,-11.2,1.03,OK
F09766,2027-02-10 11:20,G6,270.4,187,83.4,-11.2,1.07,OK
F09767,2027-02-10 11:20,G7,42.4,-2,44.4,-11.2,1.08,OK
F09768,2027-02-10 11:20,G8,21.9,0,21.9,-11.2,1.07,OK
F09769,2027-02-10 11:30,G1,-14.0,0,-14.0,-11.0,0.17,OK
F09770,2027-02-10 11:30,G2,-11.9,1,-12.9,-11.0,0.19,OK
F09771,2027-02-10 11:30,G3,-18.1,-1,-17.1,-11.0,0.19,OK
F09772,2027-02-10 11:30,G4,-16.5,0,-16.5,-11.0,0.23,OK
F09773,2027-02-10 11:30,G5,-16.5,2,-18.5,-11.0,0.17,OK
F09774,2027-02-10 11:30,G6,171.1,187,-15.9,-11.0,0.20,OK
F09775,2027-02-10 11:30,G7,-17.3,-2,-15.3,-11.0,0.21,OK
F09776,2027-02-10 11:30,G8,-17.8,0,-17.8,-11.0,0.18,OK
F09777,2027-02-10 11:40,G1,2.1,0,2.1,-10.8,0.58,OK
F09778,2027-02-10 11:40,G2,5.7,1,4.7,-10.8,0.59,OK
F09779,2027-02-10 11:40,G3,11.3,-1,12.3,-10.8,0.57,OK
F09780,2027-02-10 11:40,G4,22.6,0,22.6,-10.8,0.56,OK
F09781,2027-02-10 11:40,G5,30.0,2,28.0,-10.8,0.59,OK
F09782,2027-02-10 11:40,G6,213.0,187,26.0,-10.8,0.60,OK
F09783,2027-02-10 11:40,G7,7.7,-2,9.7,-10.8,0.58,OK
F09784,2027-02-10 11:40,G8,3.6,0,3.6,-10.8,0.62,OK
F09785,2027-02-10 11:50,G1,-7.6,0,-7.6,-10.6,0.17,OK
F09786,2027-02-10 11:50,G2,-11.9,1,-12.9,-10.6,0.17,OK
F09787,2027-02-10 11:50,G3,-12.8,-1,-11.8,-10.6,0.18,OK
F09788,2027-02-10 11:50,G4,-10.5,0,-10.5,-10.6,0.18,OK
F09789,2027-02-10 11:50,G5,-8.4,2,-10.4,-10.6,0.18,OK
F09790,2027-02-10 11:50,G6,172.6,187,-14.4,-10.6,0.21,OK
F09791,2027-02-10 11:50,G7,-19.1,-2,-17.1,-10.6,0.23,OK
F09792,2027-02-10 11:50,G8,-19.1,0,-19.1,-10.6,0.23,OK
F09793,2027-02-10 12:00,G1,18.4,0,18.4,-10.4,0.94,OK
F09794,2027-02-10 12:00,G2,26.7,1,25.7,-10.4,0.97,OK
F09795,2027-02-10 12:00,G3,34.2,-1,35.2,-10.4,0.93,OK
F09796,2027-02-10 12:00,G4,52.4,0,52.4,-10.4,0.97,OK
F09797,2027-02-10 12:00,G5,58.3,2,56.3,-10.4,0.93,OK
F09798,2027-02-10 12:00,G6,259.5,187,72.5,-10.4,0.97,OK
F09799,2027-02-10 12:00,G7,34.7,-2,36.7,-10.4,0.96,OK
F09800,2027-02-10 12:00,G8,25.1,0,25.1,-10.4,0.92,OK
F09801,2027-02-10 12:10,G1,-12.6,0,-12.6,-10.1,0.23,OK
F09802,2027-02-10 12:10,G2,-8.1,1,-9.1,-10.1,0.21,OK
F09803,2027-02-10 12:10,G3,-9.3,-1,-8.3,-10.1,0.19,OK
F09804,2027-02-10 12:10,G4,-8.8,0,-8.8,-10.1,0.22,OK
F09805,2027-02-10 12:10,G5,-8.6,2,-10.6,-10.1,0.19,OK
F09806,2027-02-10 12:10,G6,169.0,187,-18.0,-10.1,0.23,OK
F09807,2027-02-10 12:10,G7,-19.5,-2,-17.5,-10.1,0.16,OK
F09808,2027-02-10 12:10,G8,-12.5,0,-12.5,-10.1,0.21,OK
F09809,2027-02-10 12:20,G1,30.6,0,30.6,-9.9,1.14,OK
F09810,2027-02-10 12:20,G2,40.8,1,39.8,-9.9,1.09,OK
F09811,2027-02-10 12:20,G3,49.7,-1,50.7,-9.9,1.09,OK
F09812,2027-02-10 12:20,G4,63.0,0,63.0,-9.9,1.08,OK
F09813,2027-02-10 12:20,G5,78.8,2,76.8,-9.9,1.12,OK
F09814,2027-02-10 12:20,G6,278.2,187,91.2,-9.9,1.11,OK
F09815,2027-02-10 12:20,G7,47.3,-2,49.3,-9.9,1.09,OK
F09816,2027-02-10 12:20,G8,31.3,0,31.3,-9.9,1.12,OK
F09817,2027-02-10 12:30,G1,-10.0,0,-10.0,-9.7,0.24,OK
F09818,2027-02-10 12:30,G2,-9.5,1,-10.5,-9.7,0.21,OK
F09819,2027-02-10 12:30,G3,-12.2,-1,-11.2,-9.7,0.20,OK
F09820,2027-02-10 12:30,G4,-9.3,0,-9.3,-9.7,0.17,OK
F09821,2027-02-10 12:30,G5,-9.2,2,-11.2,-9.7,0.22,OK
F09822,2027-02-10 12:30,G6,172.5,187,-14.5,-9.7,0.16,OK
F09823,2027-02-10 12:30,G7,-17.2,-2,-15.2,-9.7,0.24,OK
F09824,2027-02-10 12:30,G8,-12.2,0,-12.2,-9.7,0.17,OK
F09825,2027-02-10 12:40,G1,7.3,0,7.3,-9.4,0.68,OK
F09826,2027-02-10 12:40,G2,17.5,1,16.5,-9.4,0.65,OK
F09827,2027-02-10 12:40,G3,20.0,-1,21.0,-9.4,0.67,OK
F09828,2027-02-10 12:40,G4,29.3,0,29.3,-9.4,0.67,OK
F09829,2027-02-10 12:40,G5,36.9,2,34.9,-9.4,0.65,OK
F09830,2027-02-10 12:40,G6,226.3,187,39.3,-9.4,0.63,OK
F09831,2027-02-10 12:40,G7,17.1,-2,19.1,-9.4,0.70,OK
F09832,2027-02-10 12:40,G8,13.6,0,13.6,-9.4,0.65,OK
F09833,2027-02-10 12:50,G1,-12.8,0,-12.8,-9.2,0.17,OK
F09834,2027-02-10 12:50,G2,-10.4,1,-11.4,-9.2,0.19,OK
F09835,2027-02-10 12:50,G3,-11.9,-1,-10.9,-9.2,0.18,OK
F09836,2027-02-10 12:50,G4,-9.2,0,-9.2,-9.2,0.19,OK
F09837,2027-02-10 12:50,G5,-5.8,2,-7.8,-9.2,0.20,OK
F09838,2027-02-10 12:50,G6,179.6,187,-7.4,-9.2,0.17,OK
F09839,2027-02-10 12:50,G7,-14.1,-2,-12.1,-9.2,0.22,OK
F09840,2027-02-10 12:50,G8,-9.4,0,-9.4,-9.2,0.19,OK
F09841,2027-02-10 13:00,G1,23.5,0,23.5,-8.9,1.02,OK
F09842,2027-02-10 13:00,G2,39.6,1,38.6,-8.9,0.96,OK
F09843,2027-02-10 13:00,G3,37.8,-1,38.8,-8.9,0.96,OK
F09844,2027-02-10 13:00,G4,56.3,0,56.3,-8.9,1.01,OK
F09845,2027-02-10 13:00,G5,67.9,2,65.9,-8.9,0.99,OK
F09846,2027-02-10 13:00,G6,265.8,187,78.8,-8.9,1.04,OK
F09847,2027-02-10 13:00,G7,42.0,-2,44.0,-8.9,1.00,OK
F09848,2027-02-10 13:00,G8,28.1,0,28.1,-8.9,1.01,OK
F09849,2027-02-10 13:10,G1,-8.0,0,-8.0,-8.7,0.20,OK
F09850,2027-02-10 13:10,G2,-9.7,1,-10.7,-8.7,0.19,OK
F09851,2027-02-10 13:10,G3,-13.2,-1,-12.2,-8.7,0.18,OK
F09852,2027-02-10 13:10,G4,-9.7,0,-9.7,-8.7,0.18,OK
F09853,2027-02-10 13:10,G5,-9.2,2,-11.2,-8.7,0.19,OK
F09854,2027-02-10 13:10,G6,179.5,187,-7.5,-8.7,0.23,OK
F09855,2027-02-10 13:10,G7,-13.4,-2,-11.4,-8.7,0.21,OK
F09856,2027-02-10 13:10,G8,-8.9,0,-8.9,-8.7,0.19,OK
F09857,2027-02-10 13:20,G1,8.1,0,8.1,-8.4,0.57,OK
F09858,2027-02-10 13:20,G2,8.8,1,7.8,-8.4,0.52,OK
F09859,2027-02-10 13:20,G3,12.8,-1,13.8,-8.4,0.57,OK
F09860,2027-02-10 13:20,G4,21.2,0,21.2,-8.4,0.57,OK
F09861,2027-02-10 13:20,G5,29.5,2,27.5,-8.4,0.51,OK
F09862,2027-02-10 13:20,G6,213.4,187,26.4,-8.4,0.52,OK
F09863,2027-02-10 13:20,G7,10.7,-2,12.7,-8.4,0.58,OK
F09864,2027-02-10 13:20,G8,3.0,0,3.0,-8.4,0.58,OK
F09865,2027-02-10 13:30,G1,-2.9,0,-2.9,-8.1,0.16,OK
F09866,2027-02-10 13:30,G2,-3.1,1,-4.1,-8.1,0.19,OK
F09867,2027-02-10 13:30,G3,-10.5,-1,-9.5,-8.1,0.16,OK
F09868,2027-02-10 13:30,G4,-8.9,0,-8.9,-8.1,0.20,OK
F09869,2027-02-10 13:30,G5,-4.0,2,-6.0,-8.1,0.22,OK
F09870,2027-02-10 13:30,G6,176.0,187,-11.0,-8.1,0.23,OK
F09871,2027-02-10 13:30,G7,-7.8,-2,-5.8,-8.1,0.20,OK
F09872,2027-02-10 13:30,G8,-8.1,0,-8.1,-8.1,0.20,OK
F09873,2027-02-10 13:40,G1,17.9,0,17.9,-7.9,0.76,OK
F09874,2027-02-10 13:40,G2,19.4,1,18.4,-7.9,0.73,OK
F09875,2027-02-10 13:40,G3,26.5,-1,27.5,-7.9,0.71,OK
F09876,2027-02-10 13:40,G4,39.3,0,39.3,-7.9,0.74,OK
F09877,2027-02-10 13:40,G5,48.2,2,46.2,-7.9,0.75,OK
F09878,2027-02-10 13:40,G6,242.4,187,55.4,-7.9,0.76,OK
F09879,2027-02-10 13:40,G7,26.3,-2,28.3,-7.9,0.74,OK
F09880,2027-02-10 13:40,G8,18.4,0,18.4,-7.9,0.74,OK
F09881,2027-02-10 13:50,G1,-7.8,0,-7.8,-7.6,0.21,OK
F09882,2027-02-10 13:50,G2,-4.1,1,-5.1,-7.6,0.21,OK
F09883,2027-02-10 13:50,G3,-10.7,-1,-9.7,-7.6,0.24,OK
F09884,2027-02-10 13:50,G4,-4.6,0,-4.6,-7.6,0.21,OK
F09885,2027-02-10 13:50,G5,-7.3,2,-9.3,-7.6,0.20,OK
F09886,2027-02-10 13:50,G6,184.1,187,-2.9,-7.6,0.18,OK
F09887,2027-02-10 13:50,G7,-12.1,-2,-10.1,-7.6,0.18,OK
F09888,2027-02-10 13:50,G8,-8.8,0,-8.8,-7.6,0.17,OK
F09889,2027-02-10 14:00,G1,31.1,0,31.1,-7.4,1.07,OK
F09890,2027-02-10 14:00,G2,42.0,1,41.0,-7.4,1.09,OK
F09891,2027-02-10 14:00,G3,51.8,-1,52.8,-7.4,1.08,OK
F09892,2027-02-10 14:00,G4,65.1,0,65.1,-7.4,1.09,OK
F09893,2027-02-10 14:00,G5,83.6,2,81.6,-7.4,1.08,OK
F09894,2027-02-10 14:00,G6,280.1,187,93.1,-7.4,1.08,OK
F09895,2027-02-10 14:00,G7,52.3,-2,54.3,-7.4,1.10,OK
F09896,2027-02-10 14:00,G8,35.4,0,35.4,-7.4,1.03,OK
F09897,2027-02-10 14:10,G1,-2.2,0,-2.2,-7.1,0.19,OK
F09898,2027-02-10 14:10,G2,0.6,1,-0.4,-7.1,0.18,OK
F09899,2027-02-10 14:10,G3,-1.7,-1,-0.7,-7.1,0.19,OK
F09900,2027-02-10 14:10,G4,-9.2,0,-9.2,-7.1,0.23,OK
F09901,2027-02-10 14:10,G5,-1.9,2,-3.9,-7.1,0.23,OK
F09902,2027-02-10 14:10,G6,176.8,187,-10.2,-7.1,0.16,OK
F09903,2027-02-10 14:10,G7,-9.9,-2,-7.9,-7.1,0.23,OK
F09904,2027-02-10 14:10,G8,-8.6,0,-8.6,-7.1,0.19,OK
F09905,2027-02-10 14:20,G1,18.0,0,18.0,-6.8,0.61,OK
F09906,2027-02-10 14:20,G2,15.2,1,14.2,-6.8,0.64,OK
F09907,2027-02-10 14:20,G3,23.6,-1,24.6,-6.8,0.61,OK
F09908,2027-02-10 14:20,G4,33.3,0,33.3,-6.8,0.61,OK
F09909,2027-02-10 14:20,G5,37.5,2,35.5,-6.8,0.58,OK
F09910,2027-02-10 14:20,G6,229.7,187,42.7,-6.8,0.64,OK
F09911,2027-02-10 14:20,G7,19.4,-2,21.4,-6.8,0.57,OK
F09912,2027-02-10 14:20,G8,12.8,0,12.8,-6.8,0.65,OK
F09913,2027-02-10 14:30,G1,0.5,0,0.5,-6.6,0.20,OK
F09914,2027-02-10 14:30,G2,-5.3,1,-6.3,-6.6,0.17,OK
F09915,2027-02-10 14:30,G3,-0.8,-1,0.2,-6.6,0.20,OK
F09916,2027-02-10 14:30,G4,-1.3,0,-1.3,-6.6,0.24,OK
F09917,2027-02-10 14:30,G5,-3.2,2,-5.2,-6.6,0.19,OK
F09918,2027-02-10 14:30,G6,180.7,187,-6.3,-6.6,0.24,OK
F09919,2027-02-10 14:30,G7,-6.3,-2,-4.3,-6.6,0.17,OK
F09920,2027-02-10 14:30,G8,-5.7,0,-5.7,-6.6,0.20,OK
F09921,2027-02-10 14:40,G1,22.7,0,22.7,-6.3,0.80,OK
F09922,2027-02-10 14:40,G2,28.1,1,27.1,-6.3,0.77,OK
F09923,2027-02-10 14:40,G3,35.8,-1,36.8,-6.3,0.78,OK
F09924,2027-02-10 14:40,G4,45.8,0,45.8,-6.3,0.77,OK
F09925,2027-02-10 14:40,G5,59.5,2,57.5,-6.3,0.80,OK
F09926,2027-02-10 14:40,G6,250.4,187,63.4,-6.3,0.79,OK
F09927,2027-02-10 14:40,G7,40.2,-2,42.2,-6.3,0.77,OK
F09928,2027-02-10 14:40,G8,21.5,0,21.5,-6.3,0.81,OK
F09929,2027-02-10 14:50,G1,1.1,0,1.1,-6.1,0.22,OK
F09930,2027-02-10 14:50,G2,-4.6,1,-5.6,-6.1,0.22,OK
F09931,2027-02-10 14:50,G3,-3.3,-1,-2.3,-6.1,0.18,OK
F09932,2027-02-10 14:50,G4,1.4,0,1.4,-6.1,0.17,OK
F09933,2027-02-10 14:50,G5,-3.7,2,-5.7,-6.1,0.20,OK
F09934,2027-02-10 14:50,G6,182.0,187,-5.0,-6.1,0.17,OK
F09935,2027-02-10 14:50,G7,-5.8,-2,-3.8,-6.1,0.23,OK
F09936,2027-02-10 14:50,G8,-4.3,0,-4.3,-6.1,0.19,OK
F09937,2027-02-10 15:00,G1,35.4,0,35.4,-5.8,1.10,OK
F09938,2027-02-10 15:00,G2,51.1,1,50.1,-5.8,1.15,OK
F09939,2027-02-10 15:00,G3,55.5,-1,56.5,-5.8,1.10,OK
F09940,2027-02-10 15:00,G4,71.6,0,71.6,-5.8,1.11,OK
F09941,2027-02-10 15:00,G5,91.1,2,89.1,-5.8,1.14,OK
F09942,2027-02-10 15:00,G6,290.8,187,103.8,-5.8,1.11,OK
F09943,2027-02-10 15:00,G7,60.9,-2,62.9,-5.8,1.14,OK
F09944,2027-02-10 15:00,G8,40.6,0,40.6,-5.8,1.10,OK
F09945,2027-02-10 15:10,G1,-0.4,0,-0.4,-5.6,0.23,OK
F09946,2027-02-10 15:10,G2,1.8,1,0.8,-5.6,0.22,OK
F09947,2027-02-10 15:10,G3,-1.6,-1,-0.6,-5.6,0.20,OK
F09948,2027-02-10 15:10,G4,-1.4,0,-1.4,-5.6,0.21,OK
F09949,2027-02-10 15:10,G5,-1.1,2,-3.1,-5.6,0.21,OK
F09950,2027-02-10 15:10,G6,185.8,187,-1.2,-5.6,0.22,OK
F09951,2027-02-10 15:10,G7,0.0,-2,2.0,-5.6,0.22,OK
F09952,2027-02-10 15:10,G8,1.0,0,1.0,-5.6,0.17,OK
F09953,2027-02-10 15:20,G1,16.2,0,16.2,-5.3,0.68,OK
F09954,2027-02-10 15:20,G2,24.5,1,23.5,-5.3,0.68,OK
F09955,2027-02-10 15:20,G3,30.4,-1,31.4,-5.3,0.66,OK
F09956,2027-02-10 15:20,G4,37.4,0,37.4,-5.3,0.66,OK
F09957,2027-02-10 15:20,G5,46.1,2,44.1,-5.3,0.65,OK
F09958,2027-02-10 15:20,G6,244.3,187,57.3,-5.3,0.63,OK
F09959,2027-02-10 15:20,G7,35.6,-2,37.6,-5.3,0.65,OK
F09960,2027-02-10 15:20,G8,21.6,0,21.6,-5.3,0.69,OK
F09961,2027-02-10 15:30,G1,1.7,0,1.7,-5.1,0.18,OK
F09962,2027-02-10 15:30,G2,3.1,1,2.1,-5.1,0.17,OK
F09963,2027-02-10 15:30,G3,1.3,-1,2.3,-5.1,0.17,OK
F09964,2027-02-10 15:30,G4,1.6,0,1.6,-5.1,0.19,OK
F09965,2027-02-10 15:30,G5,3.7,2,1.7,-5.1,0.22,OK
F09966,2027-02-10 15:30,G6,187.1,187,0.1,-5.1,0.19,OK
F09967,2027-02-10 15:30,G7,-2.0,-2,-0.0,-5.1,0.20,OK
F09968,2027-02-10 15:30,G8,2.4,0,2.4,-5.1,0.23,OK
F09969,2027-02-10 15:40,G1,30.3,0,30.3,-4.8,0.87,OK
F09970,2027-02-10 15:40,G2,36.8,1,35.8,-4.8,0.87,OK
F09971,2027-02-10 15:40,G3,45.5,-1,46.5,-4.8,0.84,OK
F09972,2027-02-10 15:40,G4,52.4,0,52.4,-4.8,0.87,OK
F09973,2027-02-10 15:40,G5,65.8,2,63.8,-4.8,0.87,OK
F09974,2027-02-10 15:40,G6,263.3,187,76.3,-4.8,0.87,OK
F09975,2027-02-10 15:40,G7,48.3,-2,50.3,-4.8,0.88,OK
F09976,2027-02-10 15:40,G8,28.1,0,28.1,-4.8,0.83,OK
F09977,2027-02-10 15:50,G1,1.4,0,1.4,-4.6,0.17,OK
F09978,2027-02-10 15:50,G2,4.6,1,3.6,-4.6,0.22,OK
F09979,2027-02-10 15:50,G3,-0.3,-1,0.7,-4.6,0.22,OK
F09980,2027-02-10 15:50,G4,-1.7,0,-1.7,-4.6,0.21,OK
F09981,2027-02-10 15:50,G5,3.2,2,1.2,-4.6,0.20,OK
F09982,2027-02-10 15:50,G6,186.2,187,-0.8,-4.6,0.20,OK
F09983,2027-02-10 15:50,G7,-2.3,-2,-0.3,-4.6,0.22,OK
F09984,2027-02-10 15:50,G8,5.5,0,5.5,-4.6,0.22,OK
F09985,2027-02-10 16:00,G1,20.8,0,20.8,-4.4,0.57,OK
F09986,2027-02-10 16:00,G2,21.3,1,20.3,-4.4,0.54,OK
F09987,2027-02-10 16:00,G3,21.7,-1,22.7,-4.4,0.54,OK
F09988,2027-02-10 16:00,G4,35.3,0,35.3,-4.4,0.52,OK
F09989,2027-02-10 16:00,G5,37.2,2,35.2,-4.4,0.57,OK
F09990,2027-02-10 16:00,G6,232.4,187,45.4,-4.4,0.59,OK
F09991,2027-02-10 16:00,G7,30.0,-2,32.0,-4.4,0.57,OK
F09992,2027-02-10 16:00,G8,17.2,0,17.2,-4.4,0.56,OK
F09993,2027-02-10 16:10,G1,1.0,0,1.0,-4.1,0.22,OK
F09994,2027-02-10 16:10,G2,2.7,1,1.7,-4.1,0.19,OK
F09995,2027-02-10 16:10,G3,-3.4,-1,-2.4,-4.1,0.22,OK
F09996,2027-02-10 16:10,G4,6.2,0,6.2,-4.1,0.21,OK
F09997,2027-02-10 16:10,G5,6.8,2,4.8,-4.1,0.18,OK
F09998,2027-02-10 16:10,G6,186.6,187,-0.4,-4.1,0.23,OK
F09999,2027-02-10 16:10,G7,-1.8,-2,0.2,-4.1,0.20,OK
F10000,2027-02-10 16:10,G8,2.5,0,2.5,-4.1,0.16,OK
F10001,2027-02-10 16:20,G1,28.0,0,28.0,-3.9,0.75,OK
F10002,2027-02-10 16:20,G2,36.8,1,35.8,-3.9,0.71,OK
F10003,2027-02-10 16:20,G3,35.3,-1,36.3,-3.9,0.75,OK
F10004,2027-02-10 16:20,G4,44.2,0,44.2,-3.9,0.71,OK
F10005,2027-02-10 16:20,G5,55.5,2,53.5,-3.9,0.76,OK
F10006,2027-02-10 16:20,G6,248.6,187,61.6,-3.9,0.75,OK
F10007,2027-02-10 16:20,G7,43.2,-2,45.2,-3.9,0.76,OK
F10008,2027-02-10 16:20,G8,27.7,0,27.7,-3.9,0.70,OK
F10009,2027-02-10 16:30,G1,-0.6,0,-0.6,-3.7,0.20,OK
F10010,2027-02-10 16:30,G2,1.0,1,0.0,-3.7,0.19,OK
F10011,2027-02-10 16:30,G3,-0.4,-1,0.6,-3.7,0.20,OK
F10012,2027-02-10 16:30,G4,0.4,0,0.4,-3.7,0.17,OK
F10013,2027-02-10 16:30,G5,1.8,2,-0.2,-3.7,0.21,OK
F10014,2027-02-10 16:30,G6,188.7,187,1.7,-3.7,0.21,OK
F10015,2027-02-10 16:30,G7,1.4,-2,3.4,-3.7,0.16,OK
F10016,2027-02-10 16:30,G8,4.9,0,4.9,-3.7,0.17,OK
F10017,2027-02-10 16:40,G1,33.4,0,33.4,-3.5,0.90,OK
F10018,2027-02-10 16:40,G2,40.7,1,39.7,-3.5,0.94,OK
F10019,2027-02-10 16:40,G3,53.1,-1,54.1,-3.5,0.90,OK
F10020,2027-02-10 16:40,G4,63.9,0,63.9,-3.5,0.94,OK
F10021,2027-02-10 16:40,G5,71.5,2,69.5,-3.5,0.89,OK
F10022,2027-02-10 16:40,G6,273.9,187,86.9,-3.5,0.89,OK
F10023,2027-02-10 16:40,G7,53.2,-2,55.2,-3.5,0.87,OK
F10024,2027-02-10 16:40,G8,41.4,0,41.4,-3.5,0.90,OK
F10025,2027-02-10 16:50,G1,2.1,0,2.1,-3.3,0.21,OK
F10026,2027-02-10 16:50,G2,5.1,1,4.1,-3.3,0.24,OK
F10027,2027-02-10 16:50,G3,-1.0,-1,0.0,-3.3,0.20,OK
F10028,2027-02-10 16:50,G4,1.0,0,1.0,-3.3,0.22,OK
F10029,2027-02-10 16:50,G5,8.8,2,6.8,-3.3,0.18,OK
F10030,2027-02-10 16:50,G6,193.2,187,6.2,-3.3,0.17,OK
F10031,2027-02-10 16:50,G7,1.1,-2,3.1,-3.3,0.21,OK
F10032,2027-02-10 16:50,G8,0.8,0,0.8,-3.3,0.23,OK
F10033,2027-02-10 17:00,G1,22.5,0,22.5,-3.1,0.61,OK
F10034,2027-02-10 17:00,G2,28.8,1,27.8,-3.1,0.58,OK
F10035,2027-02-10 17:00,G3,31.0,-1,32.0,-3.1,0.58,OK
F10036,2027-02-10 17:00,G4,39.7,0,39.7,-3.1,0.65,OK
F10037,2027-02-10 17:00,G5,49.8,2,47.8,-3.1,0.60,OK
F10038,2027-02-10 17:00,G6,242.9,187,55.9,-3.1,0.59,OK
F10039,2027-02-10 17:00,G7,32.6,-2,34.6,-3.1,0.66,OK
F10040,2027-02-10 17:00,G8,24.3,0,24.3,-3.1,0.64,OK
F10041,2027-02-10 17:10,G1,2.3,0,2.3,-2.9,0.22,OK
F10042,2027-02-10 17:10,G2,8.7,1,7.7,-2.9,0.19,OK
F10043,2027-02-10 17:10,G3,0.7,-1,1.7,-2.9,0.19,OK
F10044,2027-02-10 17:10,G4,9.6,0,9.6,-2.9,0.18,OK
F10045,2027-02-10 17:10,G5,2.9,2,0.9,-2.9,0.18,OK
F10046,2027-02-10 17:10,G6,196.6,187,9.6,-2.9,0.22,OK
F10047,2027-02-10 17:10,G7,0.6,-2,2.6,-2.9,0.20,OK
F10048,2027-02-10 17:10,G8,7.2,0,7.2,-2.9,0.18,OK
F10049,2027-02-10 17:20,G1,33.4,0,33.4,-2.8,0.81,OK
F10050,2027-02-10 17:20,G2,42.9,1,41.9,-2.8,0.76,OK
F10051,2027-02-10 17:20,G3,47.1,-1,48.1,-2.8,0.81,OK
F10052,2027-02-10 17:20,G4,56.2,0,56.2,-2.8,0.83,OK
F10053,2027-02-10 17:20,G5,64.8,2,62.8,-2.8,0.76,OK
F10054,2027-02-10 17:20,G6,263.5,187,76.5,-2.8,0.81,OK
F10055,2027-02-10 17:20,G7,45.7,-2,47.7,-2.8,0.83,OK
F10056,2027-02-10 17:20,G8,35.7,0,35.7,-2.8,0.76,OK
F10057,2027-02-10 17:30,G1,2.6,0,2.6,-2.6,0.19,OK
F10058,2027-02-10 17:30,G2,8.7,1,7.7,-2.6,0.19,OK
F10059,2027-02-10 17:30,G3,6.3,-1,7.3,-2.6,0.17,OK
F10060,2027-02-10 17:30,G4,7.3,0,7.3,-2.6,0.22,OK
F10061,2027-02-10 17:30,G5,5.4,2,3.4,-2.6,0.21,OK
F10062,2027-02-10 17:30,G6,190.9,187,3.9,-2.6,0.23,OK
F10063,2027-02-10 17:30,G7,8.2,-2,10.2,-2.6,0.24,OK
F10064,2027-02-10 17:30,G8,6.2,0,6.2,-2.6,0.21,OK
F10065,2027-02-10 17:40,G1,37.2,0,37.2,-2.4,0.93,OK
F10066,2027-02-10 17:40,G2,44.8,1,43.8,-2.4,0.99,OK
F10067,2027-02-10 17:40,G3,55.8,-1,56.8,-2.4,0.97,OK
F10068,2027-02-10 17:40,G4,68.9,0,68.9,-2.4,0.97,OK
F10069,2027-02-10 17:40,G5,82.7,2,80.7,-2.4,0.94,OK
F10070,2027-02-10 17:40,G6,278.5,187,91.5,-2.4,0.94,OK
F10071,2027-02-10 17:40,G7,61.0,-2,63.0,-2.4,0.96,OK
F10072,2027-02-10 17:40,G8,45.6,0,45.6,-2.4,0.97,OK
F10073,2027-02-10 17:50,G1,7.8,0,7.8,-2.3,0.20,OK
F10074,2027-02-10 17:50,G2,7.2,1,6.2,-2.3,0.19,OK
F10075,2027-02-10 17:50,G3,8.2,-1,9.2,-2.3,0.17,OK
F10076,2027-02-10 17:50,G4,7.9,0,7.9,-2.3,0.17,OK
F10077,2027-02-10 17:50,G5,7.6,2,5.6,-2.3,0.19,OK
F10078,2027-02-10 17:50,G6,197.2,187,10.2,-2.3,0.22,OK
F10079,2027-02-10 17:50,G7,8.9,-2,10.9,-2.3,0.19,OK
F10080,2027-02-10 17:50,G8,5.9,0,5.9,-2.3,0.24,OK
F10081,2027-02-10 18:00,G1,26.3,0,26.3,-2.2,0.71,OK
F10082,2027-02-10 18:00,G2,36.5,1,35.5,-2.2,0.64,OK
F10083,2027-02-10 18:00,G3,34.4,-1,35.4,-2.2,0.66,OK
F10084,2027-02-10 18:00,G4,44.8,0,44.8,-2.2,0.64,OK
F10085,2027-02-10 18:00,G5,53.8,2,51.8,-2.2,0.69,OK
F10086,2027-02-10 18:00,G6,253.8,187,66.8,-2.2,0.67,OK
F10087,2027-02-10 18:00,G7,36.8,-2,38.8,-2.2,0.66,OK
F10088,2027-02-10 18:00,G8,35.5,0,35.5,-2.2,0.68,OK
F10089,2027-02-10 18:10,G1,6.0,0,6.0,-2.0,0.17,OK
F10090,2027-02-10 18:10,G2,6.3,1,5.3,-2.0,0.19,OK
F10091,2027-02-10 18:10,G3,10.2,-1,11.2,-2.0,0.23,OK
F10092,2027-02-10 18:10,G4,6.9,0,6.9,-2.0,0.24,OK
F10093,2027-02-10 18:10,G5,11.3,2,9.3,-2.0,0.17,OK
F10094,2027-02-10 18:10,G6,198.3,187,11.3,-2.0,0.18,OK
F10095,2027-02-10 18:10,G7,8.5,-2,10.5,-2.0,0.23,OK
F10096,2027-02-10 18:10,G8,9.7,0,9.7,-2.0,0.19,OK
F10097,2027-02-10 18:20,G1,38.4,0,38.4,-1.9,0.86,OK
F10098,2027-02-10 18:20,G2,44.5,1,43.5,-1.9,0.83,OK
F10099,2027-02-10 18:20,G3,49.5,-1,50.5,-1.9,0.86,OK
F10100,2027-02-10 18:20,G4,61.8,0,61.8,-1.9,0.88,OK
F10101,2027-02-10 18:20,G5,74.8,2,72.8,-1.9,0.88,OK
F10102,2027-02-10 18:20,G6,267.7,187,80.7,-1.9,0.89,OK
F10103,2027-02-10 18:20,G7,50.5,-2,52.5,-1.9,0.87,OK
F10104,2027-02-10 18:20,G8,44.2,0,44.2,-1.9,0.84,OK
F10105,2027-02-10 18:30,G1,10.3,0,10.3,-1.8,0.22,OK
F10106,2027-02-10 18:30,G2,5.2,1,4.2,-1.8,0.16,OK
F10107,2027-02-10 18:30,G3,3.2,-1,4.2,-1.8,0.16,OK
F10108,2027-02-10 18:30,G4,7.1,0,7.1,-1.8,0.19,OK
F10109,2027-02-10 18:30,G5,7.6,2,5.6,-1.8,0.18,OK
F10110,2027-02-10 18:30,G6,195.9,187,8.9,-1.8,0.19,OK
F10111,2027-02-10 18:30,G7,4.3,-2,6.3,-1.8,0.21,OK
F10112,2027-02-10 18:30,G8,11.4,0,11.4,-1.8,0.22,OK
F10113,2027-02-10 18:40,G1,40.4,0,40.4,-1.7,1.02,OK
F10114,2027-02-10 18:40,G2,50.4,1,49.4,-1.7,1.03,OK
F10115,2027-02-10 18:40,G3,61.9,-1,62.9,-1.7,1.05,OK
F10116,2027-02-10 18:40,G4,75.4,0,75.4,-1.7,1.04,OK
F10117,2027-02-10 18:40,G5,88.1,2,86.1,-1.7,1.06,OK
F10118,2027-02-10 18:40,G6,292.1,187,105.1,-1.7,1.05,OK
F10119,2027-02-10 18:40,G7,64.6,-2,66.6,-1.7,1.00,OK
F10120,2027-02-10 18:40,G8,53.4,0,53.4,-1.7,1.05,OK
F10121,2027-02-10 18:50,G1,4.0,0,4.0,-1.6,0.23,OK
F10122,2027-02-10 18:50,G2,9.9,1,8.9,-1.6,0.18,OK
F10123,2027-02-10 18:50,G3,8.4,-1,9.4,-1.6,0.21,OK
F10124,2027-02-10 18:50,G4,6.6,0,6.6,-1.6,0.24,OK
F10125,2027-02-10 18:50,G5,13.1,2,11.1,-1.6,0.23,OK
F10126,2027-02-10 18:50,G6,196.1,187,9.1,-1.6,0.21,OK
F10127,2027-02-10 18:50,G7,11.9,-2,13.9,-1.6,0.19,OK
F10128,2027-02-10 18:50,G8,9.4,0,9.4,-1.6,0.16,OK
F10129,2027-02-10 19:00,G1,27.7,0,27.7,-1.6,0.76,OK
F10130,2027-02-10 19:00,G2,37.0,1,36.0,-1.6,0.78,OK
F10131,2027-02-10 19:00,G3,42.7,-1,43.7,-1.6,0.77,OK
F10132,2027-02-10 19:00,G4,49.0,0,49.0,-1.6,0.75,OK
F10133,2027-02-10 19:00,G5,63.0,2,61.0,-1.6,0.71,OK
F10134,2027-02-10 19:00,G6,255.7,187,68.7,-1.6,0.72,OK
F10135,2027-02-10 19:00,G7,43.7,-2,45.7,-1.6,0.74,OK
F10136,2027-02-10 19:00,G8,41.3,0,41.3,-1.6,0.71,OK
F10137,2027-02-10 19:10,G1,5.5,0,5.5,-1.5,0.23,OK
F10138,2027-02-10 19:10,G2,13.0,1,12.0,-1.5,0.17,OK
F10139,2027-02-10 19:10,G3,3.8,-1,4.8,-1.5,0.21,OK
F10140,2027-02-10 19:10,G4,5.2,0,5.2,-1.5,0.24,OK
F10141,2027-02-10 19:10,G5,6.8,2,4.8,-1.5,0.16,OK
F10142,2027-02-10 19:10,G6,196.6,187,9.6,-1.5,0.22,OK
F10143,2027-02-10 19:10,G7,11.6,-2,13.6,-1.5,0.17,OK
F10144,2027-02-10 19:10,G8,9.5,0,9.5,-1.5,0.22,OK
F10145,2027-02-10 19:20,G1,36.5,0,36.5,-1.5,0.88,OK
F10146,2027-02-10 19:20,G2,50.6,1,49.6,-1.5,0.91,OK
F10147,2027-02-10 19:20,G3,56.3,-1,57.3,-1.5,0.94,OK
F10148,2027-02-10 19:20,G4,71.7,0,71.7,-1.5,0.93,OK
F10149,2027-02-10 19:20,G5,81.9,2,79.9,-1.5,0.88,OK
F10150,2027-02-10 19:20,G6,277.2,187,90.2,-1.5,0.93,OK
F10151,2027-02-10 19:20,G7,60.8,-2,62.8,-1.5,0.91,OK
F10152,2027-02-10 19:20,G8,47.2,0,47.2,-1.5,0.92,OK
F10153,2027-02-10 19:30,G1,8.9,0,8.9,-1.4,0.20,OK
F10154,2027-02-10 19:30,G2,9.8,1,8.8,-1.4,0.24,OK
F10155,2027-02-10 19:30,G3,5.8,-1,6.8,-1.4,0.24,OK
F10156,2027-02-10 19:30,G4,9.2,0,9.2,-1.4,0.24,OK
F10157,2027-02-10 19:30,G5,15.8,2,13.8,-1.4,0.20,OK
F10158,2027-02-10 19:30,G6,196.9,187,9.9,-1.4,0.21,OK
F10159,2027-02-10 19:30,G7,3.7,-2,5.7,-1.4,0.19,OK
F10160,2027-02-10 19:30,G8,7.5,0,7.5,-1.4,0.21,OK
F10161,2027-02-10 19:40,G1,45.5,0,45.5,-1.4,1.08,OK
F10162,2027-02-10 19:40,G2,56.1,1,55.1,-1.4,1.09,OK
F10163,2027-02-10 19:40,G3,66.1,-1,67.1,-1.4,1.05,OK
F10164,2027-02-10 19:40,G4,85.8,0,85.8,-1.4,1.11,OK
F10165,2027-02-10 19:40,G5,94.7,2,92.7,-1.4,1.10,OK
F10166,2027-02-10 19:40,G6,302.9,187,115.9,-1.4,1.10,OK
F10167,2027-02-10 19:40,G7,72.7,-2,74.7,-1.4,1.12,OK
F10168,2027-02-10 19:40,G8,57.4,0,57.4,-1.4,1.08,OK
F10169,2027-02-10 19:50,G1,10.0,0,10.0,-1.4,0.20,OK
F10170,2027-02-10 19:50,G2,7.6,1,6.6,-1.4,0.17,OK
F10171,2027-02-10 19:50,G3,4.1,-1,5.1,-1.4,0.17,OK
F10172,2027-02-10 19:50,G4,11.2,0,11.2,-1.4,0.23,OK
F10173,2027-02-10 19:50,G5,13.6,2,11.6,-1.4,0.20,OK
F10174,2027-02-10 19:50,G6,199.1,187,12.1,-1.4,0.20,OK
F10175,2027-02-10 19:50,G7,8.7,-2,10.7,-1.4,0.23,OK
F10176,2027-02-10 19:50,G8,7.8,0,7.8,-1.4,0.21,OK
F10177,2027-02-10 20:00,G1,36.6,0,36.6,-1.4,0.82,OK
F10178,2027-02-10 20:00,G2,44.3,1,43.3,-1.4,0.83,OK
F10179,2027-02-10 20:00,G3,43.6,-1,44.6,-1.4,0.80,OK
F10180,2027-02-10 20:00,G4,61.8,0,61.8,-1.4,0.76,OK
F10181,2027-02-10 20:00,G5,66.3,2,64.3,-1.4,0.83,OK
F10182,2027-02-10 20:00,G6,262.3,187,75.3,-1.4,0.82,OK
F10183,2027-02-10 20:00,G7,54.0,-2,56.0,-1.4,0.84,OK
F10184,2027-02-10 20:00,G8,36.5,0,36.5,-1.4,0.78,OK
F10185,2027-02-10 20:10,G1,10.8,0,10.8,-1.4,0.19,OK
F10186,2027-02-10 20:10,G2,10.2,1,9.2,-1.4,0.24,OK
F10187,2027-02-10 20:10,G3,8.8,-1,9.8,-1.4,0.19,OK
F10188,2027-02-10 20:10,G4,11.5,0,11.5,-1.4,0.19,OK
F10189,2027-02-10 20:10,G5,14.8,2,12.8,-1.4,0.16,OK
F10190,2027-02-10 20:10,G6,199.1,187,12.1,-1.4,0.17,OK
F10191,2027-02-10 20:10,G7,10.6,-2,12.6,-1.4,0.20,OK
F10192,2027-02-10 20:10,G8,12.3,0,12.3,-1.4,0.23,OK
F10193,2027-02-10 20:20,G1,43.4,0,43.4,-1.4,0.95,OK
F10194,2027-02-10 20:20,G2,50.0,1,49.0,-1.4,0.97,OK
F10195,2027-02-10 20:20,G3,58.8,-1,59.8,-1.4,0.94,OK
F10196,2027-02-10 20:20,G4,70.1,0,70.1,-1.4,1.01,OK
F10197,2027-02-10 20:20,G5,84.8,2,82.8,-1.4,0.98,OK
F10198,2027-02-10 20:20,G6,284.6,187,97.6,-1.4,1.00,OK
F10199,2027-02-10 20:20,G7,63.5,-2,65.5,-1.4,0.98,OK
F10200,2027-02-10 20:20,G8,49.5,0,49.5,-1.4,1.00,OK
F10201,2027-02-10 20:30,G1,9.0,0,9.0,-1.4,0.22,OK
F10202,2027-02-10 20:30,G2,4.8,1,3.8,-1.4,0.18,OK
F10203,2027-02-10 20:30,G3,11.8,-1,12.8,-1.4,0.18,OK
F10204,2027-02-10 20:30,G4,5.5,0,5.5,-1.4,0.19,OK
F10205,2027-02-10 20:30,G5,9.4,2,7.4,-1.4,0.16,OK
F10206,2027-02-10 20:30,G6,197.8,187,10.8,-1.4,0.24,OK
F10207,2027-02-10 20:30,G7,5.6,-2,7.6,-1.4,0.20,OK
F10208,2027-02-10 20:30,G8,14.9,0,14.9,-1.4,0.17,OK
F10209,2027-02-10 20:40,G1,19.0,0,19.0,-1.5,0.51,OK
F10210,2027-02-10 20:40,G2,24.7,1,23.7,-1.5,0.53,OK
F10211,2027-02-10 20:40,G3,32.5,-1,33.5,-1.5,0.51,OK
F10212,2027-02-10 20:40,G4,35.4,0,35.4,-1.5,0.50,OK
F10213,2027-02-10 20:40,G5,39.5,2,37.5,-1.5,0.55,OK
F10214,2027-02-10 20:40,G6,237.8,187,50.8,-1.5,0.53,OK
F10215,2027-02-10 20:40,G7,33.2,-2,35.2,-1.5,0.54,OK
F10216,2027-02-10 20:40,G8,28.5,0,28.5,-1.5,0.54,OK
F10217,2027-02-10 20:50,G1,7.5,0,7.5,-1.5,0.19,OK
F10218,2027-02-10 20:50,G2,10.9,1,9.9,-1.5,0.23,OK
F10219,2027-02-10 20:50,G3,4.3,-1,5.3,-1.5,0.21,OK
F10220,2027-02-10 20:50,G4,12.5,0,12.5,-1.5,0.24,OK
F10221,2027-02-10 20:50,G5,9.6,2,7.6,-1.5,0.22,OK
F10222,2027-02-10 20:50,G6,192.3,187,5.3,-1.5,0.21,OK
F10223,2027-02-10 20:50,G7,7.9,-2,9.9,-1.5,0.22,OK
F10224,2027-02-10 20:50,G8,7.8,0,7.8,-1.5,0.22,OK
F10225,2027-02-10 21:00,G1,34.8,0,34.8,-1.6,0.87,OK
F10226,2027-02-10 21:00,G2,44.0,1,43.0,-1.6,0.82,OK
F10227,2027-02-10 21:00,G3,46.7,-1,47.7,-1.6,0.90,OK
F10228,2027-02-10 21:00,G4,61.9,0,61.9,-1.6,0.90,OK
F10229,2027-02-10 21:00,G5,75.0,2,73.0,-1.6,0.86,OK
F10230,2027-02-10 21:00,G6,272.5,187,85.5,-1.6,0.90,OK
F10231,2027-02-10 21:00,G7,57.0,-2,59.0,-1.6,0.86,OK
F10232,2027-02-10 21:00,G8,43.5,0,43.5,-1.6,0.86,OK
F10233,2027-02-10 21:10,G1,4.4,0,4.4,-1.6,0.23,OK
F10234,2027-02-10 21:10,G2,5.0,1,4.0,-1.6,0.24,OK
F10235,2027-02-10 21:10,G3,7.9,-1,8.9,-1.6,0.24,OK
F10236,2027-02-10 21:10,G4,12.0,0,12.0,-1.6,0.17,OK
F10237,2027-02-10 21:10,G5,6.5,2,4.5,-1.6,0.16,OK
F10238,2027-02-10 21:10,G6,196.0,187,9.0,-1.6,0.22,OK
F10239,2027-02-10 21:10,G7,4.7,-2,6.7,-1.6,0.23,OK
F10240,2027-02-10 21:10,G8,10.3,0,10.3,-1.6,0.19,OK
F10241,2027-02-10 21:20,G1,45.6,0,45.6,-1.7,1.03,OK
F10242,2027-02-10 21:20,G2,51.0,1,50.0,-1.7,1.01,OK
F10243,2027-02-10 21:20,G3,57.7,-1,58.7,-1.7,1.01,OK
F10244,2027-02-10 21:20,G4,72.9,0,72.9,-1.7,1.05,OK
F10245,2027-02-10 21:20,G5,90.5,2,88.5,-1.7,1.05,OK
F10246,2027-02-10 21:20,G6,295.5,187,108.5,-1.7,1.02,OK
F10247,2027-02-10 21:20,G7,73.0,-2,75.0,-1.7,1.04,OK
F10248,2027-02-10 21:20,G8,50.9,0,50.9,-1.7,1.07,OK
F10249,2027-02-10 21:30,G1,10.3,0,10.3,-1.8,0.22,OK
F10250,2027-02-10 21:30,G2,4.7,1,3.7,-1.8,0.18,OK
F10251,2027-02-10 21:30,G3,4.6,-1,5.6,-1.8,0.21,OK
F10252,2027-02-10 21:30,G4,9.4,0,9.4,-1.8,0.22,OK
F10253,2027-02-10 21:30,G5,10.7,2,8.7,-1.8,0.22,OK
F10254,2027-02-10 21:30,G6,195.8,187,8.8,-1.8,0.20,OK
F10255,2027-02-10 21:30,G7,4.8,-2,6.8,-1.8,0.20,OK
F10256,2027-02-10 21:30,G8,13.6,0,13.6,-1.8,0.20,OK
F10257,2027-02-10 21:40,G1,22.2,0,22.2,-1.9,0.56,OK
F10258,2027-02-10 21:40,G2,27.9,1,26.9,-1.9,0.55,OK
F10259,2027-02-10 21:40,G3,35.1,-1,36.1,-1.9,0.60,OK
F10260,2027-02-10 21:40,G4,37.1,0,37.1,-1.9,0.59,OK
F10261,2027-02-10 21:40,G5,47.6,2,45.6,-1.9,0.59,OK
F10262,2027-02-10 21:40,G6,238.8,187,51.8,-1.9,0.62,OK
F10263,2027-02-10 21:40,G7,34.4,-2,36.4,-1.9,0.60,OK
F10264,2027-02-10 21:40,G8,30.9,0,30.9,-1.9,0.59,OK
F10265,2027-02-10 21:50,G1,2.0,0,2.0,-2.0,0.21,OK
F10266,2027-02-10 21:50,G2,7.7,1,6.7,-2.0,0.17,OK
F10267,2027-02-10 21:50,G3,2.3,-1,3.3,-2.0,0.18,OK
F10268,2027-02-10 21:50,G4,4.1,0,4.1,-2.0,0.23,OK
F10269,2027-02-10 21:50,G5,8.1,2,6.1,-2.0,0.19,OK
F10270,2027-02-10 21:50,G6,193.6,187,6.6,-2.0,0.17,OK
F10271,2027-02-10 21:50,G7,10.2,-2,12.2,-2.0,0.23,OK
F10272,2027-02-10 21:50,G8,12.1,0,12.1,-2.0,0.16,OK
F10273,2027-02-10 22:00,G1,7.8,0,7.8,-2.2,0.19,OK
F10274,2027-02-10 22:00,G2,5.0,1,4.0,-2.2,0.19,OK
F10275,2027-02-10 22:00,G3,1.6,-1,2.6,-2.2,0.22,OK
F10276,2027-02-10 22:00,G4,5.7,0,5.7,-2.2,0.23,OK
F10277,2027-02-10 22:00,G5,11.7,2,9.7,-2.2,0.21,OK
F10278,2027-02-10 22:00,G6,198.3,187,11.3,-2.2,0.20,OK
F10279,2027-02-10 22:00,G7,1.6,-2,3.6,-2.2,0.24,OK
F10280,2027-02-10 22:00,G8,5.7,0,5.7,-2.2,0.19,OK
F10281,2027-02-10 22:10,G1,3.8,0,3.8,-2.3,0.18,OK
F10282,2027-02-10 22:10,G2,5.8,1,4.8,-2.3,0.18,OK
F10283,2027-02-10 22:10,G3,2.2,-1,3.2,-2.3,0.20,OK
F10284,2027-02-10 22:10,G4,6.3,0,6.3,-2.3,0.24,OK
F10285,2027-02-10 22:10,G5,5.7,2,3.7,-2.3,0.19,OK
F10286,2027-02-10 22:10,G6,191.2,187,4.2,-2.3,0.20,OK
F10287,2027-02-10 22:10,G7,5.6,-2,7.6,-2.3,0.19,OK
F10288,2027-02-10 22:10,G8,9.8,0,9.8,-2.3,0.21,OK
F10289,2027-02-10 22:20,G1,8.6,0,8.6,-2.4,0.18,OK
F10290,2027-02-10 22:20,G2,4.8,1,3.8,-2.4,0.22,OK
F10291,2027-02-10 22:20,G3,3.6,-1,4.6,-2.4,0.23,OK
F10292,2027-02-10 22:20,G4,3.4,0,3.4,-2.4,0.20,OK
F10293,2027-02-10 22:20,G5,11.6,2,9.6,-2.4,0.21,OK
F10294,2027-02-10 22:20,G6,192.1,187,5.1,-2.4,0.21,OK
F10295,2027-02-10 22:20,G7,2.8,-2,4.8,-2.4,0.23,OK
F10296,2027-02-10 22:20,G8,6.6,0,6.6,-2.4,0.18,OK
F10297,2027-02-10 22:30,G1,3.1,0,3.1,-2.6,0.22,OK
F10298,2027-02-10 22:30,G2,8.7,1,7.7,-2.6,0.23,OK
F10299,2027-02-10 22:30,G3,7.1,-1,8.1,-2.6,0.17,OK
F10300,2027-02-10 22:30,G4,8.3,0,8.3,-2.6,0.21,OK
F10301,2027-02-10 22:30,G5,9.7,2,7.7,-2.6,0.16,OK
F10302,2027-02-10 22:30,G6,197.9,187,10.9,-2.6,0.18,OK
F10303,2027-02-10 22:30,G7,5.1,-2,7.1,-2.6,0.24,OK
F10304,2027-02-10 22:30,G8,10.4,0,10.4,-2.6,0.18,OK
F10305,2027-02-10 22:40,G1,3.4,0,3.4,-2.8,0.22,OK
F10306,2027-02-10 22:40,G2,8.9,1,7.9,-2.8,0.18,OK
F10307,2027-02-10 22:40,G3,3.0,-1,4.0,-2.8,0.18,OK
F10308,2027-02-10 22:40,G4,8.5,0,8.5,-2.8,0.24,OK
F10309,2027-02-10 22:40,G5,11.3,2,9.3,-2.8,0.19,OK
F10310,2027-02-10 22:40,G6,188.6,187,1.6,-2.8,0.20,OK
F10311,2027-02-10 22:40,G7,7.3,-2,9.3,-2.8,0.23,OK
F10312,2027-02-10 22:40,G8,5.8,0,5.8,-2.8,0.22,OK
F10313,2027-02-10 22:50,G1,1.0,0,1.0,-2.9,0.19,OK
F10314,2027-02-10 22:50,G2,1.8,1,0.8,-2.9,0.17,OK
F10315,2027-02-10 22:50,G3,3.1,-1,4.1,-2.9,0.20,OK
F10316,2027-02-10 22:50,G4,6.9,0,6.9,-2.9,0.23,OK
F10317,2027-02-10 22:50,G5,10.2,2,8.2,-2.9,0.21,OK
F10318,2027-02-10 22:50,G6,194.8,187,7.8,-2.9,0.24,OK
F10319,2027-02-10 22:50,G7,7.9,-2,9.9,-2.9,0.19,OK
F10320,2027-02-10 22:50,G8,2.9,0,2.9,-2.9,0.17,OK
F10321,2027-02-10 23:00,G1,5.4,0,5.4,-3.1,0.22,OK
F10322,2027-02-10 23:00,G2,8.2,1,7.2,-3.1,0.24,OK
F10323,2027-02-10 23:00,G3,1.1,-1,2.1,-3.1,0.23,OK
F10324,2027-02-10 23:00,G4,7.5,0,7.5,-3.1,0.20,OK
F10325,2027-02-10 23:00,G5,3.1,2,1.1,-3.1,0.19,OK
F10326,2027-02-10 23:00,G6,191.9,187,4.9,-3.1,0.24,OK
F10327,2027-02-10 23:00,G7,0.1,-2,2.1,-3.1,0.16,OK
F10328,2027-02-10 23:00,G8,6.2,0,6.2,-3.1,0.21,OK
F10329,2027-02-10 23:10,G1,7.5,0,7.5,-3.3,0.18,OK
F10330,2027-02-10 23:10,G2,2.4,1,1.4,-3.3,0.23,OK
F10331,2027-02-10 23:10,G3,1.6,-1,2.6,-3.3,0.24,OK
F10332,2027-02-10 23:10,G4,1.2,0,1.2,-3.3,0.22,OK
F10333,2027-02-10 23:10,G5,5.4,2,3.4,-3.3,0.17,OK
F10334,2027-02-10 23:10,G6,190.8,187,3.8,-3.3,0.20,OK
F10335,2027-02-10 23:10,G7,2.4,-2,4.4,-3.3,0.22,OK
F10336,2027-02-10 23:10,G8,2.3,0,2.3,-3.3,0.22,OK
F10337,2027-02-10 23:20,G1,1.9,0,1.9,-3.5,0.16,OK
F10338,2027-02-10 23:20,G2,2.0,1,1.0,-3.5,0.17,OK
F10339,2027-02-10 23:20,G3,-1.9,-1,-0.9,-3.5,0.22,OK
F10340,2027-02-10 23:20,G4,6.8,0,6.8,-3.5,0.19,OK
F10341,2027-02-10 23:20,G5,3.0,2,1.0,-3.5,0.24,OK
F10342,2027-02-10 23:20,G6,195.2,187,8.2,-3.5,0.23,OK
F10343,2027-02-10 23:20,G7,-0.4,-2,1.6,-3.5,0.22,OK
F10344,2027-02-10 23:20,G8,6.1,0,6.1,-3.5,0.22,OK
F10345,2027-02-10 23:30,G1,4.3,0,4.3,-3.7,0.18,OK
F10346,2027-02-10 23:30,G2,3.0,1,2.0,-3.7,0.24,OK
F10347,2027-02-10 23:30,G3,-1.3,-1,-0.3,-3.7,0.20,OK
F10348,2027-02-10 23:30,G4,5.7,0,5.7,-3.7,0.22,OK
F10349,2027-02-10 23:30,G5,1.0,2,-1.0,-3.7,0.22,OK
F10350,2027-02-10 23:30,G6,193.7,187,6.7,-3.7,0.21,OK
F10351,2027-02-10 23:30,G7,-2.3,-2,-0.3,-3.7,0.17,OK
F10352,2027-02-10 23:30,G8,4.0,0,4.0,-3.7,0.22,OK
F10353,2027-02-10 23:40,G1,1.9,0,1.9,-3.9,0.23,OK
F10354,2027-02-10 23:40,G2,7.1,1,6.1,-3.9,0.19,OK
F10355,2027-02-10 23:40,G3,3.7,-1,4.7,-3.9,0.24,OK
F10356,2027-02-10 23:40,G4,-0.2,0,-0.2,-3.9,0.22,OK
F10357,2027-02-10 23:40,G5,6.2,2,4.2,-3.9,0.24,OK
F10358,2027-02-10 23:40,G6,192.4,187,5.4,-3.9,0.16,OK
F10359,2027-02-10 23:40,G7,2.1,-2,4.1,-3.9,0.22,OK
F10360,2027-02-10 23:40,G8,7.0,0,7.0,-3.9,0.20,OK
F10361,2027-02-10 23:50,G1,5.4,0,5.4,-4.1,0.20,OK
F10362,2027-02-10 23:50,G2,-1.4,1,-2.4,-4.1,0.22,OK
F10363,2027-02-10 23:50,G3,1.3,-1,2.3,-4.1,0.19,OK
F10364,2027-02-10 23:50,G4,5.6,0,5.6,-4.1,0.23,OK
F10365,2027-02-10 23:50,G5,8.7,2,6.7,-4.1,0.24,OK
F10366,2027-02-10 23:50,G6,188.1,187,1.1,-4.1,0.20,OK
F10367,2027-02-10 23:50,G7,2.6,-2,4.6,-4.1,0.24,OK
F10368,2027-02-10 23:50,G8,4.8,0,4.8,-4.1,0.17,OK
F10369,2027-02-11 00:00,G1,-0.9,0,-0.9,-4.3,0.17,OK
F10370,2027-02-11 00:00,G2,-1.4,1,-2.4,-4.3,0.19,OK
F10371,2027-02-11 00:00,G3,-2.8,-1,-1.8,-4.3,0.19,OK
F10372,2027-02-11 00:00,G4,1.1,0,1.1,-4.3,0.23,OK
F10373,2027-02-11 00:00,G5,-0.1,2,-2.1,-4.3,0.18,OK
F10374,2027-02-11 00:00,G6,184.6,187,-2.4,-4.3,0.22,OK
F10375,2027-02-11 00:00,G7,1.2,-2,3.2,-4.3,0.19,OK
F10376,2027-02-11 00:00,G8,3.6,0,3.6,-4.3,0.21,OK
F10377,2027-02-11 00:10,G1,-0.8,0,-0.8,-4.5,0.22,OK
F10378,2027-02-11 00:10,G2,2.0,1,1.0,-4.5,0.18,OK
F10379,2027-02-11 00:10,G3,-4.0,-1,-3.0,-4.5,0.23,OK
F10380,2027-02-11 00:10,G4,-1.7,0,-1.7,-4.5,0.19,OK
F10381,2027-02-11 00:10,G5,7.2,2,5.2,-4.5,0.24,OK
F10382,2027-02-11 00:10,G6,192.6,187,5.6,-4.5,0.24,OK
F10383,2027-02-11 00:10,G7,-1.0,-2,1.0,-4.5,0.20,OK
F10384,2027-02-11 00:10,G8,4.8,0,4.8,-4.5,0.22,OK
F10385,2027-02-11 00:20,G1,0.3,0,0.3,-4.7,0.20,OK
F10386,2027-02-11 00:20,G2,0.9,1,-0.1,-4.7,0.23,OK
F10387,2027-02-11 00:20,G3,-0.9,-1,0.1,-4.7,0.20,OK
F10388,2027-02-11 00:20,G4,3.7,0,3.7,-4.7,0.19,OK
F10389,2027-02-11 00:20,G5,-1.6,2,-3.6,-4.7,0.21,OK
F10390,2027-02-11 00:20,G6,184.4,187,-2.6,-4.7,0.23,OK
F10391,2027-02-11 00:20,G7,-2.7,-2,-0.7,-4.7,0.22,OK
F10392,2027-02-11 00:20,G8,3.5,0,3.5,-4.7,0.22,OK
F10393,2027-02-11 00:30,G1,-3.1,0,-3.1,-5.0,0.19,OK
F10394,2027-02-11 00:30,G2,4.8,1,3.8,-5.0,0.17,OK
F10395,2027-02-11 00:30,G3,-4.0,-1,-3.0,-5.0,0.23,OK
F10396,2027-02-11 00:30,G4,-2.7,0,-2.7,-5.0,0.21,OK
F10397,2027-02-11 00:30,G5,-1.1,2,-3.1,-5.0,0.21,OK
F10398,2027-02-11 00:30,G6,185.1,187,-1.9,-5.0,0.19,OK
F10399,2027-02-11 00:30,G7,-5.0,-2,-3.0,-5.0,0.21,OK
F10400,2027-02-11 00:30,G8,3.6,0,3.6,-5.0,0.20,OK
F10401,2027-02-11 00:40,G1,1.9,0,1.9,-5.2,0.21,OK
F10402,2027-02-11 00:40,G2,3.3,1,2.3,-5.2,0.24,OK
F10403,2027-02-11 00:40,G3,-3.2,-1,-2.2,-5.2,0.23,OK
F10404,2027-02-11 00:40,G4,-2.0,0,-2.0,-5.2,0.24,OK
F10405,2027-02-11 00:40,G5,0.4,2,-1.6,-5.2,0.20,OK
F10406,2027-02-11 00:40,G6,183.2,187,-3.8,-5.2,0.19,OK
F10407,2027-02-11 00:40,G7,-4.0,-2,-2.0,-5.2,0.19,OK
F10408,2027-02-11 00:40,G8,-4.9,0,-4.9,-5.2,0.20,OK
F10409,2027-02-11 00:50,G1,3.0,0,3.0,-5.5,0.16,OK
F10410,2027-02-11 00:50,G2,-4.3,1,-5.3,-5.5,0.24,OK
F10411,2027-02-11 00:50,G3,1.3,-1,2.3,-5.5,0.23,OK
F10412,2027-02-11 00:50,G4,2.6,0,2.6,-5.5,0.22,OK
F10413,2027-02-11 00:50,G5,0.5,2,-1.5,-5.5,0.20,OK
F10414,2027-02-11 00:50,G6,187.1,187,0.1,-5.5,0.22,OK
F10415,2027-02-11 00:50,G7,-5.6,-2,-3.6,-5.5,0.17,OK
F10416,2027-02-11 00:50,G8,3.0,0,3.0,-5.5,0.21,OK
F10417,2027-02-11 01:00,G1,-0.4,0,-0.4,-5.7,0.22,OK
F10418,2027-02-11 01:00,G2,2.1,1,1.1,-5.7,0.19,OK
F10419,2027-02-11 01:00,G3,-5.3,-1,-4.3,-5.7,0.22,OK
F10420,2027-02-11 01:00,G4,-4.8,0,-4.8,-5.7,0.17,OK
F10421,2027-02-11 01:00,G5,1.9,2,-0.1,-5.7,0.20,OK
F10422,2027-02-11 01:00,G6,185.6,187,-1.4,-5.7,0.16,OK
F10423,2027-02-11 01:00,G7,-4.5,-2,-2.5,-5.7,0.19,OK
F10424,2027-02-11 01:00,G8,-6.5,0,-6.5,-5.7,0.24,OK
F10425,2027-02-11 01:10,G1,-2.2,0,-2.2,-6.0,0.19,OK
F10426,2027-02-11 01:10,G2,-5.5,1,-6.5,-6.0,0.21,OK
F10427,2027-02-11 01:10,G3,-5.4,-1,-4.4,-6.0,0.23,OK
F10428,2027-02-11 01:10,G4,-5.3,0,-5.3,-6.0,0.17,OK
F10429,2027-02-11 01:10,G5,0.6,2,-1.4,-6.0,0.20,OK
F10430,2027-02-11 01:10,G6,180.5,187,-6.5,-6.0,0.18,OK
F10431,2027-02-11 01:10,G7,-0.6,-2,1.4,-6.0,0.23,OK
F10432,2027-02-11 01:10,G8,-2.8,0,-2.8,-6.0,0.22,OK
F10433,2027-02-11 01:20,G1,-2.7,0,-2.7,-6.2,0.24,OK
F10434,2027-02-11 01:20,G2,-3.8,1,-4.8,-6.2,0.21,OK
F10435,2027-02-11 01:20,G3,-0.1,-1,0.9,-6.2,0.23,OK
F10436,2027-02-11 01:20,G4,-0.7,0,-0.7,-6.2,0.22,OK
F10437,2027-02-11 01:20,G5,-1.6,2,-3.6,-6.2,0.19,OK
F10438,2027-02-11 01:20,G6,183.5,187,-3.5,-6.2,0.20,OK
F10439,2027-02-11 01:20,G7,-1.9,-2,0.1,-6.2,0.19,OK
F10440,2027-02-11 01:20,G8,-3.4,0,-3.4,-6.2,0.17,OK
F10441,2027-02-11 01:30,G1,-7.3,0,-7.3,-6.5,0.20,OK
F10442,2027-02-11 01:30,G2,-1.1,1,-2.1,-6.5,0.20,OK
F10443,2027-02-11 01:30,G3,-8.2,-1,-7.2,-6.5,0.21,OK
F10444,2027-02-11 01:30,G4,-7.8,0,-7.8,-6.5,0.20,OK
F10445,2027-02-11 01:30,G5,-0.9,2,-2.9,-6.5,0.18,OK
F10446,2027-02-11 01:30,G6,179.3,187,-7.7,-6.5,0.23,OK
F10447,2027-02-11 01:30,G7,-8.7,-2,-6.7,-6.5,0.18,OK
F10448,2027-02-11 01:30,G8,-3.1,0,-3.1,-6.5,0.24,OK
F10449,2027-02-11 01:40,G1,-1.5,0,-1.5,-6.8,0.22,OK
F10450,2027-02-11 01:40,G2,-6.7,1,-7.7,-6.8,0.19,OK
F10451,2027-02-11 01:40,G3,-1.3,-1,-0.3,-6.8,0.18,OK
F10452,2027-02-11 01:40,G4,-4.3,0,-4.3,-6.8,0.24,OK
F10453,2027-02-11 01:40,G5,-5.9,2,-7.9,-6.8,0.24,OK
F10454,2027-02-11 01:40,G6,182.8,187,-4.2,-6.8,0.22,OK
F10455,2027-02-11 01:40,G7,-11.3,-2,-9.3,-6.8,0.21,OK
F10456,2027-02-11 01:40,G8,-4.3,0,-4.3,-6.8,0.22,OK
F10457,2027-02-11 01:50,G1,-5.7,0,-5.7,-7.0,0.19,OK
F10458,2027-02-11 01:50,G2,-5.5,1,-6.5,-7.0,0.17,OK
F10459,2027-02-11 01:50,G3,-4.4,-1,-3.4,-7.0,0.18,OK
F10460,2027-02-11 01:50,G4,-8.7,0,-8.7,-7.0,0.16,OK
F10461,2027-02-11 01:50,G5,-5.8,2,-7.8,-7.0,0.16,OK
F10462,2027-02-11 01:50,G6,179.2,187,-7.8,-7.0,0.19,OK
F10463,2027-02-11 01:50,G7,-11.9,-2,-9.9,-7.0,0.18,OK
F10464,2027-02-11 01:50,G8,-8.8,0,-8.8,-7.0,0.18,OK
F10465,2027-02-11 02:00,G1,-5.1,0,-5.1,-7.3,0.18,OK
F10466,2027-02-11 02:00,G2,-0.2,1,-1.2,-7.3,0.22,OK
F10467,2027-02-11 02:00,G3,-6.2,-1,-5.2,-7.3,0.21,OK
F10468,2027-02-11 02:00,G4,-8.5,0,-8.5,-7.3,0.19,OK
F10469,2027-02-11 02:00,G5,-2.0,2,-4.0,-7.3,0.22,OK
F10470,2027-02-11 02:00,G6,181.1,187,-5.9,-7.3,0.17,OK
F10471,2027-02-11 02:00,G7,-9.6,-2,-7.6,-7.3,0.19,OK
F10472,2027-02-11 02:00,G8,-5.3,0,-5.3,-7.3,0.20,OK
F10473,2027-02-11 02:10,G1,-9.8,0,-9.8,-7.5,0.21,OK
F10474,2027-02-11 02:10,G2,-4.6,1,-5.6,-7.5,0.20,OK
F10475,2027-02-11 02:10,G3,-3.1,-1,-2.1,-7.5,0.20,OK
F10476,2027-02-11 02:10,G4,-6.1,0,-6.1,-7.5,0.18,OK
F10477,2027-02-11 02:10,G5,-6.6,2,-8.6,-7.5,0.18,OK
F10478,2027-02-11 02:10,G6,182.7,187,-4.3,-7.5,0.20,OK
F10479,2027-02-11 02:10,G7,-9.6,-2,-7.6,-7.5,0.19,OK
F10480,2027-02-11 02:10,G8,-3.5,0,-3.5,-7.5,0.18,OK
F10481,2027-02-11 02:20,G1,-8.7,0,-8.7,-7.8,0.20,OK
F10482,2027-02-11 02:20,G2,-4.3,1,-5.3,-7.8,0.19,OK
F10483,2027-02-11 02:20,G3,-3.3,-1,-2.3,-7.8,0.23,OK
F10484,2027-02-11 02:20,G4,-6.8,0,-6.8,-7.8,0.23,OK
F10485,2027-02-11 02:20,G5,-8.2,2,-10.2,-7.8,0.20,OK
F10486,2027-02-11 02:20,G6,176.1,187,-10.9,-7.8,0.17,OK
F10487,2027-02-11 02:20,G7,-12.8,-2,-10.8,-7.8,0.24,OK
F10488,2027-02-11 02:20,G8,-9.6,0,-9.6,-7.8,0.20,OK
F10489,2027-02-11 02:30,G1,-10.9,0,-10.9,-8.1,0.23,OK
F10490,2027-02-11 02:30,G2,-8.5,1,-9.5,-8.1,0.17,OK
F10491,2027-02-11 02:30,G3,-4.6,-1,-3.6,-8.1,0.24,OK
F10492,2027-02-11 02:30,G4,-6.2,0,-6.2,-8.1,0.24,OK
F10493,2027-02-11 02:30,G5,-7.2,2,-9.2,-8.1,0.16,OK
F10494,2027-02-11 02:30,G6,181.7,187,-5.3,-8.1,0.21,OK
F10495,2027-02-11 02:30,G7,-13.9,-2,-11.9,-8.1,0.19,OK
F10496,2027-02-11 02:30,G8,-5.5,0,-5.5,-8.1,0.22,OK
F10497,2027-02-11 02:40,G1,-8.3,0,-8.3,-8.3,0.21,OK
F10498,2027-02-11 02:40,G2,-4.4,1,-5.4,-8.3,0.24,OK
F10499,2027-02-11 02:40,G3,-13.0,-1,-12.0,-8.3,0.18,OK
F10500,2027-02-11 02:40,G4,-10.4,0,-10.4,-8.3,0.22,OK
F10501,2027-02-11 02:40,G5,-9.1,2,-11.1,-8.3,0.17,OK
F10502,2027-02-11 02:40,G6,176.2,187,-10.8,-8.3,0.21,OK
F10503,2027-02-11 02:40,G7,-15.2,-2,-13.2,-8.3,0.17,OK
F10504,2027-02-11 02:40,G8,-8.7,0,-8.7,-8.3,0.19,OK
F10505,2027-02-11 02:50,G1,-11.5,0,-11.5,-8.6,0.22,OK
F10506,2027-02-11 02:50,G2,-10.6,1,-11.6,-8.6,0.17,OK
F10507,2027-02-11 02:50,G3,-13.9,-1,-12.9,-8.6,0.23,OK
F10508,2027-02-11 02:50,G4,-5.5,0,-5.5,-8.6,0.22,OK
F10509,2027-02-11 02:50,G5,-4.1,2,-6.1,-8.6,0.20,OK
F10510,2027-02-11 02:50,G6,175.8,187,-11.2,-8.6,0.23,OK
F10511,2027-02-11 02:50,G7,-8.3,-2,-6.3,-8.6,0.22,OK
F10512,2027-02-11 02:50,G8,-9.8,0,-9.8,-8.6,0.23,OK
F10513,2027-02-11 03:00,G1,-4.1,0,-4.1,-8.8,0.20,OK
F10514,2027-02-11 03:00,G2,-12.0,1,-13.0,-8.8,0.16,OK
F10515,2027-02-11 03:00,G3,-14.2,-1,-13.2,-8.8,0.20,OK
F10516,2027-02-11 03:00,G4,-10.2,0,-10.2,-8.8,0.18,OK
F10517,2027-02-11 03:00,G5,-6.4,2,-8.4,-8.8,0.16,OK
F10518,2027-02-11 03:00,G6,172.7,187,-14.3,-8.8,0.22,OK
F10519,2027-02-11 03:00,G7,-12.4,-2,-10.4,-8.8,0.17,OK
F10520,2027-02-11 03:00,G8,-11.6,0,-11.6,-8.8,0.21,OK
F10521,2027-02-11 03:10,G1,-6.1,0,-6.1,-9.1,0.17,OK
F10522,2027-02-11 03:10,G2,-6.9,1,-7.9,-9.1,0.21,OK
F10523,2027-02-11 03:10,G3,-11.8,-1,-10.8,-9.1,0.17,OK
F10524,2027-02-11 03:10,G4,-10.2,0,-10.2,-9.1,0.22,OK
F10525,2027-02-11 03:10,G5,-12.7,2,-14.7,-9.1,0.23,OK
F10526,2027-02-11 03:10,G6,173.6,187,-13.4,-9.1,0.17,OK
F10527,2027-02-11 03:10,G7,-12.0,-2,-10.0,-9.1,0.17,OK
F10528,2027-02-11 03:10,G8,-15.8,0,-15.8,-9.1,0.17,OK
F10529,2027-02-11 03:20,G1,-8.2,0,-8.2,-9.3,0.22,OK
F10530,2027-02-11 03:20,G2,-6.6,1,-7.6,-9.3,0.23,OK
F10531,2027-02-11 03:20,G3,-13.5,-1,-12.5,-9.3,0.23,OK
F10532,2027-02-11 03:20,G4,-9.8,0,-9.8,-9.3,0.20,OK
F10533,2027-02-11 03:20,G5,-5.4,2,-7.4,-9.3,0.17,OK
F10534,2027-02-11 03:20,G6,175.0,187,-12.0,-9.3,0.24,OK
F10535,2027-02-11 03:20,G7,-12.3,-2,-10.3,-9.3,0.19,OK
F10536,2027-02-11 03:20,G8,-13.8,0,-13.8,-9.3,0.18,OK
F10537,2027-02-11 03:30,G1,-13.6,0,-13.6,-9.6,0.19,OK
F10538,2027-02-11 03:30,G2,-13.3,1,-14.3,-9.6,0.17,OK
F10539,2027-02-11 03:30,G3,-9.0,-1,-8.0,-9.6,0.24,OK
F10540,2027-02-11 03:30,G4,-14.5,0,-14.5,-9.6,0.22,OK
F10541,2027-02-11 03:30,G5,-6.7,2,-8.7,-9.6,0.23,OK
F10542,2027-02-11 03:30,G6,177.2,187,-9.8,-9.6,0.21,OK
F10543,2027-02-11 03:30,G7,-17.8,-2,-15.8,-9.6,0.17,OK
F10544,2027-02-11 03:30,G8,-17.3,0,-17.3,-9.6,0.20,OK
F10545,2027-02-11 03:40,G1,-13.1,0,-13.1,-9.8,0.23,OK
F10546,2027-02-11 03:40,G2,-10.3,1,-11.3,-9.8,0.17,OK
F10547,2027-02-11 03:40,G3,-15.4,-1,-14.4,-9.8,0.23,OK
F10548,2027-02-11 03:40,G4,-16.0,0,-16.0,-9.8,0.17,OK
F10549,2027-02-11 03:40,G5,-7.5,2,-9.5,-9.8,0.23,OK
F10550,2027-02-11 03:40,G6,169.8,187,-17.2,-9.8,0.20,OK
F10551,2027-02-11 03:40,G7,-14.2,-2,-12.2,-9.8,0.16,OK
F10552,2027-02-11 03:40,G8,-17.9,0,-17.9,-9.8,0.23,OK
F10553,2027-02-11 03:50,G1,-12.4,0,-12.4,-10.1,0.21,OK
F10554,2027-02-11 03:50,G2,-9.0,1,-10.0,-10.1,0.17,OK
F10555,2027-02-11 03:50,G3,-14.3,-1,-13.3,-10.1,0.21,OK
F10556,2027-02-11 03:50,G4,-10.7,0,-10.7,-10.1,0.19,OK
F10557,2027-02-11 03:50,G5,-14.6,2,-16.6,-10.1,0.16,OK
F10558,2027-02-11 03:50,G6,168.8,187,-18.2,-10.1,0.19,OK
F10559,2027-02-11 03:50,G7,-13.5,-2,-11.5,-10.1,0.18,OK
F10560,2027-02-11 03:50,G8,-16.1,0,-16.1,-10.1,0.19,OK
F10561,2027-02-11 04:00,G1,-15.4,0,-15.4,-10.3,0.23,OK
F10562,2027-02-11 04:00,G2,-8.0,1,-9.0,-10.3,0.24,OK
F10563,2027-02-11 04:00,G3,-17.6,-1,-16.6,-10.3,0.22,OK
F10564,2027-02-11 04:00,G4,-15.9,0,-15.9,-10.3,0.20,OK
F10565,2027-02-11 04:00,G5,-11.4,2,-13.4,-10.3,0.21,OK
F10566,2027-02-11 04:00,G6,172.1,187,-14.9,-10.3,0.21,OK
F10567,2027-02-11 04:00,G7,-14.5,-2,-12.5,-10.3,0.16,OK
F10568,2027-02-11 04:00,G8,-12.6,0,-12.6,-10.3,0.22,OK
F10569,2027-02-11 04:10,G1,-9.8,0,-9.8,-10.5,0.23,OK
F10570,2027-02-11 04:10,G2,-13.5,1,-14.5,-10.5,0.21,OK
F10571,2027-02-11 04:10,G3,-15.6,-1,-14.6,-10.5,0.22,OK
F10572,2027-02-11 04:10,G4,-11.2,0,-11.2,-10.5,0.18,OK
F10573,2027-02-11 04:10,G5,-13.8,2,-15.8,-10.5,0.18,OK
F10574,2027-02-11 04:10,G6,176.5,187,-10.5,-10.5,0.16,OK
F10575,2027-02-11 04:10,G7,-15.9,-2,-13.9,-10.5,0.20,OK
F10576,2027-02-11 04:10,G8,-13.7,0,-13.7,-10.5,0.18,OK
F10577,2027-02-11 04:20,G1,-8.5,0,-8.5,-10.7,0.18,OK
F10578,2027-02-11 04:20,G2,-13.5,1,-14.5,-10.7,0.24,OK
F10579,2027-02-11 04:20,G3,-19.0,-1,-18.0,-10.7,0.18,OK
F10580,2027-02-11 04:20,G4,-16.7,0,-16.7,-10.7,0.17,OK
F10581,2027-02-11 04:20,G5,-8.7,2,-10.7,-10.7,0.19,OK
F10582,2027-02-11 04:20,G6,170.6,187,-16.4,-10.7,0.19,OK
F10583,2027-02-11 04:20,G7,-19.0,-2,-17.0,-10.7,0.24,OK
F10584,2027-02-11 04:20,G8,-13.4,0,-13.4,-10.7,0.18,OK
F10585,2027-02-11 04:30,G1,-10.1,0,-10.1,-10.9,0.17,OK
F10586,2027-02-11 04:30,G2,-10.4,1,-11.4,-10.9,0.19,OK
F10587,2027-02-11 04:30,G3,-14.2,-1,-13.2,-10.9,0.17,OK
F10588,2027-02-11 04:30,G4,-18.7,0,-18.7,-10.9,0.20,OK
F10589,2027-02-11 04:30,G5,-12.0,2,-14.0,-10.9,0.18,OK
F10590,2027-02-11 04:30,G6,173.9,187,-13.1,-10.9,0.22,OK
F10591,2027-02-11 04:30,G7,-15.1,-2,-13.1,-10.9,0.22,OK
F10592,2027-02-11 04:30,G8,-13.7,0,-13.7,-10.9,0.17,OK
F10593,2027-02-11 04:40,G1,-11.5,0,-11.5,-11.1,0.18,OK
F10594,2027-02-11 04:40,G2,-12.8,1,-13.8,-11.1,0.21,OK
F10595,2027-02-11 04:40,G3,-16.1,-1,-15.1,-11.1,0.17,OK
F10596,2027-02-11 04:40,G4,-14.1,0,-14.1,-11.1,0.20,OK
F10597,2027-02-11 04:40,G5,-9.7,2,-11.7,-11.1,0.17,OK
F10598,2027-02-11 04:40,G6,171.5,187,-15.5,-11.1,0.24,OK
F10599,2027-02-11 04:40,G7,-20.2,-2,-18.2,-11.1,0.20,OK
F10600,2027-02-11 04:40,G8,-15.3,0,-15.3,-11.1,0.24,OK
F10601,2027-02-11 04:50,G1,-17.8,0,-17.8,-11.3,0.18,OK
F10602,2027-02-11 04:50,G2,-11.1,1,-12.1,-11.3,0.19,OK
F10603,2027-02-11 04:50,G3,-15.7,-1,-14.7,-11.3,0.18,OK
F10604,2027-02-11 04:50,G4,-13.4,0,-13.4,-11.3,0.22,OK
F10605,2027-02-11 04:50,G5,-17.1,2,-19.1,-11.3,0.22,OK
F10606,2027-02-11 04:50,G6,173.6,187,-13.4,-11.3,0.19,OK
F10607,2027-02-11 04:50,G7,-19.7,-2,-17.7,-11.3,0.23,OK
F10608,2027-02-11 04:50,G8,-15.1,0,-15.1,-11.3,0.20,OK
F10609,2027-02-11 05:00,G1,-9.6,0,-9.6,-11.5,0.18,OK
F10610,2027-02-11 05:00,G2,-12.7,1,-13.7,-11.5,0.22,OK
F10611,2027-02-11 05:00,G3,-17.7,-1,-16.7,-11.5,0.19,OK
F10612,2027-02-11 05:00,G4,-15.7,0,-15.7,-11.5,0.19,OK
F10613,2027-02-11 05:00,G5,-17.4,2,-19.4,-11.5,0.17,OK
F10614,2027-02-11 05:00,G6,171.9,187,-15.1,-11.5,0.18,OK
F10615,2027-02-11 05:00,G7,-17.8,-2,-15.8,-11.5,0.21,OK
F10616,2027-02-11 05:00,G8,-19.4,0,-19.4,-11.5,0.18,OK
F10617,2027-02-11 05:10,G1,-15.2,0,-15.2,-11.7,0.22,OK
F10618,2027-02-11 05:10,G2,-14.3,1,-15.3,-11.7,0.22,OK
F10619,2027-02-11 05:10,G3,-18.9,-1,-17.9,-11.7,0.22,OK
F10620,2027-02-11 05:10,G4,-18.3,0,-18.3,-11.7,0.23,OK
F10621,2027-02-11 05:10,G5,-11.1,2,-13.1,-11.7,0.17,OK
F10622,2027-02-11 05:10,G6,166.1,187,-20.9,-11.7,0.16,OK
F10623,2027-02-11 05:10,G7,-23.0,-2,-21.0,-11.7,0.16,OK
F10624,2027-02-11 05:10,G8,-18.7,0,-18.7,-11.7,0.16,OK
F10625,2027-02-11 05:20,G1,-11.4,0,-11.4,-11.9,0.21,OK
F10626,2027-02-11 05:20,G2,-13.9,1,-14.9,-11.9,0.17,OK
F10627,2027-02-11 05:20,G3,-13.1,-1,-12.1,-11.9,0.18,OK
F10628,2027-02-11 05:20,G4,-19.0,0,-19.0,-11.9,0.18,OK
F10629,2027-02-11 05:20,G5,-12.2,2,-14.2,-11.9,0.18,OK
F10630,2027-02-11 05:20,G6,169.9,187,-17.1,-11.9,0.21,OK
F10631,2027-02-11 05:20,G7,-24.2,-2,-22.2,-11.9,0.22,OK
F10632,2027-02-11 05:20,G8,-24.5,0,-24.5,-11.9,0.18,OK
F10633,2027-02-11 05:30,G1,-17.0,0,-17.0,-12.0,0.24,OK
F10634,2027-02-11 05:30,G2,-12.7,1,-13.7,-12.0,0.20,OK
F10635,2027-02-11 05:30,G3,-18.0,-1,-17.0,-12.0,0.17,OK
F10636,2027-02-11 05:30,G4,-19.3,0,-19.3,-12.0,0.17,OK
F10637,2027-02-11 05:30,G5,-16.4,2,-18.4,-12.0,0.18,OK
F10638,2027-02-11 05:30,G6,166.6,187,-20.4,-12.0,0.22,OK
F10639,2027-02-11 05:30,G7,-21.1,-2,-19.1,-12.0,0.17,OK
F10640,2027-02-11 05:30,G8,-25.3,0,-25.3,-12.0,0.21,OK
F10641,2027-02-11 05:40,G1,-13.5,0,-13.5,-12.2,0.23,OK
F10642,2027-02-11 05:40,G2,-18.8,1,-19.8,-12.2,0.22,OK
F10643,2027-02-11 05:40,G3,-14.6,-1,-13.6,-12.2,0.17,OK
F10644,2027-02-11 05:40,G4,-15.3,0,-15.3,-12.2,0.23,OK
F10645,2027-02-11 05:40,G5,-13.4,2,-15.4,-12.2,0.23,OK
F10646,2027-02-11 05:40,G6,164.7,187,-22.3,-12.2,0.20,OK
F10647,2027-02-11 05:40,G7,-24.1,-2,-22.1,-12.2,0.24,OK
F10648,2027-02-11 05:40,G8,-16.9,0,-16.9,-12.2,0.16,OK
F10649,2027-02-11 05:50,G1,-15.4,0,-15.4,-12.3,0.20,OK
F10650,2027-02-11 05:50,G2,-13.6,1,-14.6,-12.3,0.17,OK
F10651,2027-02-11 05:50,G3,-22.6,-1,-21.6,-12.3,0.18,OK
F10652,2027-02-11 05:50,G4,-21.2,0,-21.2,-12.3,0.18,OK
F10653,2027-02-11 05:50,G5,-17.7,2,-19.7,-12.3,0.18,OK
F10654,2027-02-11 05:50,G6,167.5,187,-19.5,-12.3,0.20,OK
F10655,2027-02-11 05:50,G7,-19.5,-2,-17.5,-12.3,0.24,OK
F10656,2027-02-11 05:50,G8,-24.0,0,-24.0,-12.3,0.21,OK
F10657,2027-02-11 06:00,G1,0.2,0,0.2,-12.5,0.68,OK
F10658,2027-02-11 06:00,G2,9.3,1,8.3,-12.5,0.69,OK
F10659,2027-02-11 06:00,G3,14.0,-1,15.0,-12.5,0.68,OK
F10660,2027-02-11 06:00,G4,20.1,0,20.1,-12.5,0.67,OK
F10661,2027-02-11 06:00,G5,29.1,2,27.1,-12.5,0.70,OK
F10662,2027-02-11 06:00,G6,219.9,187,32.9,-12.5,0.65,OK
F10663,2027-02-11 06:00,G7,8.0,-2,10.0,-12.5,0.64,OK
F10664,2027-02-11 06:00,G8,-3.1,0,-3.1,-12.5,0.64,OK
F10665,2027-02-11 06:10,G1,-13.8,0,-13.8,-12.6,0.22,OK
F10666,2027-02-11 06:10,G2,-15.3,1,-16.3,-12.6,0.20,OK
F10667,2027-02-11 06:10,G3,-21.1,-1,-20.1,-12.6,0.23,OK
F10668,2027-02-11 06:10,G4,-21.3,0,-21.3,-12.6,0.21,OK
F10669,2027-02-11 06:10,G5,-20.8,2,-22.8,-12.6,0.17,OK
F10670,2027-02-11 06:10,G6,163.9,187,-23.1,-12.6,0.18,OK
F10671,2027-02-11 06:10,G7,-27.2,-2,-25.2,-12.6,0.23,OK
F10672,2027-02-11 06:10,G8,-24.8,0,-24.8,-12.6,0.17,OK
F10673,2027-02-11 06:20,G1,9.8,0,9.8,-12.7,0.86,OK
F10674,2027-02-11 06:20,G2,20.4,1,19.4,-12.7,0.82,OK
F10675,2027-02-11 06:20,G3,24.1,-1,25.1,-12.7,0.86,OK
F10676,2027-02-11 06:20,G4,38.0,0,38.0,-12.7,0.87,OK
F10677,2027-02-11 06:20,G5,49.9,2,47.9,-12.7,0.87,OK
F10678,2027-02-11 06:20,G6,239.4,187,52.4,-12.7,0.85,OK
F10679,2027-02-11 06:20,G7,24.0,-2,26.0,-12.7,0.84,OK
F10680,2027-02-11 06:20,G8,4.5,0,4.5,-12.7,0.81,OK
F10681,2027-02-11 06:30,G1,-17.2,0,-17.2,-12.8,0.22,OK
F10682,2027-02-11 06:30,G2,-15.1,1,-16.1,-12.8,0.19,OK
F10683,2027-02-11 06:30,G3,-20.6,-1,-19.6,-12.8,0.20,OK
F10684,2027-02-11 06:30,G4,-16.3,0,-16.3,-12.8,0.22,OK
F10685,2027-02-11 06:30,G5,-15.3,2,-17.3,-12.8,0.20,OK
F10686,2027-02-11 06:30,G6,169.5,187,-17.5,-12.8,0.18,OK
F10687,2027-02-11 06:30,G7,-26.3,-2,-24.3,-12.8,0.19,OK
F10688,2027-02-11 06:30,G8,-18.9,0,-18.9,-12.8,0.17,OK
F10689,2027-02-11 06:40,G1,16.0,0,16.0,-12.9,0.99,OK
F10690,2027-02-11 06:40,G2,27.6,1,26.6,-12.9,1.05,OK
F10691,2027-02-11 06:40,G3,34.8,-1,35.8,-12.9,0.99,OK
F10692,2027-02-11 06:40,G4,46.2,0,46.2,-12.9,1.04,OK
F10693,2027-02-11 06:40,G5,65.6,2,63.6,-12.9,1.03,OK
F10694,2027-02-11 06:40,G6,262.5,187,75.5,-12.9,1.04,OK
F10695,2027-02-11 06:40,G7,36.2,-2,38.2,-12.9,0.98,OK
F10696,2027-02-11 06:40,G8,16.4,0,16.4,-12.9,1.04,OK
F10697,2027-02-11 06:50,G1,-13.5,0,-13.5,-13.0,0.24,OK
F10698,2027-02-11 06:50,G2,-16.7,1,-17.7,-13.0,0.18,OK
F10699,2027-02-11 06:50,G3,-20.6,-1,-19.6,-13.0,0.23,OK
F10700,2027-02-11 06:50,G4,-17.9,0,-17.9,-13.0,0.18,OK
F10701,2027-02-11 06:50,G5,-14.6,2,-16.6,-13.0,0.24,OK
F10702,2027-02-11 06:50,G6,163.1,187,-23.9,-13.0,0.22,OK
F10703,2027-02-11 06:50,G7,-24.5,-2,-22.5,-13.0,0.17,OK
F10704,2027-02-11 06:50,G8,-19.4,0,-19.4,-13.0,0.20,OK
F10705,2027-02-11 07:00,G1,6.9,0,6.9,-13.1,0.70,OK
F10706,2027-02-11 07:00,G2,11.8,1,10.8,-13.1,0.72,OK
F10707,2027-02-11 07:00,G3,18.9,-1,19.9,-13.1,0.73,OK
F10708,2027-02-11 07:00,G4,27.8,0,27.8,-13.1,0.69,OK
F10709,2027-02-11 07:00,G5,36.2,2,34.2,-13.1,0.70,OK
F10710,2027-02-11 07:00,G6,224.6,187,37.6,-13.1,0.71,OK
F10711,2027-02-11 07:00,G7,9.7,-2,11.7,-13.1,0.70,OK
F10712,2027-02-11 07:00,G8,-1.4,0,-1.4,-13.1,0.74,OK
F10713,2027-02-11 07:10,G1,-12.9,0,-12.9,-13.1,0.22,OK
F10714,2027-02-11 07:10,G2,-16.7,1,-17.7,-13.1,0.20,OK
F10715,2027-02-11 07:10,G3,-23.1,-1,-22.1,-13.1,0.24,OK
F10716,2027-02-11 07:10,G4,-24.4,0,-24.4,-13.1,0.18,OK
F10717,2027-02-11 07:10,G5,-17.9,2,-19.9,-13.1,0.19,OK
F10718,2027-02-11 07:10,G6,161.4,187,-25.6,-13.1,0.18,OK
F10719,2027-02-11 07:10,G7,-25.3,-2,-23.3,-13.1,0.17,OK
F10720,2027-02-11 07:10,G8,-28.2,0,-28.2,-13.1,0.19,OK
F10721,2027-02-11 07:20,G1,17.5,0,17.5,-13.2,0.90,OK
F10722,2027-02-11 07:20,G2,22.5,1,21.5,-13.2,0.88,OK
F10723,2027-02-11 07:20,G3,26.4,-1,27.4,-13.2,0.88,OK
F10724,2027-02-11 07:20,G4,40.1,0,40.1,-13.2,0.91,OK
F10725,2027-02-11 07:20,G5,52.7,2,50.7,-13.2,0.92,OK
F10726,2027-02-11 07:20,G6,248.9,187,61.9,-13.2,0.94,OK
F10727,2027-02-11 07:20,G7,29.2,-2,31.2,-13.2,0.90,OK
F10728,2027-02-11 07:20,G8,14.2,0,14.2,-13.2,0.86,OK
F10729,2027-02-11 07:30,G1,-14.3,0,-14.3,-13.2,0.19,OK
F10730,2027-02-11 07:30,G2,-19.8,1,-20.8,-13.2,0.18,OK
F10731,2027-02-11 07:30,G3,-21.6,-1,-20.6,-13.2,0.24,OK
F10732,2027-02-11 07:30,G4,-23.8,0,-23.8,-13.2,0.22,OK
F10733,2027-02-11 07:30,G5,-15.2,2,-17.2,-13.2,0.23,OK
F10734,2027-02-11 07:30,G6,162.4,187,-24.6,-13.2,0.17,OK
F10735,2027-02-11 07:30,G7,-25.1,-2,-23.1,-13.2,0.18,OK
F10736,2027-02-11 07:30,G8,-21.6,0,-21.6,-13.2,0.23,OK
F10737,2027-02-11 07:40,G1,17.0,0,17.0,-13.3,1.11,OK
F10738,2027-02-11 07:40,G2,33.4,1,32.4,-13.3,1.07,OK
F10739,2027-02-11 07:40,G3,38.6,-1,39.6,-13.3,1.09,OK
F10740,2027-02-11 07:40,G4,48.1,0,48.1,-13.3,1.06,OK
F10741,2027-02-11 07:40,G5,69.4,2,67.4,-13.3,1.05,OK
F10742,2027-02-11 07:40,G6,261.6,187,74.6,-13.3,1.09,OK
F10743,2027-02-11 07:40,G7,36.2,-2,38.2,-13.3,1.06,OK
F10744,2027-02-11 07:40,G8,23.0,0,23.0,-13.3,1.11,OK
F10745,2027-02-11 07:50,G1,-14.6,0,-14.6,-13.3,0.22,OK
F10746,2027-02-11 07:50,G2,-13.1,1,-14.1,-13.3,0.22,OK
F10747,2027-02-11 07:50,G3,-21.8,-1,-20.8,-13.3,0.20,OK
F10748,2027-02-11 07:50,G4,-19.3,0,-19.3,-13.3,0.24,OK
F10749,2027-02-11 07:50,G5,-19.6,2,-21.6,-13.3,0.22,OK
F10750,2027-02-11 07:50,G6,160.4,187,-26.6,-13.3,0.19,OK
F10751,2027-02-11 07:50,G7,-26.3,-2,-24.3,-13.3,0.19,OK
F10752,2027-02-11 07:50,G8,-26.9,0,-26.9,-13.3,0.17,OK
F10753,2027-02-11 08:00,G1,4.2,0,4.2,-13.3,0.79,OK
F10754,2027-02-11 08:00,G2,15.1,1,14.1,-13.3,0.76,OK
F10755,2027-02-11 08:00,G3,19.9,-1,20.9,-13.3,0.77,OK
F10756,2027-02-11 08:00,G4,31.2,0,31.2,-13.3,0.83,OK
F10757,2027-02-11 08:00,G5,34.5,2,32.5,-13.3,0.81,OK
F10758,2027-02-11 08:00,G6,229.9,187,42.9,-13.3,0.83,OK
F10759,2027-02-11 08:00,G7,15.2,-2,17.2,-13.3,0.83,OK
F10760,2027-02-11 08:00,G8,3.6,0,3.6,-13.3,0.82,OK
F10761,2027-02-11 08:10,G1,-16.9,0,-16.9,-13.3,0.20,OK
F10762,2027-02-11 08:10,G2,-21.0,1,-22.0,-13.3,0.24,OK
F10763,2027-02-11 08:10,G3,-24.9,-1,-23.9,-13.3,0.24,OK
F10764,2027-02-11 08:10,G4,-24.5,0,-24.5,-13.3,0.23,OK
F10765,2027-02-11 08:10,G5,-16.4,2,-18.4,-13.3,0.21,OK
F10766,2027-02-11 08:10,G6,167.7,187,-19.3,-13.3,0.23,OK
F10767,2027-02-11 08:10,G7,-21.5,-2,-19.5,-13.3,0.19,OK
F10768,2027-02-11 08:10,G8,-24.6,0,-24.6,-13.3,0.17,OK
F10769,2027-02-11 08:20,G1,19.0,0,19.0,-13.3,0.97,OK
F10770,2027-02-11 08:20,G2,22.4,1,21.4,-13.3,0.96,OK
F10771,2027-02-11 08:20,G3,30.6,-1,31.6,-13.3,0.93,OK
F10772,2027-02-11 08:20,G4,44.8,0,44.8,-13.3,0.94,OK
F10773,2027-02-11 08:20,G5,52.0,2,50.0,-13.3,0.99,OK
F10774,2027-02-11 08:20,G6,253.8,187,66.8,-13.3,0.96,OK
F10775,2027-02-11 08:20,G7,33.4,-2,35.4,-13.3,0.94,OK
F10776,2027-02-11 08:20,G8,16.1,0,16.1,-13.3,0.94,OK
F10777,2027-02-11 08:30,G1,-21.0,0,-21.0,-13.2,0.22,OK
F10778,2027-02-11 08:30,G2,-19.0,1,-20.0,-13.2,0.17,OK
F10779,2027-02-11 08:30,G3,-15.9,-1,-14.9,-13.2,0.19,OK
F10780,2027-02-11 08:30,G4,-24.7,0,-24.7,-13.2,0.18,OK
F10781,2027-02-11 08:30,G5,-17.5,2,-19.5,-13.2,0.23,OK
F10782,2027-02-11 08:30,G6,162.8,187,-24.2,-13.2,0.21,OK
F10783,2027-02-11 08:30,G7,-26.6,-2,-24.6,-13.2,0.20,OK
F10784,2027-02-11 08:30,G8,-26.4,0,-26.4,-13.2,0.19,OK
F10785,2027-02-11 08:40,G1,-0.2,0,-0.2,-13.2,0.50,OK
F10786,2027-02-11 08:40,G2,3.2,1,2.2,-13.2,0.54,OK
F10787,2027-02-11 08:40,G3,-0.6,-1,0.4,-13.2,0.53,OK
F10788,2027-02-11 08:40,G4,7.6,0,7.6,-13.2,0.49,OK
F10789,2027-02-11 08:40,G5,15.3,2,13.3,-13.2,0.52,OK
F10790,2027-02-11 08:40,G6,200.7,187,13.7,-13.2,0.53,OK
F10791,2027-02-11 08:40,G7,-2.8,-2,-0.8,-13.2,0.55,OK
F10792,2027-02-11 08:40,G8,-9.5,0,-9.5,-13.2,0.53,OK
F10793,2027-02-11 08:50,G1,-17.0,0,-17.0,-13.1,0.21,OK
F10794,2027-02-11 08:50,G2,-21.2,1,-22.2,-13.1,0.20,OK
F10795,2027-02-11 08:50,G3,-22.1,-1,-21.1,-13.1,0.23,OK
F10796,2027-02-11 08:50,G4,-22.2,0,-22.2,-13.1,0.21,OK
F10797,2027-02-11 08:50,G5,-20.7,2,-22.7,-13.1,0.21,OK
F10798,2027-02-11 08:50,G6,162.4,187,-24.6,-13.1,0.21,OK
F10799,2027-02-11 08:50,G7,-23.5,-2,-21.5,-13.1,0.21,OK
F10800,2027-02-11 08:50,G8,-27.0,0,-27.0,-13.1,0.22,OK
F10801,2027-02-11 09:00,G1,7.6,0,7.6,-13.1,0.82,OK
F10802,2027-02-11 09:00,G2,22.3,1,21.3,-13.1,0.87,OK
F10803,2027-02-11 09:00,G3,27.0,-1,28.0,-13.1,0.85,OK
F10804,2027-02-11 09:00,G4,30.0,0,30.0,-13.1,0.87,OK
F10805,2027-02-11 09:00,G5,46.1,2,44.1,-13.1,0.83,OK
F10806,2027-02-11 09:00,G6,237.8,187,50.8,-13.1,0.84,OK
F10807,2027-02-11 09:00,G7,19.9,-2,21.9,-13.1,0.84,OK
F10808,2027-02-11 09:00,G8,10.5,0,10.5,-13.1,0.87,OK
F10809,2027-02-11 09:10,G1,-19.8,0,-19.8,-13.0,0.22,OK
F10810,2027-02-11 09:10,G2,-15.3,1,-16.3,-13.0,0.20,OK
F10811,2027-02-11 09:10,G3,-22.0,-1,-21.0,-13.0,0.18,OK
F10812,2027-02-11 09:10,G4,-23.9,0,-23.9,-13.0,0.18,OK
F10813,2027-02-11 09:10,G5,-19.6,2,-21.6,-13.0,0.23,OK
F10814,2027-02-11 09:10,G6,161.8,187,-25.2,-13.0,0.18,OK
F10815,2027-02-11 09:10,G7,-27.4,-2,-25.4,-13.0,0.19,OK
F10816,2027-02-11 09:10,G8,-27.9,0,-27.9,-13.0,0.17,OK
F10817,2027-02-11 09:20,G1,15.8,0,15.8,-12.9,1.03,OK
F10818,2027-02-11 09:20,G2,29.9,1,28.9,-12.9,1.06,OK
F10819,2027-02-11 09:20,G3,34.6,-1,35.6,-12.9,1.00,OK
F10820,2027-02-11 09:20,G4,48.8,0,48.8,-12.9,1.03,OK
F10821,2027-02-11 09:20,G5,63.9,2,61.9,-12.9,1.04,OK
F10822,2027-02-11 09:20,G6,263.6,187,76.6,-12.9,1.00,OK
F10823,2027-02-11 09:20,G7,35.6,-2,37.6,-12.9,1.04,OK
F10824,2027-02-11 09:20,G8,14.0,0,14.0,-12.9,1.01,OK
F10825,2027-02-11 09:30,G1,-17.4,0,-17.4,-12.8,0.21,OK
F10826,2027-02-11 09:30,G2,-16.8,1,-17.8,-12.8,0.19,OK
F10827,2027-02-11 09:30,G3,-23.2,-1,-22.2,-12.8,0.19,OK
F10828,2027-02-11 09:30,G4,-22.4,0,-22.4,-12.8,0.20,OK
F10829,2027-02-11 09:30,G5,-17.9,2,-19.9,-12.8,0.17,OK
F10830,2027-02-11 09:30,G6,161.5,187,-25.5,-12.8,0.17,OK
F10831,2027-02-11 09:30,G7,-24.1,-2,-22.1,-12.8,0.16,OK
F10832,2027-02-11 09:30,G8,-22.8,0,-22.8,-12.8,0.20,OK
F10833,2027-02-11 09:40,G1,0.4,0,0.4,-12.7,0.53,OK
F10834,2027-02-11 09:40,G2,6.7,1,5.7,-12.7,0.58,OK
F10835,2027-02-11 09:40,G3,3.4,-1,4.4,-12.7,0.60,OK
F10836,2027-02-11 09:40,G4,7.4,0,7.4,-12.7,0.55,OK
F10837,2027-02-11 09:40,G5,21.0,2,19.0,-12.7,0.58,OK
F10838,2027-02-11 09:40,G6,205.5,187,18.5,-12.7,0.55,OK
F10839,2027-02-11 09:40,G7,-0.1,-2,1.9,-12.7,0.54,OK
F10840,2027-02-11 09:40,G8,-3.2,0,-3.2,-12.7,0.56,OK
F10841,2027-02-11 09:50,G1,-13.5,0,-13.5,-12.6,0.21,OK
F10842,2027-02-11 09:50,G2,-15.7,1,-16.7,-12.6,0.19,OK
F10843,2027-02-11 09:50,G3,-22.1,-1,-21.1,-12.6,0.21,OK
F10844,2027-02-11 09:50,G4,-15.2,0,-15.2,-12.6,0.17,OK
F10845,2027-02-11 09:50,G5,-13.5,2,-15.5,-12.6,0.20,OK
F10846,2027-02-11 09:50,G6,162.8,187,-24.2,-12.6,0.22,OK
F10847,2027-02-11 09:50,G7,-26.9,-2,-24.9,-12.6,0.17,OK
F10848,2027-02-11 09:50,G8,-19.3,0,-19.3,-12.6,0.20,OK
F10849,2027-02-11 10:00,G1,14.1,0,14.1,-12.5,0.88,OK
F10850,2027-02-11 10:00,G2,24.5,1,23.5,-12.5,0.90,OK
F10851,2027-02-11 10:00,G3,32.0,-1,33.0,-12.5,0.88,OK
F10852,2027-02-11 10:00,G4,38.5,0,38.5,-12.5,0.88,OK
F10853,2027-02-11 10:00,G5,57.0,2,55.0,-12.5,0.91,OK
F10854,2027-02-11 10:00,G6,250.8,187,63.8,-12.5,0.95,OK
F10855,2027-02-11 10:00,G7,28.9,-2,30.9,-12.5,0.94,OK
F10856,2027-02-11 10:00,G8,16.6,0,16.6,-12.5,0.88,OK
F10857,2027-02-11 10:10,G1,-17.2,0,-17.2,-12.3,0.20,OK
F10858,2027-02-11 10:10,G2,-17.1,1,-18.1,-12.3,0.17,OK
F10859,2027-02-11 10:10,G3,-22.0,-1,-21.0,-12.3,0.16,OK
F10860,2027-02-11 10:10,G4,-19.3,0,-19.3,-12.3,0.20,OK
F10861,2027-02-11 10:10,G5,-16.9,2,-18.9,-12.3,0.21,OK
F10862,2027-02-11 10:10,G6,169.1,187,-17.9,-12.3,0.22,OK
F10863,2027-02-11 10:10,G7,-19.0,-2,-17.0,-12.3,0.22,OK
F10864,2027-02-11 10:10,G8,-22.4,0,-22.4,-12.3,0.22,OK
F10865,2027-02-11 10:20,G1,27.4,0,27.4,-12.2,1.07,OK
F10866,2027-02-11 10:20,G2,36.6,1,35.6,-12.2,1.11,OK
F10867,2027-02-11 10:20,G3,41.0,-1,42.0,-12.2,1.10,OK
F10868,2027-02-11 10:20,G4,56.1,0,56.1,-12.2,1.06,OK
F10869,2027-02-11 10:20,G5,70.5,2,68.5,-12.2,1.09,OK
F10870,2027-02-11 10:20,G6,266.6,187,79.6,-12.2,1.06,OK
F10871,2027-02-11 10:20,G7,39.3,-2,41.3,-12.2,1.11,OK
F10872,2027-02-11 10:20,G8,20.4,0,20.4,-12.2,1.12,OK
F10873,2027-02-11 10:30,G1,-10.7,0,-10.7,-12.0,0.18,OK
F10874,2027-02-11 10:30,G2,-12.7,1,-13.7,-12.0,0.24,OK
F10875,2027-02-11 10:30,G3,-16.1,-1,-15.1,-12.0,0.16,OK
F10876,2027-02-11 10:30,G4,-17.5,0,-17.5,-12.0,0.24,OK
F10877,2027-02-11 10:30,G5,-15.0,2,-17.0,-12.0,0.18,OK
F10878,2027-02-11 10:30,G6,171.0,187,-16.0,-12.0,0.16,OK
F10879,2027-02-11 10:30,G7,-25.2,-2,-23.2,-12.0,0.17,OK
F10880,2027-02-11 10:30,G8,-21.3,0,-21.3,-12.0,0.20,OK
F10881,2027-02-11 10:40,G1,8.5,0,8.5,-11.9,0.62,OK
F10882,2027-02-11 10:40,G2,7.7,1,6.7,-11.9,0.60,OK
F10883,2027-02-11 10:40,G3,15.2,-1,16.2,-11.9,0.60,OK
F10884,2027-02-11 10:40,G4,18.7,0,18.7,-11.9,0.66,OK
F10885,2027-02-11 10:40,G5,24.4,2,22.4,-11.9,0.63,OK
F10886,2027-02-11 10:40,G6,213.9,187,26.9,-11.9,0.62,OK
F10887,2027-02-11 10:40,G7,10.5,-2,12.5,-11.9,0.63,OK
F10888,2027-02-11 10:40,G8,-3.3,0,-3.3,-11.9,0.63,OK
F10889,2027-02-11 10:50,G1,-18.0,0,-18.0,-11.7,0.18,OK
F10890,2027-02-11 10:50,G2,-11.4,1,-12.4,-11.7,0.16,OK
F10891,2027-02-11 10:50,G3,-18.3,-1,-17.3,-11.7,0.19,OK
F10892,2027-02-11 10:50,G4,-12.5,0,-12.5,-11.7,0.23,OK
F10893,2027-02-11 10:50,G5,-11.3,2,-13.3,-11.7,0.20,OK
F10894,2027-02-11 10:50,G6,168.6,187,-18.4,-11.7,0.23,OK
F10895,2027-02-11 10:50,G7,-25.4,-2,-23.4,-11.7,0.19,OK
F10896,2027-02-11 10:50,G8,-22.5,0,-22.5,-11.7,0.22,OK
F10897,2027-02-11 11:00,G1,19.0,0,19.0,-11.5,1.01,OK
F10898,2027-02-11 11:00,G2,31.6,1,30.6,-11.5,0.96,OK
F10899,2027-02-11 11:00,G3,30.7,-1,31.7,-11.5,0.97,OK
F10900,2027-02-11 11:00,G4,47.5,0,47.5,-11.5,1.00,OK
F10901,2027-02-11 11:00,G5,65.1,2,63.1,-11.5,0.98,OK
F10902,2027-02-11 11:00,G6,257.9,187,70.9,-11.5,0.98,OK
F10903,2027-02-11 11:00,G7,34.0,-2,36.0,-11.5,0.99,OK
F10904,2027-02-11 11:00,G8,22.0,0,22.0,-11.5,0.99,OK
F10905,2027-02-11 11:10,G1,-17.6,0,-17.6,-11.3,0.21,OK
F10906,2027-02-11 11:10,G2,-9.8,1,-10.8,-11.3,0.20,OK
F10907,2027-02-11 11:10,G3,-13.8,-1,-12.8,-11.3,0.17,OK
F10908,2027-02-11 11:10,G4,-17.4,0,-17.4,-11.3,0.18,OK
F10909,2027-02-11 11:10,G5,-11.6,2,-13.6,-11.3,0.16,OK
F10910,2027-02-11 11:10,G6,169.3,187,-17.7,-11.3,0.18,OK
F10911,2027-02-11 11:10,G7,-20.6,-2,-18.6,-11.3,0.21,OK
F10912,2027-02-11 11:10,G8,-18.4,0,-18.4,-11.3,0.17,OK
F10913,2027-02-11 11:20,G1,-3.2,0,-3.2,-11.1,0.52,OK
F10914,2027-02-11 11:20,G2,9.3,1,8.3,-11.1,0.54,OK
F10915,2027-02-11 11:20,G3,5.2,-1,6.2,-11.1,0.49,OK
F10916,2027-02-11 11:20,G4,7.0,0,7.0,-11.1,0.50,OK
F10917,2027-02-11 11:20,G5,14.4,2,12.4,-11.1,0.49,OK
F10918,2027-02-11 11:20,G6,209.8,187,22.8,-11.1,0.53,OK
F10919,2027-02-11 11:20,G7,7.1,-2,9.1,-11.1,0.55,OK
F10920,2027-02-11 11:20,G8,-5.5,0,-5.5,-11.1,0.56,OK
F10921,2027-02-11 11:30,G1,-13.1,0,-13.1,-10.9,0.21,OK
F10922,2027-02-11 11:30,G2,-12.6,1,-13.6,-10.9,0.19,OK
F10923,2027-02-11 11:30,G3,-16.1,-1,-15.1,-10.9,0.22,OK
F10924,2027-02-11 11:30,G4,-11.2,0,-11.2,-10.9,0.20,OK
F10925,2027-02-11 11:30,G5,-12.1,2,-14.1,-10.9,0.22,OK
F10926,2027-02-11 11:30,G6,173.4,187,-13.6,-10.9,0.22,OK
F10927,2027-02-11 11:30,G7,-21.1,-2,-19.1,-10.9,0.20,OK
F10928,2027-02-11 11:30,G8,-17.7,0,-17.7,-10.9,0.18,OK
F10929,2027-02-11 11:40,G1,5.3,0,5.3,-10.7,0.73,OK
F10930,2027-02-11 11:40,G2,12.5,1,11.5,-10.7,0.67,OK
F10931,2027-02-11 11:40,G3,20.8,-1,21.8,-10.7,0.73,OK
F10932,2027-02-11 11:40,G4,28.3,0,28.3,-10.7,0.66,OK
F10933,2027-02-11 11:40,G5,36.1,2,34.1,-10.7,0.67,OK
F10934,2027-02-11 11:40,G6,227.3,187,40.3,-10.7,0.70,OK
F10935,2027-02-11 11:40,G7,21.2,-2,23.2,-10.7,0.72,OK
F10936,2027-02-11 11:40,G8,9.2,0,9.2,-10.7,0.68,OK
F10937,2027-02-11 11:50,G1,-7.3,0,-7.3,-10.5,0.22,OK
F10938,2027-02-11 11:50,G2,-9.9,1,-10.9,-10.5,0.19,OK
F10939,2027-02-11 11:50,G3,-11.6,-1,-10.6,-10.5,0.16,OK
F10940,2027-02-11 11:50,G4,-11.4,0,-11.4,-10.5,0.18,OK
F10941,2027-02-11 11:50,G5,-13.2,2,-15.2,-10.5,0.20,OK
F10942,2027-02-11 11:50,G6,176.2,187,-10.8,-10.5,0.21,OK
F10943,2027-02-11 11:50,G7,-16.3,-2,-14.3,-10.5,0.19,OK
F10944,2027-02-11 11:50,G8,-12.7,0,-12.7,-10.5,0.23,OK
F10945,2027-02-11 12:00,G1,28.7,0,28.7,-10.3,1.05,OK
F10946,2027-02-11 12:00,G2,37.7,1,36.7,-10.3,1.05,OK
F10947,2027-02-11 12:00,G3,43.5,-1,44.5,-10.3,1.06,OK
F10948,2027-02-11 12:00,G4,51.6,0,51.6,-10.3,1.07,OK
F10949,2027-02-11 12:00,G5,67.0,2,65.0,-10.3,1.06,OK
F10950,2027-02-11 12:00,G6,268.0,187,81.0,-10.3,1.07,OK
F10951,2027-02-11 12:00,G7,40.5,-2,42.5,-10.3,1.05,OK
F10952,2027-02-11 12:00,G8,23.8,0,23.8,-10.3,1.05,OK
F10953,2027-02-11 12:10,G1,-8.1,0,-8.1,-10.1,0.16,OK
F10954,2027-02-11 12:10,G2,-6.7,1,-7.7,-10.1,0.17,OK
F10955,2027-02-11 12:10,G3,-16.7,-1,-15.7,-10.1,0.24,OK
F10956,2027-02-11 12:10,G4,-15.7,0,-15.7,-10.1,0.19,OK
F10957,2027-02-11 12:10,G5,-8.8,2,-10.8,-10.1,0.17,OK
F10958,2027-02-11 12:10,G6,171.3,187,-15.7,-10.1,0.17,OK
F10959,2027-02-11 12:10,G7,-12.2,-2,-10.2,-10.1,0.21,OK
F10960,2027-02-11 12:10,G8,-16.6,0,-16.6,-10.1,0.18,OK
F10961,2027-02-11 12:20,G1,10.9,0,10.9,-9.8,0.57,OK
F10962,2027-02-11 12:20,G2,11.8,1,10.8,-9.8,0.55,OK
F10963,2027-02-11 12:20,G3,14.0,-1,15.0,-9.8,0.59,OK
F10964,2027-02-11 12:20,G4,15.9,0,15.9,-9.8,0.61,OK
F10965,2027-02-11 12:20,G5,31.4,2,29.4,-9.8,0.58,OK
F10966,2027-02-11 12:20,G6,219.1,187,32.1,-9.8,0.55,OK
F10967,2027-02-11 12:20,G7,9.2,-2,11.2,-9.8,0.61,OK
F10968,2027-02-11 12:20,G8,5.8,0,5.8,-9.8,0.56,OK
F10969,2027-02-11 12:30,G1,-6.4,0,-6.4,-9.6,0.23,OK
F10970,2027-02-11 12:30,G2,-11.7,1,-12.7,-9.6,0.21,OK
F10971,2027-02-11 12:30,G3,-14.8,-1,-13.8,-9.6,0.16,OK
F10972,2027-02-11 12:30,G4,-11.3,0,-11.3,-9.6,0.16,OK
F10973,2027-02-11 12:30,G5,-11.7,2,-13.7,-9.6,0.17,OK
F10974,2027-02-11 12:30,G6,174.4,187,-12.6,-9.6,0.20,OK
F10975,2027-02-11 12:30,G7,-11.8,-2,-9.8,-9.6,0.21,OK
F10976,2027-02-11 12:30,G8,-12.2,0,-12.2,-9.6,0.20,OK
F10977,2027-02-11 12:40,G1,18.7,0,18.7,-9.3,0.75,OK
F10978,2027-02-11 12:40,G2,25.5,1,24.5,-9.3,0.75,OK
F10979,2027-02-11 12:40,G3,25.3,-1,26.3,-9.3,0.78,OK
F10980,2027-02-11 12:40,G4,35.1,0,35.1,-9.3,0.76,OK
F10981,2027-02-11 12:40,G5,42.9,2,40.9,-9.3,0.73,OK
F10982,2027-02-11 12:40,G6,239.6,187,52.6,-9.3,0.79,OK
F10983,2027-02-11 12:40,G7,25.4,-2,27.4,-9.3,0.72,OK
F10984,2027-02-11 12:40,G8,15.2,0,15.2,-9.3,0.76,OK
F10985,2027-02-11 12:50,G1,-8.0,0,-8.0,-9.1,0.17,OK
F10986,2027-02-11 12:50,G2,-7.4,1,-8.4,-9.1,0.19,OK
F10987,2027-02-11 12:50,G3,-11.7,-1,-10.7,-9.1,0.21,OK
F10988,2027-02-11 12:50,G4,-12.1,0,-12.1,-9.1,0.16,OK
F10989,2027-02-11 12:50,G5,-8.3,2,-10.3,-9.1,0.23,OK
F10990,2027-02-11 12:50,G6,175.3,187,-11.7,-9.1,0.19,OK
F10991,2027-02-11 12:50,G7,-10.6,-2,-8.6,-9.1,0.18,OK
F10992,2027-02-11 12:50,G8,-14.5,0,-14.5,-9.1,0.19,OK
F10993,2027-02-11 13:00,G1,27.0,0,27.0,-8.8,1.10,OK
F10994,2027-02-11 13:00,G2,41.1,1,40.1,-8.8,1.07,OK
F10995,2027-02-11 13:00,G3,49.6,-1,50.6,-8.8,1.11,OK
F10996,2027-02-11 13:00,G4,67.1,0,67.1,-8.8,1.07,OK
F10997,2027-02-11 13:00,G5,83.7,2,81.7,-8.8,1.12,OK
F10998,2027-02-11 13:00,G6,278.3,187,91.3,-8.8,1.07,OK
F10999,2027-02-11 13:00,G7,48.8,-2,50.8,-8.8,1.06,OK
F11000,2027-02-11 13:00,G8,31.4,0,31.4,-8.8,1.13,OK
F11001,2027-02-11 13:10,G1,-8.1,0,-8.1,-8.6,0.23,OK
F11002,2027-02-11 13:10,G2,-5.3,1,-6.3,-8.6,0.17,OK
F11003,2027-02-11 13:10,G3,-8.1,-1,-7.1,-8.6,0.17,OK
F11004,2027-02-11 13:10,G4,-11.7,0,-11.7,-8.6,0.19,OK
F11005,2027-02-11 13:10,G5,-4.6,2,-6.6,-8.6,0.21,OK
F11006,2027-02-11 13:10,G6,175.6,187,-11.4,-8.6,0.23,OK
F11007,2027-02-11 13:10,G7,-13.7,-2,-11.7,-8.6,0.17,OK
F11008,2027-02-11 13:10,G8,-14.1,0,-14.1,-8.6,0.23,OK
F11009,2027-02-11 13:20,G1,15.5,0,15.5,-8.3,0.60,OK
F11010,2027-02-11 13:20,G2,14.4,1,13.4,-8.3,0.62,OK
F11011,2027-02-11 13:20,G3,19.8,-1,20.8,-8.3,0.63,OK
F11012,2027-02-11 13:20,G4,25.9,0,25.9,-8.3,0.66,OK
F11013,2027-02-11 13:20,G5,38.6,2,36.6,-8.3,0.67,OK
F11014,2027-02-11 13:20,G6,231.6,187,44.6,-8.3,0.63,OK
F11015,2027-02-11 13:20,G7,23.6,-2,25.6,-8.3,0.65,OK
F11016,2027-02-11 13:20,G8,12.0,0,12.0,-8.3,0.61,OK
F11017,2027-02-11 13:30,G1,-8.7,0,-8.7,-8.1,0.21,OK
F11018,2027-02-11 13:30,G2,-8.9,1,-9.9,-8.1,0.19,OK
F11019,2027-02-11 13:30,G3,-4.2,-1,-3.2,-8.1,0.23,OK
F11020,2027-02-11 13:30,G4,-9.1,0,-9.1,-8.1,0.24,OK
F11021,2027-02-11 13:30,G5,-5.5,2,-7.5,-8.1,0.19,OK
F11022,2027-02-11 13:30,G6,181.7,187,-5.3,-8.1,0.19,OK
F11023,2027-02-11 13:30,G7,-7.0,-2,-5.0,-8.1,0.18,OK
F11024,2027-02-11 13:30,G8,-8.8,0,-8.8,-8.1,0.19,OK
F11025,2027-02-11 13:40,G1,23.4,0,23.4,-7.8,0.83,OK
F11026,2027-02-11 13:40,G2,26.9,1,25.9,-7.8,0.81,OK
F11027,2027-02-11 13:40,G3,31.4,-1,32.4,-7.8,0.84,OK
F11028,2027-02-11 13:40,G4,40.0,0,40.0,-7.8,0.84,OK
F11029,2027-02-11 13:40,G5,51.7,2,49.7,-7.8,0.80,OK
F11030,2027-02-11 13:40,G6,247.0,187,60.0,-7.8,0.78,OK
F11031,2027-02-11 13:40,G7,35.0,-2,37.0,-7.8,0.80,OK
F11032,2027-02-11 13:40,G8,23.4,0,23.4,-7.8,0.83,OK
F11033,2027-02-11 13:50,G1,-2.0,0,-2.0,-7.5,0.18,OK
F11034,2027-02-11 13:50,G2,-1.4,1,-2.4,-7.5,0.21,OK
F11035,2027-02-11 13:50,G3,-10.7,-1,-9.7,-7.5,0.21,OK
F11036,2027-02-11 13:50,G4,-5.2,0,-5.2,-7.5,0.20,OK
F11037,2027-02-11 13:50,G5,-8.3,2,-10.3,-7.5,0.21,OK
F11038,2027-02-11 13:50,G6,182.1,187,-4.9,-7.5,0.18,OK
F11039,2027-02-11 13:50,G7,-7.4,-2,-5.4,-7.5,0.17,OK
F11040,2027-02-11 13:50,G8,-8.1,0,-8.1,-7.5,0.17,OK
F11041,2027-02-11 14:00,G1,9.6,0,9.6,-7.3,0.49,OK
F11042,2027-02-11 14:00,G2,16.4,1,15.4,-7.3,0.54,OK
F11043,2027-02-11 14:00,G3,17.7,-1,18.7,-7.3,0.57,OK
F11044,2027-02-11 14:00,G4,24.0,0,24.0,-7.3,0.56,OK
F11045,2027-02-11 14:00,G5,31.1,2,29.1,-7.3,0.55,OK
F11046,2027-02-11 14:00,G6,216.0,187,29.0,-7.3,0.51,OK
F11047,2027-02-11 14:00,G7,19.4,-2,21.4,-7.3,0.56,OK
F11048,2027-02-11 14:00,G8,12.1,0,12.1,-7.3,0.56,OK
F11049,2027-02-11 14:10,G1,-5.5,0,-5.5,-7.0,0.19,OK
F11050,2027-02-11 14:10,G2,-5.3,1,-6.3,-7.0,0.17,OK
F11051,2027-02-11 14:10,G3,-5.3,-1,-4.3,-7.0,0.21,OK
F11052,2027-02-11 14:10,G4,-6.1,0,-6.1,-7.0,0.16,OK
F11053,2027-02-11 14:10,G5,-6.0,2,-8.0,-7.0,0.22,OK
F11054,2027-02-11 14:10,G6,177.6,187,-9.4,-7.0,0.20,OK
F11055,2027-02-11 14:10,G7,-4.1,-2,-2.1,-7.0,0.24,OK
F11056,2027-02-11 14:10,G8,-2.7,0,-2.7,-7.0,0.23,OK
F11057,2027-02-11 14:20,G1,17.6,0,17.6,-6.8,0.67,OK
F11058,2027-02-11 14:20,G2,29.0,1,28.0,-6.8,0.69,OK
F11059,2027-02-11 14:20,G3,29.9,-1,30.9,-6.8,0.70,OK
F11060,2027-02-11 14:20,G4,37.4,0,37.4,-6.8,0.68,OK
F11061,2027-02-11 14:20,G5,49.4,2,47.4,-6.8,0.74,OK
F11062,2027-02-11 14:20,G6,243.8,187,56.8,-6.8,0.71,OK
F11063,2027-02-11 14:20,G7,34.3,-2,36.3,-6.8,0.67,OK
F11064,2027-02-11 14:20,G8,22.0,0,22.0,-6.8,0.70,OK
F11065,2027-02-11 14:30,G1,-0.4,0,-0.4,-6.5,0.18,OK
F11066,2027-02-11 14:30,G2,-0.6,1,-1.6,-6.5,0.17,OK
F11067,2027-02-11 14:30,G3,-8.7,-1,-7.7,-6.5,0.20,OK
F11068,2027-02-11 14:30,G4,-3.5,0,-3.5,-6.5,0.20,OK
F11069,2027-02-11 14:30,G5,1.8,2,-0.2,-6.5,0.17,OK
F11070,2027-02-11 14:30,G6,181.6,187,-5.4,-6.5,0.23,OK
F11071,2027-02-11 14:30,G7,-9.1,-2,-7.1,-6.5,0.18,OK
F11072,2027-02-11 14:30,G8,-3.7,0,-3.7,-6.5,0.19,OK
F11073,2027-02-11 14:40,G1,30.9,0,30.9,-6.2,0.86,OK
F11074,2027-02-11 14:40,G2,34.6,1,33.6,-6.2,0.86,OK
F11075,2027-02-11 14:40,G3,41.6,-1,42.6,-6.2,0.89,OK
F11076,2027-02-11 14:40,G4,50.0,0,50.0,-6.2,0.86,OK
F11077,2027-02-11 14:40,G5,63.5,2,61.5,-6.2,0.86,OK
F11078,2027-02-11 14:40,G6,258.9,187,71.9,-6.2,0.87,OK
F11079,2027-02-11 14:40,G7,43.0,-2,45.0,-6.2,0.85,OK
F11080,2027-02-11 14:40,G8,28.3,0,28.3,-6.2,0.85,OK
F11081,2027-02-11 14:50,G1,-6.2,0,-6.2,-6.0,0.17,OK
F11082,2027-02-11 14:50,G2,0.5,1,-0.5,-6.0,0.16,OK
F11083,2027-02-11 14:50,G3,-0.5,-1,0.5,-6.0,0.20,OK
F11084,2027-02-11 14:50,G4,-1.1,0,-1.1,-6.0,0.23,OK
F11085,2027-02-11 14:50,G5,-0.0,2,-2.0,-6.0,0.19,OK
F11086,2027-02-11 14:50,G6,188.7,187,1.7,-6.0,0.24,OK
F11087,2027-02-11 14:50,G7,-3.4,-2,-1.4,-6.0,0.21,OK
F11088,2027-02-11 14:50,G8,1.4,0,1.4,-6.0,0.18,OK
F11089,2027-02-11 15:00,G1,18.0,0,18.0,-5.7,0.59,OK
F11090,2027-02-11 15:00,G2,22.4,1,21.4,-5.7,0.61,OK
F11091,2027-02-11 15:00,G3,21.9,-1,22.9,-5.7,0.61,OK
F11092,2027-02-11 15:00,G4,34.7,0,34.7,-5.7,0.62,OK
F11093,2027-02-11 15:00,G5,42.7,2,40.7,-5.7,0.61,OK
F11094,2027-02-11 15:00,G6,233.4,187,46.4,-5.7,0.59,OK
F11095,2027-02-11 15:00,G7,20.8,-2,22.8,-5.7,0.56,OK
F11096,2027-02-11 15:00,G8,19.5,0,19.5,-5.7,0.60,OK
F11097,2027-02-11 15:10,G1,3.5,0,3.5,-5.5,0.18,OK
F11098,2027-02-11 15:10,G2,4.4,1,3.4,-5.5,0.18,OK
F11099,2027-02-11 15:10,G3,0.2,-1,1.2,-5.5,0.19,OK
F11100,2027-02-11 15:10,G4,1.6,0,1.6,-5.5,0.21,OK
F11101,2027-02-11 15:10,G5,4.8,2,2.8,-5.5,0.19,OK
F11102,2027-02-11 15:10,G6,188.6,187,1.6,-5.5,0.23,OK
F11103,2027-02-11 15:10,G7,-1.5,-2,0.5,-5.5,0.17,OK
F11104,2027-02-11 15:10,G8,-4.7,0,-4.7,-5.5,0.19,OK
F11105,2027-02-11 15:20,G1,19.8,0,19.8,-5.2,0.78,OK
F11106,2027-02-11 15:20,G2,28.3,1,27.3,-5.2,0.76,OK
F11107,2027-02-11 15:20,G3,39.2,-1,40.2,-5.2,0.76,OK
F11108,2027-02-11 15:20,G4,42.8,0,42.8,-5.2,0.80,OK
F11109,2027-02-11 15:20,G5,54.9,2,52.9,-5.2,0.73,OK
F11110,2027-02-11 15:20,G6,251.3,187,64.3,-5.2,0.77,OK
F11111,2027-02-11 15:20,G7,37.0,-2,39.0,-5.2,0.75,OK
F11112,2027-02-11 15:20,G8,31.3,0,31.3,-5.2,0.75,OK
F11113,2027-02-11 15:30,G1,-2.4,0,-2.4,-5.0,0.23,OK
F11114,2027-02-11 15:30,G2,4.5,1,3.5,-5.0,0.23,OK
F11115,2027-02-11 15:30,G3,-3.6,-1,-2.6,-5.0,0.18,OK
F11116,2027-02-11 15:30,G4,-1.4,0,-1.4,-5.0,0.17,OK
F11117,2027-02-11 15:30,G5,3.1,2,1.1,-5.0,0.16,OK
F11118,2027-02-11 15:30,G6,185.7,187,-1.3,-5.0,0.17,OK
F11119,2027-02-11 15:30,G7,0.2,-2,2.2,-5.0,0.21,OK
F11120,2027-02-11 15:30,G8,1.3,0,1.3,-5.0,0.17,OK
F11121,2027-02-11 15:40,G1,36.9,0,36.9,-4.7,0.90,OK
F11122,2027-02-11 15:40,G2,44.8,1,43.8,-4.7,0.97,OK
F11123,2027-02-11 15:40,G3,51.2,-1,52.2,-4.7,0.92,OK
F11124,2027-02-11 15:40,G4,63.5,0,63.5,-4.7,0.92,OK
F11125,2027-02-11 15:40,G5,79.7,2,77.7,-4.7,0.98,OK
F11126,2027-02-11 15:40,G6,272.2,187,85.2,-4.7,0.93,OK
F11127,2027-02-11 15:40,G7,55.1,-2,57.1,-4.7,0.95,OK
F11128,2027-02-11 15:40,G8,34.9,0,34.9,-4.7,0.93,OK
F11129,2027-02-11 15:50,G1,2.6,0,2.6,-4.5,0.22,OK
F11130,2027-02-11 15:50,G2,3.2,1,2.2,-4.5,0.20,OK
F11131,2027-02-11 15:50,G3,1.6,-1,2.6,-4.5,0.22,OK
F11132,2027-02-11 15:50,G4,-1.5,0,-1.5,-4.5,0.21,OK
F11133,2027-02-11 15:50,G5,2.9,2,0.9,-4.5,0.22,OK
F11134,2027-02-11 15:50,G6,189.6,187,2.6,-4.5,0.24,OK
F11135,2027-02-11 15:50,G7,2.7,-2,4.7,-4.5,0.23,OK
F11136,2027-02-11 15:50,G8,3.7,0,3.7,-4.5,0.23,OK
F11137,2027-02-11 16:00,G1,23.8,0,23.8,-4.3,0.63,OK
F11138,2027-02-11 16:00,G2,23.2,1,22.2,-4.3,0.67,OK
F11139,2027-02-11 16:00,G3,30.0,-1,31.0,-4.3,0.64,OK
F11140,2027-02-11 16:00,G4,36.0,0,36.0,-4.3,0.63,OK
F11141,2027-02-11 16:00,G5,47.6,2,45.6,-4.3,0.67,OK
F11142,2027-02-11 16:00,G6,243.6,187,56.6,-4.3,0.67,OK
F11143,2027-02-11 16:00,G7,37.8,-2,39.8,-4.3,0.63,OK
F11144,2027-02-11 16:00,G8,23.8,0,23.8,-4.3,0.63,OK
F11145,2027-02-11 16:10,G1,5.8,0,5.8,-4.1,0.19,OK
F11146,2027-02-11 16:10,G2,4.8,1,3.8,-4.1,0.20,OK
F11147,2027-02-11 16:10,G3,1.0,-1,2.0,-4.1,0.22,OK
F11148,2027-02-11 16:10,G4,0.8,0,0.8,-4.1,0.18,OK
F11149,2027-02-11 16:10,G5,0.8,2,-1.2,-4.1,0.21,OK
F11150,2027-02-11 16:10,G6,191.5,187,4.5,-4.1,0.16,OK
F11151,2027-02-11 16:10,G7,-2.2,-2,-0.2,-4.1,0.18,OK
F11152,2027-02-11 16:10,G8,2.0,0,2.0,-4.1,0.17,OK
F11153,2027-02-11 16:20,G1,31.6,0,31.6,-3.8,0.84,OK
F11154,2027-02-11 16:20,G2,34.8,1,33.8,-3.8,0.83,OK
F11155,2027-02-11 16:20,G3,44.7,-1,45.7,-3.8,0.82,OK
F11156,2027-02-11 16:20,G4,52.5,0,52.5,-3.8,0.79,OK
F11157,2027-02-11 16:20,G5,65.9,2,63.9,-3.8,0.80,OK
F11158,2027-02-11 16:20,G6,263.0,187,76.0,-3.8,0.80,OK
F11159,2027-02-11 16:20,G7,49.7,-2,51.7,-3.8,0.81,OK
F11160,2027-02-11 16:20,G8,36.5,0,36.5,-3.8,0.83,OK
F11161,2027-02-11 16:30,G1,6.8,0,6.8,-3.6,0.19,OK
F11162,2027-02-11 16:30,G2,2.0,1,1.0,-3.6,0.18,OK
F11163,2027-02-11 16:30,G3,4.9,-1,5.9,-3.6,0.18,OK
F11164,2027-02-11 16:30,G4,7.0,0,7.0,-3.6,0.23,OK
F11165,2027-02-11 16:30,G5,6.1,2,4.1,-3.6,0.19,OK
F11166,2027-02-11 16:30,G6,189.7,187,2.7,-3.6,0.24,OK
F11167,2027-02-11 16:30,G7,1.1,-2,3.1,-3.6,0.20,OK
F11168,2027-02-11 16:30,G8,4.6,0,4.6,-3.6,0.21,OK
F11169,2027-02-11 16:40,G1,36.5,0,36.5,-3.4,1.01,OK
F11170,2027-02-11 16:40,G2,53.2,1,52.2,-3.4,1.02,OK
F11171,2027-02-11 16:40,G3,56.7,-1,57.7,-3.4,1.02,OK
F11172,2027-02-11 16:40,G4,66.7,0,66.7,-3.4,0.97,OK
F11173,2027-02-11 16:40,G5,83.3,2,81.3,-3.4,0.97,OK
F11174,2027-02-11 16:40,G6,285.9,187,98.9,-3.4,1.03,OK
F11175,2027-02-11 16:40,G7,58.0,-2,60.0,-3.4,0.98,OK
F11176,2027-02-11 16:40,G8,41.8,0,41.8,-3.4,0.98,OK
F11177,2027-02-11 16:50,G1,0.6,0,0.6,-3.2,0.17,OK
F11178,2027-02-11 16:50,G2,1.8,1,0.8,-3.2,0.17,OK
F11179,2027-02-11 16:50,G3,2.4,-1,3.4,-3.2,0.18,OK
F11180,2027-02-11 16:50,G4,4.1,0,4.1,-3.2,0.23,OK
F11181,2027-02-11 16:50,G5,7.1,2,5.1,-3.2,0.16,OK
F11182,2027-02-11 16:50,G6,191.7,187,4.7,-3.2,0.19,OK
F11183,2027-02-11 16:50,G7,0.0,-2,2.0,-3.2,0.18,OK
F11184,2027-02-11 16:50,G8,4.5,0,4.5,-3.2,0.23,OK
F11185,2027-02-11 17:00,G1,22.6,0,22.6,-3.0,0.68,OK
F11186,2027-02-11 17:00,G2,31.7,1,30.7,-3.0,0.72,OK
F11187,2027-02-11 17:00,G3,39.6,-1,40.6,-3.0,0.70,OK
F11188,2027-02-11 17:00,G4,46.0,0,46.0,-3.0,0.69,OK
F11189,2027-02-11 17:00,G5,55.3,2,53.3,-3.0,0.72,OK
F11190,2027-02-11 17:00,G6,251.4,187,64.4,-3.0,0.68,OK
F11191,2027-02-11 17:00,G7,44.8,-2,46.8,-3.0,0.71,OK
F11192,2027-02-11 17:00,G8,28.6,0,28.6,-3.0,0.70,OK
F11193,2027-02-11 17:10,G1,3.0,0,3.0,-2.9,0.19,OK
F11194,2027-02-11 17:10,G2,7.5,1,6.5,-2.9,0.21,OK
F11195,2027-02-11 17:10,G3,5.4,-1,6.4,-2.9,0.24,OK
F11196,2027-02-11 17:10,G4,4.8,0,4.8,-2.9,0.23,OK
F11197,2027-02-11 17:10,G5,11.5,2,9.5,-2.9,0.23,OK
F11198,2027-02-11 17:10,G6,190.6,187,3.6,-2.9,0.21,OK
F11199,2027-02-11 17:10,G7,5.3,-2,7.3,-2.9,0.17,OK
F11200,2027-02-11 17:10,G8,8.0,0,8.0,-2.9,0.19,OK
F11201,2027-02-11 17:20,G1,30.9,0,30.9,-2.7,0.87,OK
F11202,2027-02-11 17:20,G2,47.3,1,46.3,-2.7,0.93,OK
F11203,2027-02-11 17:20,G3,51.1,-1,52.1,-2.7,0.85,OK
F11204,2027-02-11 17:20,G4,59.2,0,59.2,-2.7,0.87,OK
F11205,2027-02-11 17:20,G5,79.7,2,77.7,-2.7,0.90,OK
F11206,2027-02-11 17:20,G6,269.2,187,82.2,-2.7,0.90,OK
F11207,2027-02-11 17:20,G7,56.9,-2,58.9,-2.7,0.88,OK
F11208,2027-02-11 17:20,G8,38.3,0,38.3,-2.7,0.86,OK
F11209,2027-02-11 17:30,G1,6.9,0,6.9,-2.5,0.19,OK
F11210,2027-02-11 17:30,G2,5.3,1,4.3,-2.5,0.17,OK
F11211,2027-02-11 17:30,G3,5.9,-1,6.9,-2.5,0.18,OK
F11212,2027-02-11 17:30,G4,9.6,0,9.6,-2.5,0.23,OK
F11213,2027-02-11 17:30,G5,8.1,2,6.1,-2.5,0.23,OK
F11214,2027-02-11 17:30,G6,193.7,187,6.7,-2.5,0.20,OK
F11215,2027-02-11 17:30,G7,9.4,-2,11.4,-2.5,0.16,OK
F11216,2027-02-11 17:30,G8,8.0,0,8.0,-2.5,0.18,OK
F11217,2027-02-11 17:40,G1,47.2,0,47.2,-2.4,1.07,OK
F11218,2027-02-11 17:40,G2,58.8,1,57.8,-2.4,1.08,OK
F11219,2027-02-11 17:40,G3,59.5,-1,60.5,-2.4,1.08,OK
F11220,2027-02-11 17:40,G4,81.4,0,81.4,-2.4,1.07,OK
F11221,2027-02-11 17:40,G5,97.7,2,95.7,-2.4,1.03,OK
F11222,2027-02-11 17:40,G6,293.4,187,106.4,-2.4,1.03,OK
F11223,2027-02-11 17:40,G7,65.1,-2,67.1,-2.4,1.07,OK
F11224,2027-02-11 17:40,G8,51.8,0,51.8,-2.4,1.10,OK
F11225,2027-02-11 17:50,G1,6.4,0,6.4,-2.2,0.19,OK
F11226,2027-02-11 17:50,G2,10.0,1,9.0,-2.2,0.24,OK
F11227,2027-02-11 17:50,G3,6.3,-1,7.3,-2.2,0.23,OK
F11228,2027-02-11 17:50,G4,2.8,0,2.8,-2.2,0.17,OK
F11229,2027-02-11 17:50,G5,11.7,2,9.7,-2.2,0.17,OK
F11230,2027-02-11 17:50,G6,192.3,187,5.3,-2.2,0.16,OK
F11231,2027-02-11 17:50,G7,9.5,-2,11.5,-2.2,0.22,OK
F11232,2027-02-11 17:50,G8,6.6,0,6.6,-2.2,0.23,OK
F11233,2027-02-11 18:00,G1,32.7,0,32.7,-2.1,0.81,OK
F11234,2027-02-11 18:00,G2,36.2,1,35.2,-2.1,0.77,OK
F11235,2027-02-11 18:00,G3,43.5,-1,44.5,-2.1,0.80,OK
F11236,2027-02-11 18:00,G4,53.9,0,53.9,-2.1,0.77,OK
F11237,2027-02-11 18:00,G5,66.0,2,64.0,-2.1,0.81,OK
F11238,2027-02-11 18:00,G6,257.1,187,70.1,-2.1,0.80,OK
F11239,2027-02-11 18:00,G7,52.7,-2,54.7,-2.1,0.79,OK
F11240,2027-02-11 18:00,G8,39.6,0,39.6,-2.1,0.78,OK
F11241,2027-02-11 18:10,G1,3.8,0,3.8,-2.0,0.21,OK
F11242,2027-02-11 18:10,G2,6.6,1,5.6,-2.0,0.24,OK
F11243,2027-02-11 18:10,G3,6.9,-1,7.9,-2.0,0.23,OK
F11244,2027-02-11 18:10,G4,5.2,0,5.2,-2.0,0.20,OK
F11245,2027-02-11 18:10,G5,7.5,2,5.5,-2.0,0.23,OK
F11246,2027-02-11 18:10,G6,197.4,187,10.4,-2.0,0.24,OK
F11247,2027-02-11 18:10,G7,2.3,-2,4.3,-2.0,0.16,OK
F11248,2027-02-11 18:10,G8,13.2,0,13.2,-2.0,0.21,OK
F11249,2027-02-11 18:20,G1,37.1,0,37.1,-1.8,0.96,OK
F11250,2027-02-11 18:20,G2,52.8,1,51.8,-1.8,0.93,OK
F11251,2027-02-11 18:20,G3,54.4,-1,55.4,-1.8,0.91,OK
F11252,2027-02-11 18:20,G4,73.6,0,73.6,-1.8,0.98,OK
F11253,2027-02-11 18:20,G5,84.8,2,82.8,-1.8,0.93,OK
F11254,2027-02-11 18:20,G6,281.6,187,94.6,-1.8,0.92,OK
F11255,2027-02-11 18:20,G7,59.7,-2,61.7,-1.8,0.93,OK
F11256,2027-02-11 18:20,G8,47.7,0,47.7,-1.8,0.94,OK
F11257,2027-02-11 18:30,G1,9.5,0,9.5,-1.7,0.23,OK
F11258,2027-02-11 18:30,G2,4.6,1,3.6,-1.7,0.24,OK
F11259,2027-02-11 18:30,G3,8.6,-1,9.6,-1.7,0.22,OK
F11260,2027-02-11 18:30,G4,8.9,0,8.9,-1.7,0.20,OK
F11261,2027-02-11 18:30,G5,7.9,2,5.9,-1.7,0.21,OK
F11262,2027-02-11 18:30,G6,198.2,187,11.2,-1.7,0.23,OK
F11263,2027-02-11 18:30,G7,11.0,-2,13.0,-1.7,0.22,OK
F11264,2027-02-11 18:30,G8,11.4,0,11.4,-1.7,0.21,OK
F11265,2027-02-11 18:40,G1,48.1,0,48.1,-1.6,1.13,OK
F11266,2027-02-11 18:40,G2,59.0,1,58.0,-1.6,1.15,OK
F11267,2027-02-11 18:40,G3,66.3,-1,67.3,-1.6,1.13,OK
F11268,2027-02-11 18:40,G4,80.6,0,80.6,-1.6,1.10,OK
F11269,2027-02-11 18:40,G5,102.8,2,100.8,-1.6,1.09,OK
F11270,2027-02-11 18:40,G6,301.8,187,114.8,-1.6,1.13,OK
F11271,2027-02-11 18:40,G7,78.4,-2,80.4,-1.6,1.13,OK
F11272,2027-02-11 18:40,G8,52.4,0,52.4,-1.6,1.14,OK
F11273,2027-02-11 18:50,G1,3.7,0,3.7,-1.6,0.19,OK
F11274,2027-02-11 18:50,G2,8.3,1,7.3,-1.6,0.21,OK
F11275,2027-02-11 18:50,G3,11.3,-1,12.3,-1.6,0.21,OK
F11276,2027-02-11 18:50,G4,9.6,0,9.6,-1.6,0.22,OK
F11277,2027-02-11 18:50,G5,12.5,2,10.5,-1.6,0.19,OK
F11278,2027-02-11 18:50,G6,199.8,187,12.8,-1.6,0.19,OK
F11279,2027-02-11 18:50,G7,3.3,-2,5.3,-1.6,0.21,OK
F11280,2027-02-11 18:50,G8,13.0,0,13.0,-1.6,0.22,OK
F11281,2027-02-11 19:00,G1,38.8,0,38.8,-1.5,0.86,OK
F11282,2027-02-11 19:00,G2,43.8,1,42.8,-1.5,0.80,OK
F11283,2027-02-11 19:00,G3,45.1,-1,46.1,-1.5,0.82,OK
F11284,2027-02-11 19:00,G4,58.8,0,58.8,-1.5,0.86,OK
F11285,2027-02-11 19:00,G5,71.7,2,69.7,-1.5,0.85,OK
F11286,2027-02-11 19:00,G6,272.8,187,85.8,-1.5,0.86,OK
F11287,2027-02-11 19:00,G7,58.4,-2,60.4,-1.5,0.83,OK
F11288,2027-02-11 19:00,G8,44.0,0,44.0,-1.5,0.86,OK
F11289,2027-02-11 19:10,G1,8.9,0,8.9,-1.4,0.23,OK
F11290,2027-02-11 19:10,G2,6.5,1,5.5,-1.4,0.19,OK
F11291,2027-02-11 19:10,G3,3.7,-1,4.7,-1.4,0.20,OK
F11292,2027-02-11 19:10,G4,6.7,0,6.7,-1.4,0.22,OK
F11293,2027-02-11 19:10,G5,9.9,2,7.9,-1.4,0.19,OK
F11294,2027-02-11 19:10,G6,201.2,187,14.2,-1.4,0.23,OK
F11295,2027-02-11 19:10,G7,6.0,-2,8.0,-1.4,0.21,OK
F11296,2027-02-11 19:10,G8,11.7,0,11.7,-1.4,0.22,OK
F11297,2027-02-11 19:20,G1,46.3,0,46.3,-1.4,0.99,OK
F11298,2027-02-11 19:20,G2,50.0,1,49.0,-1.4,1.01,OK
F11299,2027-02-11 19:20,G3,62.8,-1,63.8,-1.4,0.97,OK
F11300,2027-02-11 19:20,G4,73.9,0,73.9,-1.4,0.99,OK
F11301,2027-02-11 19:20,G5,89.9,2,87.9,-1.4,0.99,OK
F11302,2027-02-11 19:20,G6,294.0,187,107.0,-1.4,0.97,OK
F11303,2027-02-11 19:20,G7,65.0,-2,67.0,-1.4,1.03,OK
F11304,2027-02-11 19:20,G8,53.2,0,53.2,-1.4,1.05,OK
F11305,2027-02-11 19:30,G1,6.3,0,6.3,-1.3,0.21,OK
F11306,2027-02-11 19:30,G2,8.0,1,7.0,-1.3,0.19,OK
F11307,2027-02-11 19:30,G3,10.7,-1,11.7,-1.3,0.23,OK
F11308,2027-02-11 19:30,G4,13.3,0,13.3,-1.3,0.21,OK
F11309,2027-02-11 19:30,G5,12.0,2,10.0,-1.3,0.22,OK
F11310,2027-02-11 19:30,G6,200.1,187,13.1,-1.3,0.22,OK
F11311,2027-02-11 19:30,G7,5.3,-2,7.3,-1.3,0.23,OK
F11312,2027-02-11 19:30,G8,10.7,0,10.7,-1.3,0.24,OK
F11313,2027-02-11 19:40,G1,20.8,0,20.8,-1.3,0.56,OK
F11314,2027-02-11 19:40,G2,29.1,1,28.1,-1.3,0.53,OK
F11315,2027-02-11 19:40,G3,28.1,-1,29.1,-1.3,0.53,OK
F11316,2027-02-11 19:40,G4,40.5,0,40.5,-1.3,0.55,OK
F11317,2027-02-11 19:40,G5,49.9,2,47.9,-1.3,0.55,OK
F11318,2027-02-11 19:40,G6,233.7,187,46.7,-1.3,0.55,OK
F11319,2027-02-11 19:40,G7,33.5,-2,35.5,-1.3,0.55,OK
F11320,2027-02-11 19:40,G8,30.1,0,30.1,-1.3,0.56,OK
F11321,2027-02-11 19:50,G1,4.8,0,4.8,-1.3,0.22,OK
F11322,2027-02-11 19:50,G2,9.8,1,8.8,-1.3,0.23,OK
F11323,2027-02-11 19:50,G3,8.8,-1,9.8,-1.3,0.20,OK
F11324,2027-02-11 19:50,G4,9.2,0,9.2,-1.3,0.22,OK
F11325,2027-02-11 19:50,G5,12.2,2,10.2,-1.3,0.17,OK
F11326,2027-02-11 19:50,G6,198.9,187,11.9,-1.3,0.17,OK
F11327,2027-02-11 19:50,G7,7.6,-2,9.6,-1.3,0.18,OK
F11328,2027-02-11 19:50,G8,7.3,0,7.3,-1.3,0.21,OK
F11329,2027-02-11 20:00,G1,37.6,0,37.6,-1.3,0.92,OK
F11330,2027-02-11 20:00,G2,47.9,1,46.9,-1.3,0.89,OK
F11331,2027-02-11 20:00,G3,49.8,-1,50.8,-1.3,0.86,OK
F11332,2027-02-11 20:00,G4,65.3,0,65.3,-1.3,0.92,OK
F11333,2027-02-11 20:00,G5,84.0,2,82.0,-1.3,0.89,OK
F11334,2027-02-11 20:00,G6,279.2,187,92.2,-1.3,0.88,OK
F11335,2027-02-11 20:00,G7,56.6,-2,58.6,-1.3,0.90,OK
F11336,2027-02-11 20:00,G8,49.7,0,49.7,-1.3,0.91,OK
F11337,2027-02-11 20:10,G1,9.5,0,9.5,-1.3,0.21,OK
F11338,2027-02-11 20:10,G2,10.1,1,9.1,-1.3,0.19,OK
F11339,2027-02-11 20:10,G3,11.1,-1,12.1,-1.3,0.17,OK
F11340,2027-02-11 20:10,G4,10.0,0,10.0,-1.3,0.20,OK
F11341,2027-02-11 20:10,G5,9.6,2,7.6,-1.3,0.24,OK
F11342,2027-02-11 20:10,G6,199.7,187,12.7,-1.3,0.17,OK
F11343,2027-02-11 20:10,G7,7.7,-2,9.7,-1.3,0.24,OK
F11344,2027-02-11 20:10,G8,11.6,0,11.6,-1.3,0.21,OK
F11345,2027-02-11 20:20,G1,44.2,0,44.2,-1.3,1.08,OK
F11346,2027-02-11 20:20,G2,58.5,1,57.5,-1.3,1.11,OK
F11347,2027-02-11 20:20,G3,61.0,-1,62.0,-1.3,1.10,OK
F11348,2027-02-11 20:20,G4,81.5,0,81.5,-1.3,1.07,OK
F11349,2027-02-11 20:20,G5,94.2,2,92.2,-1.3,1.09,OK
F11350,2027-02-11 20:20,G6,301.0,187,114.0,-1.3,1.08,OK
F11351,2027-02-11 20:20,G7,74.7,-2,76.7,-1.3,1.09,OK
F11352,2027-02-11 20:20,G8,51.9,0,51.9,-1.3,1.11,OK
F11353,2027-02-11 20:30,G1,9.2,0,9.2,-1.3,0.18,OK
F11354,2027-02-11 20:30,G2,11.3,1,10.3,-1.3,0.22,OK
F11355,2027-02-11 20:30,G3,9.9,-1,10.9,-1.3,0.17,OK
F11356,2027-02-11 20:30,G4,10.6,0,10.6,-1.3,0.17,OK
F11357,2027-02-11 20:30,G5,14.6,2,12.6,-1.3,0.22,OK
F11358,2027-02-11 20:30,G6,198.6,187,11.6,-1.3,0.19,OK
F11359,2027-02-11 20:30,G7,4.7,-2,6.7,-1.3,0.22,OK
F11360,2027-02-11 20:30,G8,15.2,0,15.2,-1.3,0.23,OK
F11361,2027-02-11 20:40,G1,25.3,0,25.3,-1.4,0.58,OK
F11362,2027-02-11 20:40,G2,27.8,1,26.8,-1.4,0.63,OK
F11363,2027-02-11 20:40,G3,34.9,-1,35.9,-1.4,0.65,OK
F11364,2027-02-11 20:40,G4,44.6,0,44.6,-1.4,0.58,OK
F11365,2027-02-11 20:40,G5,56.7,2,54.7,-1.4,0.64,OK
F11366,2027-02-11 20:40,G6,247.9,187,60.9,-1.4,0.61,OK
F11367,2027-02-11 20:40,G7,37.9,-2,39.9,-1.4,0.64,OK
F11368,2027-02-11 20:40,G8,30.1,0,30.1,-1.4,0.60,OK
F11369,2027-02-11 20:50,G1,10.5,0,10.5,-1.4,0.19,OK
F11370,2027-02-11 20:50,G2,11.7,1,10.7,-1.4,0.22,OK
F11371,2027-02-11 20:50,G3,7.6,-1,8.6,-1.4,0.18,OK
F11372,2027-02-11 20:50,G4,9.3,0,9.3,-1.4,0.23,OK
F11373,2027-02-11 20:50,G5,9.0,2,7.0,-1.4,0.22,OK
F11374,2027-02-11 20:50,G6,196.9,187,9.9,-1.4,0.21,OK
F11375,2027-02-11 20:50,G7,4.3,-2,6.3,-1.4,0.23,OK
F11376,2027-02-11 20:50,G8,10.7,0,10.7,-1.4,0.21,OK
F11377,2027-02-11 21:00,G1,37.5,0,37.5,-1.5,0.94,OK
F11378,2027-02-11 21:00,G2,51.3,1,50.3,-1.5,0.98,OK
F11379,2027-02-11 21:00,G3,52.6,-1,53.6,-1.5,0.96,OK
F11380,2027-02-11 21:00,G4,73.9,0,73.9,-1.5,0.93,OK
F11381,2027-02-11 21:00,G5,81.8,2,79.8,-1.5,0.96,OK
F11382,2027-02-11 21:00,G6,281.0,187,94.0,-1.5,0.95,OK
F11383,2027-02-11 21:00,G7,59.6,-2,61.6,-1.5,1.00,OK
F11384,2027-02-11 21:00,G8,47.0,0,47.0,-1.5,0.99,OK
F11385,2027-02-11 21:10,G1,9.7,0,9.7,-1.6,0.20,OK
F11386,2027-02-11 21:10,G2,11.0,1,10.0,-1.6,0.17,OK
F11387,2027-02-11 21:10,G3,4.7,-1,5.7,-1.6,0.21,OK
F11388,2027-02-11 21:10,G4,5.3,0,5.3,-1.6,0.19,OK
F11389,2027-02-11 21:10,G5,14.5,2,12.5,-1.6,0.21,OK
F11390,2027-02-11 21:10,G6,196.4,187,9.4,-1.6,0.20,OK
F11391,2027-02-11 21:10,G7,3.6,-2,5.6,-1.6,0.17,OK
F11392,2027-02-11 21:10,G8,7.1,0,7.1,-1.6,0.16,OK
F11393,2027-02-11 21:20,G1,19.8,0,19.8,-1.6,0.54,OK
F11394,2027-02-11 21:20,G2,28.8,1,27.8,-1.6,0.54,OK
F11395,2027-02-11 21:20,G3,27.3,-1,28.3,-1.6,0.54,OK
F11396,2027-02-11 21:20,G4,29.4,0,29.4,-1.6,0.48,OK
F11397,2027-02-11 21:20,G5,43.3,2,41.3,-1.6,0.48,OK
F11398,2027-02-11 21:20,G6,231.1,187,44.1,-1.6,0.48,OK
F11399,2027-02-11 21:20,G7,33.4,-2,35.4,-1.6,0.48,OK
F11400,2027-02-11 21:20,G8,25.6,0,25.6,-1.6,0.54,OK
F11401,2027-02-11 21:30,G1,8.1,0,8.1,-1.7,0.18,OK
F11402,2027-02-11 21:30,G2,11.9,1,10.9,-1.7,0.21,OK
F11403,2027-02-11 21:30,G3,8.3,-1,9.3,-1.7,0.21,OK
F11404,2027-02-11 21:30,G4,11.7,0,11.7,-1.7,0.19,OK
F11405,2027-02-11 21:30,G5,9.4,2,7.4,-1.7,0.24,OK
F11406,2027-02-11 21:30,G6,195.7,187,8.7,-1.7,0.18,OK
F11407,2027-02-11 21:30,G7,3.2,-2,5.2,-1.7,0.22,OK
F11408,2027-02-11 21:30,G8,7.0,0,7.0,-1.7,0.22,OK
F11409,2027-02-11 21:40,G1,23.5,0,23.5,-1.8,0.68,OK
F11410,2027-02-11 21:40,G2,33.3,1,32.3,-1.8,0.68,OK
F11411,2027-02-11 21:40,G3,40.3,-1,41.3,-1.8,0.68,OK
F11412,2027-02-11 21:40,G4,45.4,0,45.4,-1.8,0.65,OK
F11413,2027-02-11 21:40,G5,55.9,2,53.9,-1.8,0.72,OK
F11414,2027-02-11 21:40,G6,246.4,187,59.4,-1.8,0.69,OK
F11415,2027-02-11 21:40,G7,43.9,-2,45.9,-1.8,0.65,OK
F11416,2027-02-11 21:40,G8,34.7,0,34.7,-1.8,0.71,OK
F11417,2027-02-11 21:50,G1,3.5,0,3.5,-2.0,0.18,OK
F11418,2027-02-11 21:50,G2,11.3,1,10.3,-2.0,0.23,OK
F11419,2027-02-11 21:50,G3,6.1,-1,7.1,-2.0,0.24,OK
F11420,2027-02-11 21:50,G4,3.7,0,3.7,-2.0,0.20,OK
F11421,2027-02-11 21:50,G5,7.5,2,5.5,-2.0,0.21,OK
F11422,2027-02-11 21:50,G6,192.8,187,5.8,-2.0,0.22,OK
F11423,2027-02-11 21:50,G7,2.1,-2,4.1,-2.0,0.18,OK
F11424,2027-02-11 21:50,G8,9.6,0,9.6,-2.0,0.22,OK
F11425,2027-02-11 22:00,G1,4.9,0,4.9,-2.1,0.23,OK
F11426,2027-02-11 22:00,G2,10.3,1,9.3,-2.1,0.17,OK
F11427,2027-02-11 22:00,G3,3.2,-1,4.2,-2.1,0.20,OK
F11428,2027-02-11 22:00,G4,9.6,0,9.6,-2.1,0.16,OK
F11429,2027-02-11 22:00,G5,6.4,2,4.4,-2.1,0.18,OK
F11430,2027-02-11 22:00,G6,196.2,187,9.2,-2.1,0.22,OK
F11431,2027-02-11 22:00,G7,9.6,-2,11.6,-2.1,0.17,OK
F11432,2027-02-11 22:00,G8,4.6,0,4.6,-2.1,0.23,OK
F11433,2027-02-11 22:10,G1,7.4,0,7.4,-2.2,0.23,OK
F11434,2027-02-11 22:10,G2,6.9,1,5.9,-2.2,0.20,OK
F11435,2027-02-11 22:10,G3,5.2,-1,6.2,-2.2,0.21,OK
F11436,2027-02-11 22:10,G4,9.4,0,9.4,-2.2,0.17,OK
F11437,2027-02-11 22:10,G5,9.2,2,7.2,-2.2,0.22,OK
F11438,2027-02-11 22:10,G6,190.8,187,3.8,-2.2,0.21,OK
F11439,2027-02-11 22:10,G7,5.4,-2,7.4,-2.2,0.19,OK
F11440,2027-02-11 22:10,G8,10.4,0,10.4,-2.2,0.22,OK
F11441,2027-02-11 22:20,G1,4.1,0,4.1,-2.4,0.16,OK
F11442,2027-02-11 22:20,G2,6.0,1,5.0,-2.4,0.20,OK
F11443,2027-02-11 22:20,G3,1.8,-1,2.8,-2.4,0.20,OK
F11444,2027-02-11 22:20,G4,6.4,0,6.4,-2.4,0.18,OK
F11445,2027-02-11 22:20,G5,8.9,2,6.9,-2.4,0.20,OK
F11446,2027-02-11 22:20,G6,193.3,187,6.3,-2.4,0.21,OK
F11447,2027-02-11 22:20,G7,3.3,-2,5.3,-2.4,0.20,OK
F11448,2027-02-11 22:20,G8,5.2,0,5.2,-2.4,0.21,OK
F11449,2027-02-11 22:30,G1,6.8,0,6.8,-2.5,0.21,OK
F11450,2027-02-11 22:30,G2,5.5,1,4.5,-2.5,0.23,OK
F11451,2027-02-11 22:30,G3,2.6,-1,3.6,-2.5,0.20,OK
F11452,2027-02-11 22:30,G4,5.9,0,5.9,-2.5,0.21,OK
F11453,2027-02-11 22:30,G5,11.3,2,9.3,-2.5,0.24,OK
F11454,2027-02-11 22:30,G6,191.4,187,4.4,-2.5,0.20,OK
F11455,2027-02-11 22:30,G7,1.2,-2,3.2,-2.5,0.24,OK
F11456,2027-02-11 22:30,G8,3.6,0,3.6,-2.5,0.18,OK
F11457,2027-02-11 22:40,G1,1.4,0,1.4,-2.7,0.20,OK
F11458,2027-02-11 22:40,G2,10.2,1,9.2,-2.7,0.21,OK
F11459,2027-02-11 22:40,G3,6.4,-1,7.4,-2.7,0.17,OK
F11460,2027-02-11 22:40,G4,5.4,0,5.4,-2.7,0.19,OK
F11461,2027-02-11 22:40,G5,7.8,2,5.8,-2.7,0.20,OK
F11462,2027-02-11 22:40,G6,189.9,187,2.9,-2.7,0.19,OK
F11463,2027-02-11 22:40,G7,8.8,-2,10.8,-2.7,0.24,OK
F11464,2027-02-11 22:40,G8,2.5,0,2.5,-2.7,0.17,OK
F11465,2027-02-11 22:50,G1,7.8,0,7.8,-2.9,0.21,OK
F11466,2027-02-11 22:50,G2,5.1,1,4.1,-2.9,0.19,OK
F11467,2027-02-11 22:50,G3,5.2,-1,6.2,-2.9,0.23,OK
F11468,2027-02-11 22:50,G4,8.4,0,8.4,-2.9,0.23,OK
F11469,2027-02-11 22:50,G5,4.9,2,2.9,-2.9,0.21,OK
F11470,2027-02-11 22:50,G6,191.6,187,4.6,-2.9,0.22,OK
F11471,2027-02-11 22:50,G7,3.6,-2,5.6,-2.9,0.22,OK
F11472,2027-02-11 22:50,G8,8.0,0,8.0,-2.9,0.19,OK
F11473,2027-02-11 23:00,G1,1.2,0,1.2,-3.0,0.18,OK
F11474,2027-02-11 23:00,G2,7.3,1,6.3,-3.0,0.17,OK
F11475,2027-02-11 23:00,G3,6.4,-1,7.4,-3.0,0.18,OK
F11476,2027-02-11 23:00,G4,1.0,0,1.0,-3.0,0.19,OK
F11477,2027-02-11 23:00,G5,3.1,2,1.1,-3.0,0.20,OK
F11478,2027-02-11 23:00,G6,195.7,187,8.7,-3.0,0.21,OK
F11479,2027-02-11 23:00,G7,-0.7,-2,1.3,-3.0,0.19,OK
F11480,2027-02-11 23:00,G8,6.8,0,6.8,-3.0,0.24,OK
F11481,2027-02-11 23:10,G1,7.7,0,7.7,-3.2,0.23,OK
F11482,2027-02-11 23:10,G2,6.6,1,5.6,-3.2,0.22,OK
F11483,2027-02-11 23:10,G3,2.0,-1,3.0,-3.2,0.17,OK
F11484,2027-02-11 23:10,G4,3.9,0,3.9,-3.2,0.19,OK
F11485,2027-02-11 23:10,G5,6.1,2,4.1,-3.2,0.18,OK
F11486,2027-02-11 23:10,G6,194.1,187,7.1,-3.2,0.24,OK
F11487,2027-02-11 23:10,G7,-1.2,-2,0.8,-3.2,0.20,OK
F11488,2027-02-11 23:10,G8,7.6,0,7.6,-3.2,0.20,OK
F11489,2027-02-11 23:20,G1,7.2,0,7.2,-3.4,0.16,OK
F11490,2027-02-11 23:20,G2,0.5,1,-0.5,-3.4,0.19,OK
F11491,2027-02-11 23:20,G3,2.0,-1,3.0,-3.4,0.21,OK
F11492,2027-02-11 23:20,G4,3.2,0,3.2,-3.4,0.19,OK
F11493,2027-02-11 23:20,G5,1.8,2,-0.2,-3.4,0.20,OK
F11494,2027-02-11 23:20,G6,189.8,187,2.8,-3.4,0.23,OK
F11495,2027-02-11 23:20,G7,-0.0,-2,2.0,-3.4,0.22,OK
F11496,2027-02-11 23:20,G8,3.1,0,3.1,-3.4,0.18,OK
F11497,2027-02-11 23:30,G1,0.1,0,0.1,-3.6,0.22,OK
F11498,2027-02-11 23:30,G2,3.1,1,2.1,-3.6,0.16,OK
F11499,2027-02-11 23:30,G3,0.9,-1,1.9,-3.6,0.19,OK
F11500,2027-02-11 23:30,G4,6.1,0,6.1,-3.6,0.18,OK
F11501,2027-02-11 23:30,G5,9.2,2,7.2,-3.6,0.18,OK
F11502,2027-02-11 23:30,G6,187.1,187,0.1,-3.6,0.22,OK
F11503,2027-02-11 23:30,G7,2.1,-2,4.1,-3.6,0.19,OK
F11504,2027-02-11 23:30,G8,8.2,0,8.2,-3.6,0.16,OK
F11505,2027-02-11 23:40,G1,0.7,0,0.7,-3.8,0.23,OK
F11506,2027-02-11 23:40,G2,2.1,1,1.1,-3.8,0.21,OK
F11507,2027-02-11 23:40,G3,1.1,-1,2.1,-3.8,0.16,OK
F11508,2027-02-11 23:40,G4,6.2,0,6.2,-3.8,0.22,OK
F11509,2027-02-11 23:40,G5,4.8,2,2.8,-3.8,0.16,OK
F11510,2027-02-11 23:40,G6,189.5,187,2.5,-3.8,0.17,OK
F11511,2027-02-11 23:40,G7,5.7,-2,7.7,-3.8,0.20,OK
F11512,2027-02-11 23:40,G8,0.7,0,0.7,-3.8,0.22,OK
F11513,2027-02-11 23:50,G1,4.0,0,4.0,-4.1,0.17,OK
F11514,2027-02-11 23:50,G2,1.0,1,0.0,-4.1,0.20,OK
F11515,2027-02-11 23:50,G3,-0.5,-1,0.5,-4.1,0.16,OK
F11516,2027-02-11 23:50,G4,-1.7,0,-1.7,-4.1,0.16,OK
F11517,2027-02-11 23:50,G5,7.9,2,5.9,-4.1,0.17,OK
F11518,2027-02-11 23:50,G6,189.1,187,2.1,-4.1,0.19,OK
F11519,2027-02-11 23:50,G7,-1.2,-2,0.8,-4.1,0.23,OK
F11520,2027-02-11 23:50,G8,5.7,0,5.7,-4.1,0.21,OK
F11521,2027-02-12 00:00,G1,-1.4,0,-1.4,-4.2,0.20,OK
F11522,2027-02-12 00:00,G2,-1.7,1,-2.7,-4.2,0.20,OK
F11523,2027-02-12 00:00,G3,-0.6,-1,0.4,-4.2,0.18,OK
F11524,2027-02-12 00:00,G4,5.0,0,5.0,-4.2,0.19,OK
F11525,2027-02-12 00:00,G5,3.3,2,1.3,-4.2,0.21,OK
F11526,2027-02-12 00:00,G6,190.0,187,3.0,-4.2,0.19,OK
F11527,2027-02-12 00:00,G7,-1.2,-2,0.8,-4.2,0.24,OK
F11528,2027-02-12 00:00,G8,5.2,0,5.2,-4.2,0.16,OK
F11529,2027-02-12 00:10,G1,0.8,0,0.8,-4.4,0.17,OK
F11530,2027-02-12 00:10,G2,-0.9,1,-1.9,-4.4,0.23,OK
F11531,2027-02-12 00:10,G3,2.8,-1,3.8,-4.4,0.24,OK
F11532,2027-02-12 00:10,G4,3.7,0,3.7,-4.4,0.23,OK
F11533,2027-02-12 00:10,G5,3.4,2,1.4,-4.4,0.23,OK
F11534,2027-02-12 00:10,G6,188.7,187,1.7,-4.4,0.24,OK
F11535,2027-02-12 00:10,G7,0.7,-2,2.7,-4.4,0.23,OK
F11536,2027-02-12 00:10,G8,2.0,0,2.0,-4.4,0.21,OK
F11537,2027-02-12 00:20,G1,1.1,0,1.1,-4.7,0.22,OK
F11538,2027-02-12 00:20,G2,0.7,1,-0.3,-4.7,0.21,OK
F11539,2027-02-12 00:20,G3,-1.5,-1,-0.5,-4.7,0.17,OK
F11540,2027-02-12 00:20,G4,0.7,0,0.7,-4.7,0.17,OK
F11541,2027-02-12 00:20,G5,1.7,2,-0.3,-4.7,0.19,OK
F11542,2027-02-12 00:20,G6,188.3,187,1.3,-4.7,0.16,OK
F11543,2027-02-12 00:20,G7,-0.4,-2,1.6,-4.7,0.18,OK
F11544,2027-02-12 00:20,G8,4.7,0,4.7,-4.7,0.24,OK
F11545,2027-02-12 00:30,G1,2.4,0,2.4,-4.9,0.24,OK
F11546,2027-02-12 00:30,G2,4.0,1,3.0,-4.9,0.17,OK
F11547,2027-02-12 00:30,G3,0.2,-1,1.2,-4.9,0.20,OK
F11548,2027-02-12 00:30,G4,-0.4,0,-0.4,-4.9,0.19,OK
F11549,2027-02-12 00:30,G5,1.7,2,-0.3,-4.9,0.19,OK
F11550,2027-02-12 00:30,G6,184.2,187,-2.8,-4.9,0.22,OK
F11551,2027-02-12 00:30,G7,-3.8,-2,-1.8,-4.9,0.19,OK
F11552,2027-02-12 00:30,G8,4.3,0,4.3,-4.9,0.19,OK
F11553,2027-02-12 00:40,G1,3.6,0,3.6,-5.1,0.21,OK
F11554,2027-02-12 00:40,G2,-3.2,1,-4.2,-5.1,0.21,OK
F11555,2027-02-12 00:40,G3,1.1,-1,2.1,-5.1,0.21,OK
F11556,2027-02-12 00:40,G4,-4.7,0,-4.7,-5.1,0.16,OK
F11557,2027-02-12 00:40,G5,-2.7,2,-4.7,-5.1,0.19,OK
F11558,2027-02-12 00:40,G6,188.1,187,1.1,-5.1,0.16,OK
F11559,2027-02-12 00:40,G7,1.1,-2,3.1,-5.1,0.22,OK
F11560,2027-02-12 00:40,G8,-3.0,0,-3.0,-5.1,0.18,OK
F11561,2027-02-12 00:50,G1,-5.2,0,-5.2,-5.4,0.17,OK
F11562,2027-02-12 00:50,G2,0.3,1,-0.7,-5.4,0.19,OK
F11563,2027-02-12 00:50,G3,-0.2,-1,0.8,-5.4,0.19,OK
F11564,2027-02-12 00:50,G4,-4.5,0,-4.5,-5.4,0.17,OK
F11565,2027-02-12 00:50,G5,3.2,2,1.2,-5.4,0.22,OK
F11566,2027-02-12 00:50,G6,189.9,187,2.9,-5.4,0.21,OK
F11567,2027-02-12 00:50,G7,-4.7,-2,-2.7,-5.4,0.20,OK
F11568,2027-02-12 00:50,G8,-1.7,0,-1.7,-5.4,0.19,OK
F11569,2027-02-12 01:00,G1,3.0,0,3.0,-5.6,0.22,OK
F11570,2027-02-12 01:00,G2,3.8,1,2.8,-5.6,0.22,OK
F11571,2027-02-12 01:00,G3,1.2,-1,2.2,-5.6,0.21,OK
F11572,2027-02-12 01:00,G4,-0.9,0,-0.9,-5.6,0.18,OK
F11573,2027-02-12 01:00,G5,-1.7,2,-3.7,-5.6,0.17,OK
F11574,2027-02-12 01:00,G6,185.5,187,-1.5,-5.6,0.21,OK
F11575,2027-02-12 01:00,G7,-7.1,-2,-5.1,-5.6,0.20,OK
F11576,2027-02-12 01:00,G8,-2.0,0,-2.0,-5.6,0.22,OK
F11577,2027-02-12 01:10,G1,-4.1,0,-4.1,-5.9,0.24,OK
F11578,2027-02-12 01:10,G2,-5.1,1,-6.1,-5.9,0.21,OK
F11579,2027-02-12 01:10,G3,-0.4,-1,0.6,-5.9,0.24,OK
F11580,2027-02-12 01:10,G4,-0.2,0,-0.2,-5.9,0.19,OK
F11581,2027-02-12 01:10,G5,0.8,2,-1.2,-5.9,0.22,OK
F11582,2027-02-12 01:10,G6,181.4,187,-5.6,-5.9,0.21,OK
F11583,2027-02-12 01:10,G7,-1.5,-2,0.5,-5.9,0.18,OK
F11584,2027-02-12 01:10,G8,-5.0,0,-5.0,-5.9,0.17,OK
F11585,2027-02-12 01:20,G1,-2.9,0,-2.9,-6.2,0.23,OK
F11586,2027-02-12 01:20,G2,-4.7,1,-5.7,-6.2,0.21,OK
F11587,2027-02-12 01:20,G3,-1.5,-1,-0.5,-6.2,0.19,OK
F11588,2027-02-12 01:20,G4,-7.3,0,-7.3,-6.2,0.17,OK
F11589,2027-02-12 01:20,G5,0.3,2,-1.7,-6.2,0.16,OK
F11590,2027-02-12 01:20,G6,185.3,187,-1.7,-6.2,0.22,OK
F11591,2027-02-12 01:20,G7,-0.9,-2,1.1,-6.2,0.19,OK
F11592,2027-02-12 01:20,G8,-4.6,0,-4.6,-6.2,0.23,OK
F11593,2027-02-12 01:30,G1,-5.0,0,-5.0,-6.4,0.21,OK
F11594,2027-02-12 01:30,G2,-2.1,1,-3.1,-6.4,0.22,OK
F11595,2027-02-12 01:30,G3,-7.3,-1,-6.3,-6.4,0.22,OK
F11596,2027-02-12 01:30,G4,-7.6,0,-7.6,-6.4,0.23,OK
F11597,2027-02-12 01:30,G5,-5.9,2,-7.9,-6.4,0.22,OK
F11598,2027-02-12 01:30,G6,182.2,187,-4.8,-6.4,0.18,OK
F11599,2027-02-12 01:30,G7,-10.0,-2,-8.0,-6.4,0.18,OK
F11600,2027-02-12 01:30,G8,-1.1,0,-1.1,-6.4,0.19,OK
F11601,2027-02-12 01:40,G1,-3.4,0,-3.4,-6.7,0.22,OK
F11602,2027-02-12 01:40,G2,-5.8,1,-6.8,-6.7,0.19,OK
F11603,2027-02-12 01:40,G3,-7.0,-1,-6.0,-6.7,0.21,OK
F11604,2027-02-12 01:40,G4,-3.8,0,-3.8,-6.7,0.22,OK
F11605,2027-02-12 01:40,G5,-3.6,2,-5.6,-6.7,0.17,OK
F11606,2027-02-12 01:40,G6,177.9,187,-9.1,-6.7,0.21,OK
F11607,2027-02-12 01:40,G7,-5.5,-2,-3.5,-6.7,0.22,OK
F11608,2027-02-12 01:40,G8,-6.5,0,-6.5,-6.7,0.17,OK
F11609,2027-02-12 01:50,G1,-1.7,0,-1.7,-6.9,0.20,OK
F11610,2027-02-12 01:50,G2,-7.0,1,-8.0,-6.9,0.22,OK
F11611,2027-02-12 01:50,G3,-8.1,-1,-7.1,-6.9,0.19,OK
F11612,2027-02-12 01:50,G4,-8.4,0,-8.4,-6.9,0.18,OK
F11613,2027-02-12 01:50,G5,-4.3,2,-6.3,-6.9,0.19,OK
F11614,2027-02-12 01:50,G6,178.5,187,-8.5,-6.9,0.20,OK
F11615,2027-02-12 01:50,G7,-11.4,-2,-9.4,-6.9,0.17,OK
F11616,2027-02-12 01:50,G8,-4.7,0,-4.7,-6.9,0.24,OK
F11617,2027-02-12 02:00,G1,-3.3,0,-3.3,-7.2,0.24,OK
F11618,2027-02-12 02:00,G2,0.5,1,-0.5,-7.2,0.21,OK
F11619,2027-02-12 02:00,G3,-9.1,-1,-8.1,-7.2,0.19,OK
F11620,2027-02-12 02:00,G4,-2.6,0,-2.6,-7.2,0.20,OK
F11621,2027-02-12 02:00,G5,-1.4,2,-3.4,-7.2,0.23,OK
F11622,2027-02-12 02:00,G6,183.9,187,-3.1,-7.2,0.23,OK
F11623,2027-02-12 02:00,G7,-11.5,-2,-9.5,-7.2,0.18,OK
F11624,2027-02-12 02:00,G8,-3.1,0,-3.1,-7.2,0.23,OK
F11625,2027-02-12 02:10,G1,-1.7,0,-1.7,-7.5,0.20,OK
F11626,2027-02-12 02:10,G2,-3.3,1,-4.3,-7.5,0.18,OK
F11627,2027-02-12 02:10,G3,-4.5,-1,-3.5,-7.5,0.22,OK
F11628,2027-02-12 02:10,G4,-4.6,0,-4.6,-7.5,0.18,OK
F11629,2027-02-12 02:10,G5,-2.0,2,-4.0,-7.5,0.19,OK
F11630,2027-02-12 02:10,G6,182.8,187,-4.2,-7.5,0.20,OK
F11631,2027-02-12 02:10,G7,-13.0,-2,-11.0,-7.5,0.21,OK
F11632,2027-02-12 02:10,G8,-9.3,0,-9.3,-7.5,0.22,OK
F11633,2027-02-12 02:20,G1,-2.7,0,-2.7,-7.7,0.23,OK
F11634,2027-02-12 02:20,G2,-1.4,1,-2.4,-7.7,0.20,OK
F11635,2027-02-12 02:20,G3,-6.6,-1,-5.6,-7.7,0.21,OK
F11636,2027-02-12 02:20,G4,-9.3,0,-9.3,-7.7,0.17,OK
F11637,2027-02-12 02:20,G5,-2.1,2,-4.1,-7.7,0.18,OK
F11638,2027-02-12 02:20,G6,182.0,187,-5.0,-7.7,0.16,OK
F11639,2027-02-12 02:20,G7,-12.1,-2,-10.1,-7.7,0.21,OK
F11640,2027-02-12 02:20,G8,-10.6,0,-10.6,-7.7,0.20,OK
F11641,2027-02-12 02:30,G1,-2.9,0,-2.9,-8.0,0.24,OK
F11642,2027-02-12 02:30,G2,-1.4,1,-2.4,-8.0,0.23,OK
F11643,2027-02-12 02:30,G3,-7.5,-1,-6.5,-8.0,0.24,OK
F11644,2027-02-12 02:30,G4,-4.2,0,-4.2,-8.0,0.18,OK
F11645,2027-02-12 02:30,G5,-8.3,2,-10.3,-8.0,0.18,OK
F11646,2027-02-12 02:30,G6,182.8,187,-4.2,-8.0,0.22,OK
F11647,2027-02-12 02:30,G7,-10.2,-2,-8.2,-8.0,0.20,OK
F11648,2027-02-12 02:30,G8,-9.0,0,-9.0,-8.0,0.18,OK
F11649,2027-02-12 02:40,G1,-5.7,0,-5.7,-8.2,0.21,OK
F11650,2027-02-12 02:40,G2,-5.4,1,-6.4,-8.2,0.23,OK
F11651,2027-02-12 02:40,G3,-4.2,-1,-3.2,-8.2,0.23,OK
F11652,2027-02-12 02:40,G4,-10.0,0,-10.0,-8.2,0.19,OK
F11653,2027-02-12 02:40,G5,-4.4,2,-6.4,-8.2,0.17,OK
F11654,2027-02-12 02:40,G6,181.1,187,-5.9,-8.2,0.20,OK
F11655,2027-02-12 02:40,G7,-12.3,-2,-10.3,-8.2,0.17,OK
F11656,2027-02-12 02:40,G8,-6.0,0,-6.0,-8.2,0.20,OK
F11657,2027-02-12 02:50,G1,-8.5,0,-8.5,-8.5,0.23,OK
F11658,2027-02-12 02:50,G2,-10.5,1,-11.5,-8.5,0.19,OK
F11659,2027-02-12 02:50,G3,-6.8,-1,-5.8,-8.5,0.20,OK
F11660,2027-02-12 02:50,G4,-9.3,0,-9.3,-8.5,0.20,OK
F11661,2027-02-12 02:50,G5,-4.6,2,-6.6,-8.5,0.17,OK
F11662,2027-02-12 02:50,G6,181.8,187,-5.2,-8.5,0.23,OK
F11663,2027-02-12 02:50,G7,-13.6,-2,-11.6,-8.5,0.17,OK
F11664,2027-02-12 02:50,G8,-9.4,0,-9.4,-8.5,0.17,OK
F11665,2027-02-12 03:00,G1,-4.8,0,-4.8,-8.8,0.21,OK
F11666,2027-02-12 03:00,G2,-3.2,1,-4.2,-8.8,0.16,OK
F11667,2027-02-12 03:00,G3,-7.3,-1,-6.3,-8.8,0.19,OK
F11668,2027-02-12 03:00,G4,-12.5,0,-12.5,-8.8,0.20,OK
F11669,2027-02-12 03:00,G5,-10.9,2,-12.9,-8.8,0.18,OK
F11670,2027-02-12 03:00,G6,179.2,187,-7.8,-8.8,0.21,OK
F11671,2027-02-12 03:00,G7,-12.6,-2,-10.6,-8.8,0.23,OK
F11672,2027-02-12 03:00,G8,-8.2,0,-8.2,-8.8,0.16,OK
F11673,2027-02-12 03:10,G1,-6.4,0,-6.4,-9.0,0.23,OK
F11674,2027-02-12 03:10,G2,-5.2,1,-6.2,-9.0,0.18,OK
F11675,2027-02-12 03:10,G3,-6.2,-1,-5.2,-9.0,0.19,OK
F11676,2027-02-12 03:10,G4,-11.5,0,-11.5,-9.0,0.18,OK
F11677,2027-02-12 03:10,G5,-12.8,2,-14.8,-9.0,0.19,OK
F11678,2027-02-12 03:10,G6,173.2,187,-13.8,-9.0,0.23,OK
F11679,2027-02-12 03:10,G7,-14.3,-2,-12.3,-9.0,0.20,OK
F11680,2027-02-12 03:10,G8,-13.6,0,-13.6,-9.0,0.17,OK
F11681,2027-02-12 03:20,G1,-8.6,0,-8.6,-9.3,0.18,OK
F11682,2027-02-12 03:20,G2,-10.5,1,-11.5,-9.3,0.23,OK
F11683,2027-02-12 03:20,G3,-11.1,-1,-10.1,-9.3,0.18,OK
F11684,2027-02-12 03:20,G4,-6.8,0,-6.8,-9.3,0.17,OK
F11685,2027-02-12 03:20,G5,-12.5,2,-14.5,-9.3,0.19,OK
F11686,2027-02-12 03:20,G6,171.5,187,-15.5,-9.3,0.21,OK
F11687,2027-02-12 03:20,G7,-16.8,-2,-14.8,-9.3,0.21,OK
F11688,2027-02-12 03:20,G8,-11.9,0,-11.9,-9.3,0.19,OK
F11689,2027-02-12 03:30,G1,-13.7,0,-13.7,-9.5,0.18,OK
F11690,2027-02-12 03:30,G2,-9.0,1,-10.0,-9.5,0.23,OK
F11691,2027-02-12 03:30,G3,-9.3,-1,-8.3,-9.5,0.19,OK
F11692,2027-02-12 03:30,G4,-11.4,0,-11.4,-9.5,0.23,OK
F11693,2027-02-12 03:30,G5,-8.9,2,-10.9,-9.5,0.22,OK
F11694,2027-02-12 03:30,G6,178.9,187,-8.1,-9.5,0.18,OK
F11695,2027-02-12 03:30,G7,-18.6,-2,-16.6,-9.5,0.24,OK
F11696,2027-02-12 03:30,G8,-9.7,0,-9.7,-9.5,0.21,OK
F11697,2027-02-12 03:40,G1,-5.9,0,-5.9,-9.7,0.21,OK
F11698,2027-02-12 03:40,G2,-7.2,1,-8.2,-9.7,0.23,OK
F11699,2027-02-12 03:40,G3,-13.9,-1,-12.9,-9.7,0.19,OK
F11700,2027-02-12 03:40,G4,-8.2,0,-8.2,-9.7,0.17,OK
F11701,2027-02-12 03:40,G5,-7.7,2,-9.7,-9.7,0.21,OK
F11702,2027-02-12 03:40,G6,174.5,187,-12.5,-9.7,0.21,OK
F11703,2027-02-12 03:40,G7,-13.1,-2,-11.1,-9.7,0.22,OK
F11704,2027-02-12 03:40,G8,-18.1,0,-18.1,-9.7,0.19,OK
F11705,2027-02-12 03:50,G1,-6.9,0,-6.9,-10.0,0.18,OK
F11706,2027-02-12 03:50,G2,-7.5,1,-8.5,-10.0,0.19,OK
F11707,2027-02-12 03:50,G3,-13.6,-1,-12.6,-10.0,0.22,OK
F11708,2027-02-12 03:50,G4,-13.0,0,-13.0,-10.0,0.23,OK
F11709,2027-02-12 03:50,G5,-6.9,2,-8.9,-10.0,0.22,OK
F11710,2027-02-12 03:50,G6,169.2,187,-17.8,-10.0,0.22,OK
F11711,2027-02-12 03:50,G7,-19.1,-2,-17.1,-10.0,0.19,OK
F11712,2027-02-12 03:50,G8,-15.5,0,-15.5,-10.0,0.19,OK
F11713,2027-02-12 04:00,G1,-9.4,0,-9.4,-10.2,0.20,OK
F11714,2027-02-12 04:00,G2,-10.7,1,-11.7,-10.2,0.17,OK
F11715,2027-02-12 04:00,G3,-15.2,-1,-14.2,-10.2,0.17,OK
F11716,2027-02-12 04:00,G4,-13.2,0,-13.2,-10.2,0.18,OK
F11717,2027-02-12 04:00,G5,-11.7,2,-13.7,-10.2,0.24,OK
F11718,2027-02-12 04:00,G6,173.9,187,-13.1,-10.2,0.18,OK
F11719,2027-02-12 04:00,G7,-14.1,-2,-12.1,-10.2,0.18,OK
F11720,2027-02-12 04:00,G8,-17.3,0,-17.3,-10.2,0.20,OK
F11721,2027-02-12 04:10,G1,-9.7,0,-9.7,-10.4,0.17,OK
F11722,2027-02-12 04:10,G2,-14.4,1,-15.4,-10.4,0.23,OK
F11723,2027-02-12 04:10,G3,-12.9,-1,-11.9,-10.4,0.21,OK
F11724,2027-02-12 04:10,G4,-9.7,0,-9.7,-10.4,0.21,OK
F11725,2027-02-12 04:10,G5,-10.9,2,-12.9,-10.4,0.22,OK
F11726,2027-02-12 04:10,G6,170.5,187,-16.5,-10.4,0.24,OK
F11727,2027-02-12 04:10,G7,-21.0,-2,-19.0,-10.4,0.18,OK
F11728,2027-02-12 04:10,G8,-12.9,0,-12.9,-10.4,0.17,OK
F11729,2027-02-12 04:20,G1,-10.9,0,-10.9,-10.6,0.23,OK
F11730,2027-02-12 04:20,G2,-10.0,1,-11.0,-10.6,0.22,OK
F11731,2027-02-12 04:20,G3,-17.4,-1,-16.4,-10.6,0.17,OK
F11732,2027-02-12 04:20,G4,-16.1,0,-16.1,-10.6,0.22,OK
F11733,2027-02-12 04:20,G5,-11.4,2,-13.4,-10.6,0.21,OK
F11734,2027-02-12 04:20,G6,173.6,187,-13.4,-10.6,0.18,OK
F11735,2027-02-12 04:20,G7,-17.5,-2,-15.5,-10.6,0.19,OK
F11736,2027-02-12 04:20,G8,-14.8,0,-14.8,-10.6,0.23,OK
F11737,2027-02-12 04:30,G1,-15.7,0,-15.7,-10.9,0.23,OK
F11738,2027-02-12 04:30,G2,-12.4,1,-13.4,-10.9,0.21,OK
F11739,2027-02-12 04:30,G3,-16.2,-1,-15.2,-10.9,0.24,OK
F11740,2027-02-12 04:30,G4,-13.5,0,-13.5,-10.9,0.18,OK
F11741,2027-02-12 04:30,G5,-14.3,2,-16.3,-10.9,0.20,OK
F11742,2027-02-12 04:30,G6,168.7,187,-18.3,-10.9,0.21,OK
F11743,2027-02-12 04:30,G7,-20.9,-2,-18.9,-10.9,0.22,OK
F11744,2027-02-12 04:30,G8,-15.8,0,-15.8,-10.9,0.20,OK
F11745,2027-02-12 04:40,G1,-11.9,0,-11.9,-11.1,0.24,OK
F11746,2027-02-12 04:40,G2,-10.2,1,-11.2,-11.1,0.20,OK
F11747,2027-02-12 04:40,G3,-11.3,-1,-10.3,-11.1,0.17,OK
F11748,2027-02-12 04:40,G4,-13.2,0,-13.2,-11.1,0.23,OK
F11749,2027-02-12 04:40,G5,-12.0,2,-14.0,-11.1,0.21,OK
F11750,2027-02-12 04:40,G6,166.9,187,-20.1,-11.1,0.23,OK
F11751,2027-02-12 04:40,G7,-19.6,-2,-17.6,-11.1,0.16,OK
F11752,2027-02-12 04:40,G8,-15.3,0,-15.3,-11.1,0.22,OK
F11753,2027-02-12 04:50,G1,-14.9,0,-14.9,-11.3,0.20,OK
F11754,2027-02-12 04:50,G2,-15.4,1,-16.4,-11.3,0.19,OK
F11755,2027-02-12 04:50,G3,-12.3,-1,-11.3,-11.3,0.24,OK
F11756,2027-02-12 04:50,G4,-14.9,0,-14.9,-11.3,0.24,OK
F11757,2027-02-12 04:50,G5,-18.4,2,-20.4,-11.3,0.18,OK
F11758,2027-02-12 04:50,G6,169.8,187,-17.2,-11.3,0.20,OK
F11759,2027-02-12 04:50,G7,-17.5,-2,-15.5,-11.3,0.20,OK
F11760,2027-02-12 04:50,G8,-16.1,0,-16.1,-11.3,0.19,OK
F11761,2027-02-12 05:00,G1,-10.2,0,-10.2,-11.4,0.20,OK
F11762,2027-02-12 05:00,G2,-14.8,1,-15.8,-11.4,0.17,OK
F11763,2027-02-12 05:00,G3,-12.7,-1,-11.7,-11.4,0.20,OK
F11764,2027-02-12 05:00,G4,-14.1,0,-14.1,-11.4,0.18,OK
F11765,2027-02-12 05:00,G5,-13.7,2,-15.7,-11.4,0.23,OK
F11766,2027-02-12 05:00,G6,171.2,187,-15.8,-11.4,0.24,OK
F11767,2027-02-12 05:00,G7,-21.2,-2,-19.2,-11.4,0.23,OK
F11768,2027-02-12 05:00,G8,-22.4,0,-22.4,-11.4,0.22,OK
F11769,2027-02-12 05:10,G1,-14.8,0,-14.8,-11.6,0.19,OK
F11770,2027-02-12 05:10,G2,-13.1,1,-14.1,-11.6,0.24,OK
F11771,2027-02-12 05:10,G3,-13.0,-1,-12.0,-11.6,0.19,OK
F11772,2027-02-12 05:10,G4,-18.7,0,-18.7,-11.6,0.17,OK
F11773,2027-02-12 05:10,G5,-16.7,2,-18.7,-11.6,0.23,OK
F11774,2027-02-12 05:10,G6,172.2,187,-14.8,-11.6,0.22,OK
F11775,2027-02-12 05:10,G7,-19.6,-2,-17.6,-11.6,0.24,OK
F11776,2027-02-12 05:10,G8,-20.2,0,-20.2,-11.6,0.21,OK
F11777,2027-02-12 05:20,G1,-14.5,0,-14.5,-11.8,0.20,OK
F11778,2027-02-12 05:20,G2,-13.1,1,-14.1,-11.8,0.19,OK
F11779,2027-02-12 05:20,G3,-16.8,-1,-15.8,-11.8,0.20,OK
F11780,2027-02-12 05:20,G4,-17.3,0,-17.3,-11.8,0.23,OK
F11781,2027-02-12 05:20,G5,-14.3,2,-16.3,-11.8,0.22,OK
F11782,2027-02-12 05:20,G6,170.1,187,-16.9,-11.8,0.19,OK
F11783,2027-02-12 05:20,G7,-24.9,-2,-22.9,-11.8,0.17,OK
F11784,2027-02-12 05:20,G8,-17.6,0,-17.6,-11.8,0.22,OK
F11785,2027-02-12 05:30,G1,-11.3,0,-11.3,-12.0,0.22,OK
F11786,2027-02-12 05:30,G2,-13.5,1,-14.5,-12.0,0.18,OK
F11787,2027-02-12 05:30,G3,-16.2,-1,-15.2,-12.0,0.22,OK
F11788,2027-02-12 05:30,G4,-16.4,0,-16.4,-12.0,0.23,OK
F11789,2027-02-12 05:30,G5,-19.9,2,-21.9,-12.0,0.19,OK
F11790,2027-02-12 05:30,G6,168.0,187,-19.0,-12.0,0.19,OK
F11791,2027-02-12 05:30,G7,-24.1,-2,-22.1,-12.0,0.18,OK
F11792,2027-02-12 05:30,G8,-20.7,0,-20.7,-12.0,0.18,OK
F11793,2027-02-12 05:40,G1,-16.4,0,-16.4,-12.1,0.20,OK
F11794,2027-02-12 05:40,G2,-18.0,1,-19.0,-12.1,0.20,OK
F11795,2027-02-12 05:40,G3,-13.4,-1,-12.4,-12.1,0.17,OK
F11796,2027-02-12 05:40,G4,-17.4,0,-17.4,-12.1,0.18,OK
F11797,2027-02-12 05:40,G5,-13.0,2,-15.0,-12.1,0.24,OK
F11798,2027-02-12 05:40,G6,164.7,187,-22.3,-12.1,0.21,OK
F11799,2027-02-12 05:40,G7,-24.0,-2,-22.0,-12.1,0.16,OK
F11800,2027-02-12 05:40,G8,-24.9,0,-24.9,-12.1,0.21,OK
F11801,2027-02-12 05:50,G1,-14.0,0,-14.0,-12.3,0.18,OK
F11802,2027-02-12 05:50,G2,-15.8,1,-16.8,-12.3,0.21,OK
F11803,2027-02-12 05:50,G3,-18.7,-1,-17.7,-12.3,0.22,OK
F11804,2027-02-12 05:50,G4,-21.1,0,-21.1,-12.3,0.18,OK
F11805,2027-02-12 05:50,G5,-20.4,2,-22.4,-12.3,0.21,OK
F11806,2027-02-12 05:50,G6,166.9,187,-20.1,-12.3,0.20,OK
F11807,2027-02-12 05:50,G7,-21.2,-2,-19.2,-12.3,0.18,OK
F11808,2027-02-12 05:50,G8,-17.1,0,-17.1,-12.3,0.21,OK
F11809,2027-02-12 06:00,G1,7.5,0,7.5,-12.4,0.78,OK
F11810,2027-02-12 06:00,G2,17.5,1,16.5,-12.4,0.79,OK
F11811,2027-02-12 06:00,G3,18.8,-1,19.8,-12.4,0.80,OK
F11812,2027-02-12 06:00,G4,31.7,0,31.7,-12.4,0.74,OK
F11813,2027-02-12 06:00,G5,41.9,2,39.9,-12.4,0.76,OK
F11814,2027-02-12 06:00,G6,235.1,187,48.1,-12.4,0.75,OK
F11815,2027-02-12 06:00,G7,14.1,-2,16.1,-12.4,0.74,OK
F11816,2027-02-12 06:00,G8,4.2,0,4.2,-12.4,0.74,OK
F11817,2027-02-12 06:10,G1,-20.4,0,-20.4,-12.5,0.20,OK
F11818,2027-02-12 06:10,G2,-15.5,1,-16.5,-12.5,0.19,OK
F11819,2027-02-12 06:10,G3,-19.6,-1,-18.6,-12.5,0.20,OK
F11820,2027-02-12 06:10,G4,-14.9,0,-14.9,-12.5,0.21,OK
F11821,2027-02-12 06:10,G5,-17.3,2,-19.3,-12.5,0.21,OK
F11822,2027-02-12 06:10,G6,162.4,187,-24.6,-12.5,0.19,OK
F11823,2027-02-12 06:10,G7,-19.4,-2,-17.4,-12.5,0.17,OK
F11824,2027-02-12 06:10,G8,-21.6,0,-21.6,-12.5,0.18,OK
F11825,2027-02-12 06:20,G1,17.4,0,17.4,-12.6,0.91,OK
F11826,2027-02-12 06:20,G2,22.2,1,21.2,-12.6,0.92,OK
F11827,2027-02-12 06:20,G3,26.2,-1,27.2,-12.6,0.96,OK
F11828,2027-02-12 06:20,G4,44.9,0,44.9,-12.6,0.92,OK
F11829,2027-02-12 06:20,G5,52.0,2,50.0,-12.6,0.92,OK
F11830,2027-02-12 06:20,G6,248.6,187,61.6,-12.6,0.93,OK
F11831,2027-02-12 06:20,G7,28.5,-2,30.5,-12.6,0.94,OK
F11832,2027-02-12 06:20,G8,14.0,0,14.0,-12.6,0.92,OK
F11833,2027-02-12 06:30,G1,-12.7,0,-12.7,-12.7,0.20,OK
F11834,2027-02-12 06:30,G2,-19.9,1,-20.9,-12.7,0.24,OK
F11835,2027-02-12 06:30,G3,-14.9,-1,-13.9,-12.7,0.18,OK
F11836,2027-02-12 06:30,G4,-16.6,0,-16.6,-12.7,0.22,OK
F11837,2027-02-12 06:30,G5,-17.0,2,-19.0,-12.7,0.20,OK
F11838,2027-02-12 06:30,G6,165.1,187,-21.9,-12.7,0.21,OK
F11839,2027-02-12 06:30,G7,-27.1,-2,-25.1,-12.7,0.18,OK
F11840,2027-02-12 06:30,G8,-26.7,0,-26.7,-12.7,0.18,OK
F11841,2027-02-12 06:40,G1,25.9,0,25.9,-12.8,1.09,OK
F11842,2027-02-12 06:40,G2,33.7,1,32.7,-12.8,1.14,OK
F11843,2027-02-12 06:40,G3,43.7,-1,44.7,-12.8,1.13,OK
F11844,2027-02-12 06:40,G4,51.9,0,51.9,-12.8,1.15,OK
F11845,2027-02-12 06:40,G5,75.5,2,73.5,-12.8,1.13,OK
F11846,2027-02-12 06:40,G6,271.8,187,84.8,-12.8,1.09,OK
F11847,2027-02-12 06:40,G7,46.8,-2,48.8,-12.8,1.12,OK
F11848,2027-02-12 06:40,G8,20.8,0,20.8,-12.8,1.14,OK
F11849,2027-02-12 06:50,G1,-19.0,0,-19.0,-12.9,0.20,OK
F11850,2027-02-12 06:50,G2,-18.2,1,-19.2,-12.9,0.23,OK
F11851,2027-02-12 06:50,G3,-19.1,-1,-18.1,-12.9,0.23,OK
F11852,2027-02-12 06:50,G4,-19.4,0,-19.4,-12.9,0.17,OK
F11853,2027-02-12 06:50,G5,-16.1,2,-18.1,-12.9,0.17,OK
F11854,2027-02-12 06:50,G6,163.9,187,-23.1,-12.9,0.20,OK
F11855,2027-02-12 06:50,G7,-20.4,-2,-18.4,-12.9,0.23,OK
F11856,2027-02-12 06:50,G8,-20.7,0,-20.7,-12.9,0.19,OK
F11857,2027-02-12 07:00,G1,8.4,0,8.4,-13.0,0.85,OK
F11858,2027-02-12 07:00,G2,14.1,1,13.1,-13.0,0.80,OK
F11859,2027-02-12 07:00,G3,22.9,-1,23.9,-13.0,0.83,OK
F11860,2027-02-12 07:00,G4,34.8,0,34.8,-13.0,0.86,OK
F11861,2027-02-12 07:00,G5,40.3,2,38.3,-13.0,0.79,OK
F11862,2027-02-12 07:00,G6,236.2,187,49.2,-13.0,0.84,OK
F11863,2027-02-12 07:00,G7,22.6,-2,24.6,-13.0,0.83,OK
F11864,2027-02-12 07:00,G8,3.1,0,3.1,-13.0,0.79,OK
F11865,2027-02-12 07:10,G1,-20.6,0,-20.6,-13.1,0.18,OK
F11866,2027-02-12 07:10,G2,-13.9,1,-14.9,-13.1,0.18,OK
F11867,2027-02-12 07:10,G3,-16.1,-1,-15.1,-13.1,0.17,OK
F11868,2027-02-12 07:10,G4,-19.3,0,-19.3,-13.1,0.23,OK
F11869,2027-02-12 07:10,G5,-16.9,2,-18.9,-13.1,0.20,OK
F11870,2027-02-12 07:10,G6,168.7,187,-18.3,-13.1,0.19,OK
F11871,2027-02-12 07:10,G7,-23.2,-2,-21.2,-13.1,0.23,OK
F11872,2027-02-12 07:10,G8,-21.3,0,-21.3,-13.1,0.23,OK
F11873,2027-02-12 07:20,G1,14.7,0,14.7,-13.1,0.99,OK
F11874,2027-02-12 07:20,G2,31.1,1,30.1,-13.1,0.97,OK
F11875,2027-02-12 07:20,G3,29.0,-1,30.0,-13.1,0.97,OK
F11876,2027-02-12 07:20,G4,49.2,0,49.2,-13.1,0.99,OK
F11877,2027-02-12 07:20,G5,60.1,2,58.1,-13.1,1.00,OK
F11878,2027-02-12 07:20,G6,260.0,187,73.0,-13.1,1.00,OK
F11879,2027-02-12 07:20,G7,30.9,-2,32.9,-13.1,0.97,OK
F11880,2027-02-12 07:20,G8,13.5,0,13.5,-13.1,0.98,OK
F11881,2027-02-12 07:30,G1,-18.8,0,-18.8,-13.1,0.22,OK
F11882,2027-02-12 07:30,G2,-21.6,1,-22.6,-13.1,0.22,OK
F11883,2027-02-12 07:30,G3,-17.7,-1,-16.7,-13.1,0.17,OK
F11884,2027-02-12 07:30,G4,-16.6,0,-16.6,-13.1,0.22,OK
F11885,2027-02-12 07:30,G5,-18.3,2,-20.3,-13.1,0.22,OK
F11886,2027-02-12 07:30,G6,161.3,187,-25.7,-13.1,0.18,OK
F11887,2027-02-12 07:30,G7,-26.8,-2,-24.8,-13.1,0.16,OK
F11888,2027-02-12 07:30,G8,-26.9,0,-26.9,-13.1,0.22,OK
F11889,2027-02-12 07:40,G1,-1.1,0,-1.1,-13.2,0.54,OK
F11890,2027-02-12 07:40,G2,0.5,1,-0.5,-13.2,0.56,OK
F11891,2027-02-12 07:40,G3,3.0,-1,4.0,-13.2,0.53,OK
F11892,2027-02-12 07:40,G4,13.0,0,13.0,-13.2,0.52,OK
F11893,2027-02-12 07:40,G5,17.0,2,15.0,-13.2,0.58,OK
F11894,2027-02-12 07:40,G6,204.9,187,17.9,-13.2,0.57,OK
F11895,2027-02-12 07:40,G7,1.0,-2,3.0,-13.2,0.54,OK
F11896,2027-02-12 07:40,G8,-11.2,0,-11.2,-13.2,0.57,OK
F11897,2027-02-12 07:50,G1,-19.7,0,-19.7,-13.2,0.16,OK
F11898,2027-02-12 07:50,G2,-16.2,1,-17.2,-13.2,0.19,OK
F11899,2027-02-12 07:50,G3,-20.1,-1,-19.1,-13.2,0.16,OK
F11900,2027-02-12 07:50,G4,-20.0,0,-20.0,-13.2,0.21,OK
F11901,2027-02-12 07:50,G5,-23.7,2,-25.7,-13.2,0.21,OK
F11902,2027-02-12 07:50,G6,163.1,187,-23.9,-13.2,0.18,OK
F11903,2027-02-12 07:50,G7,-25.2,-2,-23.2,-13.2,0.17,OK
F11904,2027-02-12 07:50,G8,-20.2,0,-20.2,-13.2,0.21,OK
F11905,2027-02-12 08:00,G1,8.6,0,8.6,-13.2,0.90,OK
F11906,2027-02-12 08:00,G2,22.7,1,21.7,-13.2,0.85,OK
F11907,2027-02-12 08:00,G3,23.6,-1,24.6,-13.2,0.88,OK
F11908,2027-02-12 08:00,G4,36.9,0,36.9,-13.2,0.87,OK
F11909,2027-02-12 08:00,G5,50.2,2,48.2,-13.2,0.91,OK
F11910,2027-02-12 08:00,G6,247.4,187,60.4,-13.2,0.87,OK
F11911,2027-02-12 08:00,G7,28.3,-2,30.3,-13.2,0.90,OK
F11912,2027-02-12 08:00,G8,11.7,0,11.7,-13.2,0.86,OK
F11913,2027-02-12 08:10,G1,-19.8,0,-19.8,-13.2,0.22,OK
F11914,2027-02-12 08:10,G2,-15.6,1,-16.6,-13.2,0.19,OK
F11915,2027-02-12 08:10,G3,-17.7,-1,-16.7,-13.2,0.19,OK
F11916,2027-02-12 08:10,G4,-20.2,0,-20.2,-13.2,0.20,OK
F11917,2027-02-12 08:10,G5,-21.9,2,-23.9,-13.2,0.24,OK
F11918,2027-02-12 08:10,G6,168.4,187,-18.6,-13.2,0.20,OK
F11919,2027-02-12 08:10,G7,-21.0,-2,-19.0,-13.2,0.17,OK
F11920,2027-02-12 08:10,G8,-26.0,0,-26.0,-13.2,0.22,OK
F11921,2027-02-12 08:20,G1,16.6,0,16.6,-13.2,1.08,OK
F11922,2027-02-12 08:20,G2,33.7,1,32.7,-13.2,1.04,OK
F11923,2027-02-12 08:20,G3,32.3,-1,33.3,-13.2,1.04,OK
F11924,2027-02-12 08:20,G4,53.4,0,53.4,-13.2,1.04,OK
F11925,2027-02-12 08:20,G5,62.6,2,60.6,-13.2,1.08,OK
F11926,2027-02-12 08:20,G6,262.8,187,75.8,-13.2,1.10,OK
F11927,2027-02-12 08:20,G7,40.3,-2,42.3,-13.2,1.06,OK
F11928,2027-02-12 08:20,G8,21.2,0,21.2,-13.2,1.05,OK
F11929,2027-02-12 08:30,G1,-17.2,0,-17.2,-13.1,0.22,OK
F11930,2027-02-12 08:30,G2,-14.5,1,-15.5,-13.1,0.22,OK
F11931,2027-02-12 08:30,G3,-19.7,-1,-18.7,-13.1,0.17,OK
F11932,2027-02-12 08:30,G4,-16.5,0,-16.5,-13.1,0.20,OK
F11933,2027-02-12 08:30,G5,-23.1,2,-25.1,-13.1,0.19,OK
F11934,2027-02-12 08:30,G6,164.5,187,-22.5,-13.1,0.18,OK
F11935,2027-02-12 08:30,G7,-26.2,-2,-24.2,-13.1,0.21,OK
F11936,2027-02-12 08:30,G8,-21.3,0,-21.3,-13.1,0.24,OK
F11937,2027-02-12 08:40,G1,-2.7,0,-2.7,-13.1,0.60,OK
F11938,2027-02-12 08:40,G2,9.1,1,8.1,-13.1,0.58,OK
F11939,2027-02-12 08:40,G3,2.6,-1,3.6,-13.1,0.57,OK
F11940,2027-02-12 08:40,G4,13.0,0,13.0,-13.1,0.60,OK
F11941,2027-02-12 08:40,G5,25.5,2,23.5,-13.1,0.57,OK
F11942,2027-02-12 08:40,G6,209.0,187,22.0,-13.1,0.64,OK
F11943,2027-02-12 08:40,G7,6.7,-2,8.7,-13.1,0.60,OK
F11944,2027-02-12 08:40,G8,-5.9,0,-5.9,-13.1,0.58,OK
F11945,2027-02-12 08:50,G1,-21.4,0,-21.4,-13.1,0.17,OK
F11946,2027-02-12 08:50,G2,-19.8,1,-20.8,-13.1,0.19,OK
F11947,2027-02-12 08:50,G3,-22.5,-1,-21.5,-13.1,0.17,OK
F11948,2027-02-12 08:50,G4,-23.1,0,-23.1,-13.1,0.24,OK
F11949,2027-02-12 08:50,G5,-22.3,2,-24.3,-13.1,0.19,OK
F11950,2027-02-12 08:50,G6,168.6,187,-18.4,-13.1,0.20,OK
F11951,2027-02-12 08:50,G7,-29.1,-2,-27.1,-13.1,0.22,OK
F11952,2027-02-12 08:50,G8,-26.0,0,-26.0,-13.1,0.22,OK
F11953,2027-02-12 09:00,G1,11.7,0,11.7,-13.0,0.94,OK
F11954,2027-02-12 09:00,G2,27.9,1,26.9,-13.0,0.97,OK
F11955,2027-02-12 09:00,G3,31.1,-1,32.1,-13.0,0.94,OK
F11956,2027-02-12 09:00,G4,41.9,0,41.9,-13.0,0.91,OK
F11957,2027-02-12 09:00,G5,52.8,2,50.8,-13.0,0.93,OK
F11958,2027-02-12 09:00,G6,253.8,187,66.8,-13.0,0.91,OK
F11959,2027-02-12 09:00,G7,31.4,-2,33.4,-13.0,0.92,OK
F11960,2027-02-12 09:00,G8,15.4,0,15.4,-13.0,0.92,OK
F11961,2027-02-12 09:10,G1,-18.6,0,-18.6,-12.9,0.21,OK
F11962,2027-02-12 09:10,G2,-14.4,1,-15.4,-12.9,0.20,OK
F11963,2027-02-12 09:10,G3,-18.1,-1,-17.1,-12.9,0.20,OK
F11964,2027-02-12 09:10,G4,-22.0,0,-22.0,-12.9,0.24,OK
F11965,2027-02-12 09:10,G5,-15.8,2,-17.8,-12.9,0.17,OK
F11966,2027-02-12 09:10,G6,166.7,187,-20.3,-12.9,0.18,OK
F11967,2027-02-12 09:10,G7,-26.7,-2,-24.7,-12.9,0.18,OK
F11968,2027-02-12 09:10,G8,-27.1,0,-27.1,-12.9,0.19,OK
F11969,2027-02-12 09:20,G1,20.3,0,20.3,-12.8,1.08,OK
F11970,2027-02-12 09:20,G2,32.7,1,31.7,-12.8,1.11,OK
F11971,2027-02-12 09:20,G3,39.7,-1,40.7,-12.8,1.15,OK
F11972,2027-02-12 09:20,G4,52.6,0,52.6,-12.8,1.12,OK
F11973,2027-02-12 09:20,G5,73.4,2,71.4,-12.8,1.10,OK
F11974,2027-02-12 09:20,G6,268.9,187,81.9,-12.8,1.14,OK
F11975,2027-02-12 09:20,G7,41.7,-2,43.7,-12.8,1.11,OK
F11976,2027-02-12 09:20,G8,23.9,0,23.9,-12.8,1.13,OK
F11977,2027-02-12 09:30,G1,-14.5,0,-14.5,-12.7,0.24,OK
F11978,2027-02-12 09:30,G2,-16.9,1,-17.9,-12.7,0.22,OK
F11979,2027-02-12 09:30,G3,-21.1,-1,-20.1,-12.7,0.19,OK
F11980,2027-02-12 09:30,G4,-22.7,0,-22.7,-12.7,0.19,OK
F11981,2027-02-12 09:30,G5,-15.6,2,-17.6,-12.7,0.18,OK
F11982,2027-02-12 09:30,G6,164.3,187,-22.7,-12.7,0.24,OK
F11983,2027-02-12 09:30,G7,-20.7,-2,-18.7,-12.7,0.18,OK
F11984,2027-02-12 09:30,G8,-26.8,0,-26.8,-12.7,0.21,OK
F11985,2027-02-12 09:40,G1,7.4,0,7.4,-12.6,0.70,OK
F11986,2027-02-12 09:40,G2,6.6,1,5.6,-12.6,0.70,OK
F11987,2027-02-12 09:40,G3,11.9,-1,12.9,-12.6,0.67,OK
F11988,2027-02-12 09:40,G4,15.8,0,15.8,-12.6,0.64,OK
F11989,2027-02-12 09:40,G5,25.4,2,23.4,-12.6,0.68,OK
F11990,2027-02-12 09:40,G6,219.4,187,32.4,-12.6,0.70,OK
F11991,2027-02-12 09:40,G7,9.5,-2,11.5,-12.6,0.68,OK
F11992,2027-02-12 09:40,G8,1.7,0,1.7,-12.6,0.68,OK
F11993,2027-02-12 09:50,G1,-15.6,0,-15.6,-12.5,0.16,OK
F11994,2027-02-12 09:50,G2,-13.2,1,-14.2,-12.5,0.19,OK
F11995,2027-02-12 09:50,G3,-21.1,-1,-20.1,-12.5,0.17,OK
F11996,2027-02-12 09:50,G4,-17.0,0,-17.0,-12.5,0.22,OK
F11997,2027-02-12 09:50,G5,-18.1,2,-20.1,-12.5,0.21,OK
F11998,2027-02-12 09:50,G6,170.4,187,-16.6,-12.5,0.20,OK
F11999,2027-02-12 09:50,G7,-20.5,-2,-18.5,-12.5,0.20,OK
F12000,2027-02-12 09:50,G8,-25.8,0,-25.8,-12.5,0.20,OK
F12001,2027-02-12 10:00,G1,15.8,0,15.8,-12.4,1.04,OK
F12002,2027-02-12 10:00,G2,27.9,1,26.9,-12.4,0.97,OK
F12003,2027-02-12 10:00,G3,36.8,-1,37.8,-12.4,1.01,OK
F12004,2027-02-12 10:00,G4,48.7,0,48.7,-12.4,1.01,OK
F12005,2027-02-12 10:00,G5,67.1,2,65.1,-12.4,1.05,OK
F12006,2027-02-12 10:00,G6,255.6,187,68.6,-12.4,1.02,OK
F12007,2027-02-12 10:00,G7,36.5,-2,38.5,-12.4,0.98,OK
F12008,2027-02-12 10:00,G8,22.3,0,22.3,-12.4,1.04,OK
F12009,2027-02-12 10:10,G1,-11.2,0,-11.2,-12.3,0.20,OK
F12010,2027-02-12 10:10,G2,-13.9,1,-14.9,-12.3,0.17,OK
F12011,2027-02-12 10:10,G3,-14.8,-1,-13.8,-12.3,0.17,OK
F12012,2027-02-12 10:10,G4,-15.4,0,-15.4,-12.3,0.20,OK
F12013,2027-02-12 10:10,G5,-18.0,2,-20.0,-12.3,0.18,OK
F12014,2027-02-12 10:10,G6,170.9,187,-16.1,-12.3,0.19,OK
F12015,2027-02-12 10:10,G7,-18.7,-2,-16.7,-12.3,0.19,OK
F12016,2027-02-12 10:10,G8,-22.2,0,-22.2,-12.3,0.22,OK
F12017,2027-02-12 10:20,G1,-2.9,0,-2.9,-12.1,0.59,OK
F12018,2027-02-12 10:20,G2,5.7,1,4.7,-12.1,0.59,OK
F12019,2027-02-12 10:20,G3,2.0,-1,3.0,-12.1,0.60,OK
F12020,2027-02-12 10:20,G4,7.6,0,7.6,-12.1,0.56,OK
F12021,2027-02-12 10:20,G5,22.5,2,20.5,-12.1,0.54,OK
F12022,2027-02-12 10:20,G6,210.1,187,23.1,-12.1,0.56,OK
F12023,2027-02-12 10:20,G7,2.9,-2,4.9,-12.1,0.53,OK
F12024,2027-02-12 10:20,G8,-0.5,0,-0.5,-12.1,0.52,OK
F12025,2027-02-12 10:30,G1,-10.3,0,-10.3,-12.0,0.24,OK
F12026,2027-02-12 10:30,G2,-14.7,1,-15.7,-12.0,0.24,OK
F12027,2027-02-12 10:30,G3,-13.4,-1,-12.4,-12.0,0.21,OK
F12028,2027-02-12 10:30,G4,-18.5,0,-18.5,-12.0,0.22,OK
F12029,2027-02-12 10:30,G5,-11.6,2,-13.6,-12.0,0.18,OK
F12030,2027-02-12 10:30,G6,167.0,187,-20.0,-12.0,0.18,OK
F12031,2027-02-12 10:30,G7,-25.0,-2,-23.0,-12.0,0.18,OK
F12032,2027-02-12 10:30,G8,-16.8,0,-16.8,-12.0,0.20,OK
F12033,2027-02-12 10:40,G1,6.5,0,6.5,-11.8,0.76,OK
F12034,2027-02-12 10:40,G2,13.1,1,12.1,-11.8,0.71,OK
F12035,2027-02-12 10:40,G3,18.4,-1,19.4,-11.8,0.77,OK
F12036,2027-02-12 10:40,G4,25.1,0,25.1,-11.8,0.73,OK
F12037,2027-02-12 10:40,G5,40.4,2,38.4,-11.8,0.72,OK
F12038,2027-02-12 10:40,G6,232.4,187,45.4,-11.8,0.71,OK
F12039,2027-02-12 10:40,G7,21.0,-2,23.0,-11.8,0.71,OK
F12040,2027-02-12 10:40,G8,9.9,0,9.9,-11.8,0.70,OK
F12041,2027-02-12 10:50,G1,-10.1,0,-10.1,-11.6,0.21,OK
F12042,2027-02-12 10:50,G2,-9.4,1,-10.4,-11.6,0.17,OK
F12043,2027-02-12 10:50,G3,-12.2,-1,-11.2,-11.6,0.18,OK
F12044,2027-02-12 10:50,G4,-15.1,0,-15.1,-11.6,0.21,OK
F12045,2027-02-12 10:50,G5,-16.5,2,-18.5,-11.6,0.17,OK
F12046,2027-02-12 10:50,G6,166.4,187,-20.6,-11.6,0.22,OK
F12047,2027-02-12 10:50,G7,-22.4,-2,-20.4,-11.6,0.22,OK
F12048,2027-02-12 10:50,G8,-19.4,0,-19.4,-11.6,0.21,OK
F12049,2027-02-12 11:00,G1,23.6,0,23.6,-11.4,1.08,OK
F12050,2027-02-12 11:00,G2,36.1,1,35.1,-11.4,1.05,OK
F12051,2027-02-12 11:00,G3,38.9,-1,39.9,-11.4,1.05,OK
F12052,2027-02-12 11:00,G4,53.9,0,53.9,-11.4,1.10,OK
F12053,2027-02-12 11:00,G5,72.7,2,70.7,-11.4,1.07,OK
F12054,2027-02-12 11:00,G6,269.6,187,82.6,-11.4,1.05,OK
F12055,2027-02-12 11:00,G7,45.1,-2,47.1,-11.4,1.11,OK
F12056,2027-02-12 11:00,G8,23.7,0,23.7,-11.4,1.11,OK
F12057,2027-02-12 11:10,G1,-15.0,0,-15.0,-11.3,0.19,OK
F12058,2027-02-12 11:10,G2,-16.3,1,-17.3,-11.3,0.24,OK
F12059,2027-02-12 11:10,G3,-13.3,-1,-12.3,-11.3,0.20,OK
F12060,2027-02-12 11:10,G4,-18.0,0,-18.0,-11.3,0.21,OK
F12061,2027-02-12 11:10,G5,-11.4,2,-13.4,-11.3,0.23,OK
F12062,2027-02-12 11:10,G6,169.1,187,-17.9,-11.3,0.19,OK
F12063,2027-02-12 11:10,G7,-18.3,-2,-16.3,-11.3,0.18,OK
F12064,2027-02-12 11:10,G8,-22.8,0,-22.8,-11.3,0.21,OK
F12065,2027-02-12 11:20,G1,4.1,0,4.1,-11.1,0.63,OK
F12066,2027-02-12 11:20,G2,8.2,1,7.2,-11.1,0.63,OK
F12067,2027-02-12 11:20,G3,15.5,-1,16.5,-11.1,0.64,OK
F12068,2027-02-12 11:20,G4,15.8,0,15.8,-11.1,0.59,OK
F12069,2027-02-12 11:20,G5,31.9,2,29.9,-11.1,0.64,OK
F12070,2027-02-12 11:20,G6,214.5,187,27.5,-11.1,0.64,OK
F12071,2027-02-12 11:20,G7,8.4,-2,10.4,-11.1,0.65,OK
F12072,2027-02-12 11:20,G8,6.4,0,6.4,-11.1,0.61,OK
F12073,2027-02-12 11:30,G1,-13.5,0,-13.5,-10.9,0.19,OK
F12074,2027-02-12 11:30,G2,-13.0,1,-14.0,-10.9,0.18,OK
F12075,2027-02-12 11:30,G3,-13.7,-1,-12.7,-10.9,0.20,OK
F12076,2027-02-12 11:30,G4,-12.3,0,-12.3,-10.9,0.22,OK
F12077,2027-02-12 11:30,G5,-8.7,2,-10.7,-10.9,0.16,OK
F12078,2027-02-12 11:30,G6,171.5,187,-15.5,-10.9,0.23,OK
F12079,2027-02-12 11:30,G7,-21.5,-2,-19.5,-10.9,0.21,OK
F12080,2027-02-12 11:30,G8,-16.8,0,-16.8,-10.9,0.19,OK
F12081,2027-02-12 11:40,G1,16.3,0,16.3,-10.6,0.76,OK
F12082,2027-02-12 11:40,G2,18.6,1,17.6,-10.6,0.80,OK
F12083,2027-02-12 11:40,G3,20.3,-1,21.3,-10.6,0.78,OK
F12084,2027-02-12 11:40,G4,30.5,0,30.5,-10.6,0.78,OK
F12085,2027-02-12 11:40,G5,45.4,2,43.4,-10.6,0.83,OK
F12086,2027-02-12 11:40,G6,241.1,187,54.1,-10.6,0.79,OK
F12087,2027-02-12 11:40,G7,21.3,-2,23.3,-10.6,0.76,OK
F12088,2027-02-12 11:40,G8,9.8,0,9.8,-10.6,0.79,OK
F12089,2027-02-12 11:50,G1,-8.2,0,-8.2,-10.4,0.16,OK
F12090,2027-02-12 11:50,G2,-15.5,1,-16.5,-10.4,0.23,OK
F12091,2027-02-12 11:50,G3,-10.4,-1,-9.4,-10.4,0.18,OK
F12092,2027-02-12 11:50,G4,-13.6,0,-13.6,-10.4,0.24,OK
F12093,2027-02-12 11:50,G5,-11.2,2,-13.2,-10.4,0.17,OK
F12094,2027-02-12 11:50,G6,171.4,187,-15.6,-10.4,0.18,OK
F12095,2027-02-12 11:50,G7,-19.6,-2,-17.6,-10.4,0.22,OK
F12096,2027-02-12 11:50,G8,-14.1,0,-14.1,-10.4,0.17,OK
F12097,2027-02-12 12:00,G1,-1.7,0,-1.7,-10.2,0.47,OK
F12098,2027-02-12 12:00,G2,4.8,1,3.8,-10.2,0.47,OK
F12099,2027-02-12 12:00,G3,9.4,-1,10.4,-10.2,0.48,OK
F12100,2027-02-12 12:00,G4,8.7,0,8.7,-10.2,0.53,OK
F12101,2027-02-12 12:00,G5,21.2,2,19.2,-10.2,0.50,OK
F12102,2027-02-12 12:00,G6,204.8,187,17.8,-10.2,0.52,OK
F12103,2027-02-12 12:00,G7,4.8,-2,6.8,-10.2,0.48,OK
F12104,2027-02-12 12:00,G8,-4.7,0,-4.7,-10.2,0.47,OK
F12105,2027-02-12 12:10,G1,-12.7,0,-12.7,-10.0,0.24,OK
F12106,2027-02-12 12:10,G2,-13.6,1,-14.6,-10.0,0.21,OK
F12107,2027-02-12 12:10,G3,-14.8,-1,-13.8,-10.0,0.20,OK
F12108,2027-02-12 12:10,G4,-11.2,0,-11.2,-10.0,0.22,OK
F12109,2027-02-12 12:10,G5,-8.8,2,-10.8,-10.0,0.23,OK
F12110,2027-02-12 12:10,G6,173.1,187,-13.9,-10.0,0.22,OK
F12111,2027-02-12 12:10,G7,-20.5,-2,-18.5,-10.0,0.19,OK
F12112,2027-02-12 12:10,G8,-16.3,0,-16.3,-10.0,0.23,OK
F12113,2027-02-12 12:20,G1,9.4,0,9.4,-9.7,0.70,OK
F12114,2027-02-12 12:20,G2,19.0,1,18.0,-9.7,0.65,OK
F12115,2027-02-12 12:20,G3,15.8,-1,16.8,-9.7,0.69,OK
F12116,2027-02-12 12:20,G4,27.6,0,27.6,-9.7,0.65,OK
F12117,2027-02-12 12:20,G5,36.5,2,34.5,-9.7,0.65,OK
F12118,2027-02-12 12:20,G6,232.4,187,45.4,-9.7,0.68,OK
F12119,2027-02-12 12:20,G7,21.7,-2,23.7,-9.7,0.66,OK
F12120,2027-02-12 12:20,G8,10.1,0,10.1,-9.7,0.65,OK
F12121,2027-02-12 12:30,G1,-7.0,0,-7.0,-9.5,0.22,OK
F12122,2027-02-12 12:30,G2,-11.0,1,-12.0,-9.5,0.22,OK
F12123,2027-02-12 12:30,G3,-11.4,-1,-10.4,-9.5,0.22,OK
F12124,2027-02-12 12:30,G4,-11.2,0,-11.2,-9.5,0.17,OK
F12125,2027-02-12 12:30,G5,-10.8,2,-12.8,-9.5,0.22,OK
F12126,2027-02-12 12:30,G6,171.0,187,-16.0,-9.5,0.23,OK
F12127,2027-02-12 12:30,G7,-11.2,-2,-9.2,-9.5,0.20,OK
F12128,2027-02-12 12:30,G8,-16.6,0,-16.6,-9.5,0.20,OK
F12129,2027-02-12 12:40,G1,18.8,0,18.8,-9.3,0.86,OK
F12130,2027-02-12 12:40,G2,25.1,1,24.1,-9.3,0.86,OK
F12131,2027-02-12 12:40,G3,34.9,-1,35.9,-9.3,0.84,OK
F12132,2027-02-12 12:40,G4,46.9,0,46.9,-9.3,0.87,OK
F12133,2027-02-12 12:40,G5,51.0,2,49.0,-9.3,0.86,OK
F12134,2027-02-12 12:40,G6,248.2,187,61.2,-9.3,0.88,OK
F12135,2027-02-12 12:40,G7,30.2,-2,32.2,-9.3,0.88,OK
F12136,2027-02-12 12:40,G8,20.2,0,20.2,-9.3,0.88,OK
F12137,2027-02-12 12:50,G1,-11.9,0,-11.9,-9.0,0.21,OK
F12138,2027-02-12 12:50,G2,-6.3,1,-7.3,-9.0,0.17,OK
F12139,2027-02-12 12:50,G3,-13.9,-1,-12.9,-9.0,0.23,OK
F12140,2027-02-12 12:50,G4,-8.4,0,-8.4,-9.0,0.18,OK
F12141,2027-02-12 12:50,G5,-7.6,2,-9.6,-9.0,0.21,OK
F12142,2027-02-12 12:50,G6,172.7,187,-14.3,-9.0,0.24,OK
F12143,2027-02-12 12:50,G7,-9.4,-2,-7.4,-9.0,0.24,OK
F12144,2027-02-12 12:50,G8,-10.5,0,-10.5,-9.0,0.21,OK
F12145,2027-02-12 13:00,G1,6.2,0,6.2,-8.8,0.54,OK
F12146,2027-02-12 13:00,G2,15.5,1,14.5,-8.8,0.59,OK
F12147,2027-02-12 13:00,G3,9.7,-1,10.7,-8.8,0.53,OK
F12148,2027-02-12 13:00,G4,20.1,0,20.1,-8.8,0.56,OK
F12149,2027-02-12 13:00,G5,27.7,2,25.7,-8.8,0.56,OK
F12150,2027-02-12 13:00,G6,216.4,187,29.4,-8.8,0.59,OK
F12151,2027-02-12 13:00,G7,16.1,-2,18.1,-8.8,0.55,OK
F12152,2027-02-12 13:00,G8,11.3,0,11.3,-8.8,0.58,OK
F12153,2027-02-12 13:10,G1,-8.2,0,-8.2,-8.5,0.18,OK
F12154,2027-02-12 13:10,G2,-7.3,1,-8.3,-8.5,0.18,OK
F12155,2027-02-12 13:10,G3,-8.2,-1,-7.2,-8.5,0.23,OK
F12156,2027-02-12 13:10,G4,-6.8,0,-6.8,-8.5,0.22,OK
F12157,2027-02-12 13:10,G5,-8.5,2,-10.5,-8.5,0.20,OK
F12158,2027-02-12 13:10,G6,178.6,187,-8.4,-8.5,0.23,OK
F12159,2027-02-12 13:10,G7,-7.7,-2,-5.7,-8.5,0.18,OK
F12160,2027-02-12 13:10,G8,-11.2,0,-11.2,-8.5,0.20,OK
F12161,2027-02-12 13:20,G1,15.5,0,15.5,-8.2,0.72,OK
F12162,2027-02-12 13:20,G2,27.0,1,26.0,-8.2,0.72,OK
F12163,2027-02-12 13:20,G3,30.5,-1,31.5,-8.2,0.70,OK
F12164,2027-02-12 13:20,G4,34.1,0,34.1,-8.2,0.71,OK
F12165,2027-02-12 13:20,G5,50.4,2,48.4,-8.2,0.78,OK
F12166,2027-02-12 13:20,G6,240.3,187,53.3,-8.2,0.75,OK
F12167,2027-02-12 13:20,G7,32.6,-2,34.6,-8.2,0.75,OK
F12168,2027-02-12 13:20,G8,20.6,0,20.6,-8.2,0.77,OK
F12169,2027-02-12 13:30,G1,-4.3,0,-4.3,-8.0,0.20,OK
F12170,2027-02-12 13:30,G2,-4.7,1,-5.7,-8.0,0.20,OK
F12171,2027-02-12 13:30,G3,-4.6,-1,-3.6,-8.0,0.23,OK
F12172,2027-02-12 13:30,G4,-9.1,0,-9.1,-8.0,0.17,OK
F12173,2027-02-12 13:30,G5,-3.3,2,-5.3,-8.0,0.24,OK
F12174,2027-02-12 13:30,G6,182.4,187,-4.6,-8.0,0.23,OK
F12175,2027-02-12 13:30,G7,-8.2,-2,-6.2,-8.0,0.17,OK
F12176,2027-02-12 13:30,G8,-10.5,0,-10.5,-8.0,0.18,OK
F12177,2027-02-12 13:40,G1,27.7,0,27.7,-7.7,0.90,OK
F12178,2027-02-12 13:40,G2,36.4,1,35.4,-7.7,0.89,OK
F12179,2027-02-12 13:40,G3,39.1,-1,40.1,-7.7,0.93,OK
F12180,2027-02-12 13:40,G4,53.7,0,53.7,-7.7,0.93,OK
F12181,2027-02-12 13:40,G5,61.9,2,59.9,-7.7,0.90,OK
F12182,2027-02-12 13:40,G6,261.7,187,74.7,-7.7,0.91,OK
F12183,2027-02-12 13:40,G7,42.8,-2,44.8,-7.7,0.94,OK
F12184,2027-02-12 13:40,G8,27.9,0,27.9,-7.7,0.88,OK
F12185,2027-02-12 13:50,G1,-5.3,0,-5.3,-7.5,0.17,OK
F12186,2027-02-12 13:50,G2,-5.9,1,-6.9,-7.5,0.21,OK
F12187,2027-02-12 13:50,G3,-3.1,-1,-2.1,-7.5,0.22,OK
F12188,2027-02-12 13:50,G4,-7.6,0,-7.6,-7.5,0.19,OK
F12189,2027-02-12 13:50,G5,-6.5,2,-8.5,-7.5,0.18,OK
F12190,2027-02-12 13:50,G6,182.8,187,-4.2,-7.5,0.22,OK
F12191,2027-02-12 13:50,G7,-13.2,-2,-11.2,-7.5,0.20,OK
F12192,2027-02-12 13:50,G8,-6.0,0,-6.0,-7.5,0.17,OK
F12193,2027-02-12 14:00,G1,10.2,0,10.2,-7.2,0.61,OK
F16281,2027-02-12 14:00,G1,10.2,0,10.2,-7.2,0.61,OK
F12194,2027-02-12 14:00,G2,18.3,1,17.3,-7.2,0.62,OK
F16282,2027-02-12 14:00,G2,18.3,1,17.3,-7.2,0.62,OK
F12195,2027-02-12 14:00,G3,17.4,-1,18.4,-7.2,0.62,OK
F16283,2027-02-12 14:00,G3,17.4,-1,18.4,-7.2,0.62,OK
F12196,2027-02-12 14:00,G4,28.7,0,28.7,-7.2,0.62,OK
F16284,2027-02-12 14:00,G4,28.7,0,28.7,-7.2,0.62,OK
F12197,2027-02-12 14:00,G5,40.6,2,38.6,-7.2,0.63,OK
F16285,2027-02-12 14:00,G5,40.6,2,38.6,-7.2,0.63,OK
F12198,2027-02-12 14:00,G6,225.9,187,38.9,-7.2,0.63,OK
F16286,2027-02-12 14:00,G6,225.9,187,38.9,-7.2,0.63,OK
F12199,2027-02-12 14:00,G7,23.9,-2,25.9,-7.2,0.65,OK
F16287,2027-02-12 14:00,G7,23.9,-2,25.9,-7.2,0.65,OK
F12200,2027-02-12 14:00,G8,11.9,0,11.9,-7.2,0.61,OK
F16288,2027-02-12 14:00,G8,11.9,0,11.9,-7.2,0.61,OK
F12201,2027-02-12 14:10,G1,-4.6,0,-4.6,-6.9,0.17,OK
F16289,2027-02-12 14:10,G1,-4.6,0,-4.6,-6.9,0.17,OK
F12202,2027-02-12 14:10,G2,-3.6,1,-4.6,-6.9,0.20,OK
F16290,2027-02-12 14:10,G2,-3.6,1,-4.6,-6.9,0.20,OK
F12203,2027-02-12 14:10,G3,-9.0,-1,-8.0,-6.9,0.21,OK
F16291,2027-02-12 14:10,G3,-9.0,-1,-8.0,-6.9,0.21,OK
F12204,2027-02-12 14:10,G4,-4.2,0,-4.2,-6.9,0.22,OK
F16292,2027-02-12 14:10,G4,-4.2,0,-4.2,-6.9,0.22,OK
F12205,2027-02-12 14:10,G5,-0.1,2,-2.1,-6.9,0.17,OK
F16293,2027-02-12 14:10,G5,-0.1,2,-2.1,-6.9,0.17,OK
F12206,2027-02-12 14:10,G6,178.2,187,-8.8,-6.9,0.17,OK
F16294,2027-02-12 14:10,G6,178.2,187,-8.8,-6.9,0.17,OK
F12207,2027-02-12 14:10,G7,-6.6,-2,-4.6,-6.9,0.22,OK
F16295,2027-02-12 14:10,G7,-6.6,-2,-4.6,-6.9,0.22,OK
F12208,2027-02-12 14:10,G8,-4.3,0,-4.3,-6.9,0.20,OK
F16296,2027-02-12 14:10,G8,-4.3,0,-4.3,-6.9,0.20,OK
F12209,2027-02-12 14:20,G1,24.2,0,24.2,-6.7,0.77,OK
F16297,2027-02-12 14:20,G1,24.2,0,24.2,-6.7,0.77,OK
F12210,2027-02-12 14:20,G2,32.5,1,31.5,-6.7,0.83,OK
F16298,2027-02-12 14:20,G2,32.5,1,31.5,-6.7,0.83,OK
F12211,2027-02-12 14:20,G3,30.9,-1,31.9,-6.7,0.76,OK
F16299,2027-02-12 14:20,G3,30.9,-1,31.9,-6.7,0.76,OK
F12212,2027-02-12 14:20,G4,48.6,0,48.6,-6.7,0.76,OK
F16300,2027-02-12 14:20,G4,48.6,0,48.6,-6.7,0.76,OK
F12213,2027-02-12 14:20,G5,61.4,2,59.4,-6.7,0.83,OK
F16301,2027-02-12 14:20,G5,61.4,2,59.4,-6.7,0.83,OK
F12214,2027-02-12 14:20,G6,248.2,187,61.2,-6.7,0.76,OK
F16302,2027-02-12 14:20,G6,248.2,187,61.2,-6.7,0.76,OK
F12215,2027-02-12 14:20,G7,40.5,-2,42.5,-6.7,0.82,OK
F16303,2027-02-12 14:20,G7,40.5,-2,42.5,-6.7,0.82,OK
F12216,2027-02-12 14:20,G8,22.2,0,22.2,-6.7,0.78,OK
F16304,2027-02-12 14:20,G8,22.2,0,22.2,-6.7,0.78,OK
F12217,2027-02-12 14:30,G1,-3.0,0,-3.0,-6.4,0.24,OK
F16305,2027-02-12 14:30,G1,-3.0,0,-3.0,-6.4,0.24,OK
F12218,2027-02-12 14:30,G2,-2.1,1,-3.1,-6.4,0.22,OK
F16306,2027-02-12 14:30,G2,-2.1,1,-3.1,-6.4,0.22,OK
F12219,2027-02-12 14:30,G3,-5.7,-1,-4.7,-6.4,0.22,OK
F16307,2027-02-12 14:30,G3,-5.7,-1,-4.7,-6.4,0.22,OK
F12220,2027-02-12 14:30,G4,-7.4,0,-7.4,-6.4,0.22,OK
F16308,2027-02-12 14:30,G4,-7.4,0,-7.4,-6.4,0.22,OK
F12221,2027-02-12 14:30,G5,-3.1,2,-5.1,-6.4,0.22,OK
F16309,2027-02-12 14:30,G5,-3.1,2,-5.1,-6.4,0.22,OK
F12222,2027-02-12 14:30,G6,181.5,187,-5.5,-6.4,0.17,OK
F16310,2027-02-12 14:30,G6,181.5,187,-5.5,-6.4,0.17,OK
F12223,2027-02-12 14:30,G7,-5.1,-2,-3.1,-6.4,0.19,OK
F16311,2027-02-12 14:30,G7,-5.1,-2,-3.1,-6.4,0.19,OK
F12224,2027-02-12 14:30,G8,-4.3,0,-4.3,-6.4,0.21,OK
F16312,2027-02-12 14:30,G8,-4.3,0,-4.3,-6.4,0.21,OK
F12225,2027-02-12 14:40,G1,32.2,0,32.2,-6.2,0.99,OK
F16313,2027-02-12 14:40,G1,32.2,0,32.2,-6.2,0.99,OK
F12226,2027-02-12 14:40,G2,43.6,1,42.6,-6.2,0.95,OK
F16314,2027-02-12 14:40,G2,43.6,1,42.6,-6.2,0.95,OK
F12227,2027-02-12 14:40,G3,49.5,-1,50.5,-6.2,0.99,OK
F16315,2027-02-12 14:40,G3,49.5,-1,50.5,-6.2,0.99,OK
F12228,2027-02-12 14:40,G4,60.5,0,60.5,-6.2,0.93,OK
F16316,2027-02-12 14:40,G4,60.5,0,60.5,-6.2,0.93,OK
F12229,2027-02-12 14:40,G5,72.5,2,70.5,-6.2,0.96,OK
F16317,2027-02-12 14:40,G5,72.5,2,70.5,-6.2,0.96,OK
F12230,2027-02-12 14:40,G6,270.0,187,83.0,-6.2,1.00,OK
F16318,2027-02-12 14:40,G6,270.0,187,83.0,-6.2,1.00,OK
F12231,2027-02-12 14:40,G7,47.4,-2,49.4,-6.2,0.94,OK
F16319,2027-02-12 14:40,G7,47.4,-2,49.4,-6.2,0.94,OK
F12232,2027-02-12 14:40,G8,34.8,0,34.8,-6.2,0.97,OK
F16320,2027-02-12 14:40,G8,34.8,0,34.8,-6.2,0.97,OK
F12233,2027-02-12 14:50,G1,2.0,0,2.0,-5.9,0.18,OK
F16321,2027-02-12 14:50,G1,2.0,0,2.0,-5.9,0.18,OK
F12234,2027-02-12 14:50,G2,-3.3,1,-4.3,-5.9,0.18,OK
F16322,2027-02-12 14:50,G2,-3.3,1,-4.3,-5.9,0.18,OK
F12235,2027-02-12 14:50,G3,-2.8,-1,-1.8,-5.9,0.18,OK
F16323,2027-02-12 14:50,G3,-2.8,-1,-1.8,-5.9,0.18,OK
F12236,2027-02-12 14:50,G4,-6.4,0,-6.4,-5.9,0.20,OK
F16324,2027-02-12 14:50,G4,-6.4,0,-6.4,-5.9,0.20,OK
F12237,2027-02-12 14:50,G5,-2.6,2,-4.6,-5.9,0.20,OK
F16325,2027-02-12 14:50,G5,-2.6,2,-4.6,-5.9,0.20,OK
F12238,2027-02-12 14:50,G6,186.7,187,-0.3,-5.9,0.16,OK
F16326,2027-02-12 14:50,G6,186.7,187,-0.3,-5.9,0.16,OK
F12239,2027-02-12 14:50,G7,-7.0,-2,-5.0,-5.9,0.24,OK
F16327,2027-02-12 14:50,G7,-7.0,-2,-5.0,-5.9,0.24,OK
F12240,2027-02-12 14:50,G8,-3.2,0,-3.2,-5.9,0.23,OK
F16328,2027-02-12 14:50,G8,-3.2,0,-3.2,-5.9,0.23,OK
F12241,2027-02-12 15:00,G1,21.5,0,21.5,-5.6,0.65,OK
F16329,2027-02-12 15:00,G1,21.5,0,21.5,-5.6,0.65,OK
F12242,2027-02-12 15:00,G2,24.4,1,23.4,-5.6,0.69,OK
F16330,2027-02-12 15:00,G2,24.4,1,23.4,-5.6,0.69,OK
F12243,2027-02-12 15:00,G3,33.9,-1,34.9,-5.6,0.68,OK
F16331,2027-02-12 15:00,G3,33.9,-1,34.9,-5.6,0.68,OK
F12244,2027-02-12 15:00,G4,41.3,0,41.3,-5.6,0.71,OK
F16332,2027-02-12 15:00,G4,41.3,0,41.3,-5.6,0.71,OK
F12245,2027-02-12 15:00,G5,51.0,2,49.0,-5.6,0.69,OK
F16333,2027-02-12 15:00,G5,51.0,2,49.0,-5.6,0.69,OK
F12246,2027-02-12 15:00,G6,243.0,187,56.0,-5.6,0.73,OK
F16334,2027-02-12 15:00,G6,243.0,187,56.0,-5.6,0.73,OK
F12247,2027-02-12 15:00,G7,31.5,-2,33.5,-5.6,0.66,OK
F16335,2027-02-12 15:00,G7,31.5,-2,33.5,-5.6,0.66,OK
F12248,2027-02-12 15:00,G8,20.5,0,20.5,-5.6,0.66,OK
F16336,2027-02-12 15:00,G8,20.5,0,20.5,-5.6,0.66,OK
F12249,2027-02-12 15:10,G1,-3.8,0,-3.8,-5.4,0.16,OK
F12250,2027-02-12 15:10,G2,0.9,1,-0.1,-5.4,0.19,OK
F12251,2027-02-12 15:10,G3,-4.7,-1,-3.7,-5.4,0.20,OK
F12252,2027-02-12 15:10,G4,0.8,0,0.8,-5.4,0.20,OK
F12253,2027-02-12 15:10,G5,1.9,2,-0.1,-5.4,0.21,OK
F12254,2027-02-12 15:10,G6,187.6,187,0.6,-5.4,0.16,OK
F12255,2027-02-12 15:10,G7,-6.0,-2,-4.0,-5.4,0.20,OK
F12256,2027-02-12 15:10,G8,-4.8,0,-4.8,-5.4,0.18,OK
F12257,2027-02-12 15:20,G1,26.8,0,26.8,-5.1,0.87,OK
F12258,2027-02-12 15:20,G2,35.0,1,34.0,-5.1,0.88,OK
F12259,2027-02-12 15:20,G3,42.3,-1,43.3,-5.1,0.83,OK
F12260,2027-02-12 15:20,G4,57.3,0,57.3,-5.1,0.85,OK
F12261,2027-02-12 15:20,G5,71.3,2,69.3,-5.1,0.83,OK
F12262,2027-02-12 15:20,G6,258.5,187,71.5,-5.1,0.83,OK
F12263,2027-02-12 15:20,G7,44.9,-2,46.9,-5.1,0.83,OK
F12264,2027-02-12 15:20,G8,33.6,0,33.6,-5.1,0.85,OK
F12265,2027-02-12 15:30,G1,-1.2,0,-1.2,-4.9,0.19,OK
F12266,2027-02-12 15:30,G2,-2.4,1,-3.4,-4.9,0.20,OK
F12267,2027-02-12 15:30,G3,-3.3,-1,-2.3,-4.9,0.21,OK
F12268,2027-02-12 15:30,G4,2.1,0,2.1,-4.9,0.24,OK
F12269,2027-02-12 15:30,G5,5.1,2,3.1,-4.9,0.19,OK
F12270,2027-02-12 15:30,G6,185.9,187,-1.1,-4.9,0.23,OK
F12271,2027-02-12 15:30,G7,-1.7,-2,0.3,-4.9,0.22,OK
F12272,2027-02-12 15:30,G8,2.2,0,2.2,-4.9,0.21,OK
F12273,2027-02-12 15:40,G1,34.8,0,34.8,-4.7,1.03,OK
F12274,2027-02-12 15:40,G2,46.5,1,45.5,-4.7,1.03,OK
F12275,2027-02-12 15:40,G3,52.2,-1,53.2,-4.7,1.00,OK
F12276,2027-02-12 15:40,G4,67.9,0,67.9,-4.7,1.01,OK
F12277,2027-02-12 15:40,G5,86.5,2,84.5,-4.7,1.00,OK
F12278,2027-02-12 15:40,G6,282.9,187,95.9,-4.7,1.06,OK
F12279,2027-02-12 15:40,G7,63.2,-2,65.2,-4.7,1.02,OK
F12280,2027-02-12 15:40,G8,45.0,0,45.0,-4.7,1.03,OK
F12281,2027-02-12 15:50,G1,2.0,0,2.0,-4.4,0.20,OK
F12282,2027-02-12 15:50,G2,-1.0,1,-2.0,-4.4,0.23,OK
F12283,2027-02-12 15:50,G3,3.8,-1,4.8,-4.4,0.16,OK
F12284,2027-02-12 15:50,G4,3.0,0,3.0,-4.4,0.20,OK
F12285,2027-02-12 15:50,G5,2.2,2,0.2,-4.4,0.21,OK
F12286,2027-02-12 15:50,G6,186.1,187,-0.9,-4.4,0.23,OK
F12287,2027-02-12 15:50,G7,-4.3,-2,-2.3,-4.4,0.20,OK
F12288,2027-02-12 15:50,G8,0.7,0,0.7,-4.4,0.18,OK
F12289,2027-02-12 16:00,G1,27.2,0,27.2,-4.2,0.75,OK
F12290,2027-02-12 16:00,G2,32.2,1,31.2,-4.2,0.74,OK
F12291,2027-02-12 16:00,G3,41.3,-1,42.3,-4.2,0.76,OK
F12292,2027-02-12 16:00,G4,44.7,0,44.7,-4.2,0.76,OK
F12293,2027-02-12 16:00,G5,59.5,2,57.5,-4.2,0.73,OK
F12294,2027-02-12 16:00,G6,251.4,187,64.4,-4.2,0.71,OK
F12295,2027-02-12 16:00,G7,37.7,-2,39.7,-4.2,0.72,OK
F12296,2027-02-12 16:00,G8,28.2,0,28.2,-4.2,0.78,OK
F12297,2027-02-12 16:10,G1,0.2,0,0.2,-4.0,0.19,OK
F12298,2027-02-12 16:10,G2,7.1,1,6.1,-4.0,0.18,OK
F12299,2027-02-12 16:10,G3,1.6,-1,2.6,-4.0,0.19,OK
F12300,2027-02-12 16:10,G4,0.6,0,0.6,-4.0,0.22,OK
F12301,2027-02-12 16:10,G5,0.5,2,-1.5,-4.0,0.23,OK
F12302,2027-02-12 16:10,G6,188.7,187,1.7,-4.0,0.21,OK
F12303,2027-02-12 16:10,G7,1.8,-2,3.8,-4.0,0.19,OK
F12304,2027-02-12 16:10,G8,2.5,0,2.5,-4.0,0.17,OK
F12305,2027-02-12 16:20,G1,32.5,0,32.5,-3.8,0.94,OK
F12306,2027-02-12 16:20,G2,41.0,1,40.0,-3.8,0.96,OK
F12307,2027-02-12 16:20,G3,52.4,-1,53.4,-3.8,0.96,OK
F12308,2027-02-12 16:20,G4,60.1,0,60.1,-3.8,0.91,OK
F12309,2027-02-12 16:20,G5,76.4,2,74.4,-3.8,0.91,OK
F12310,2027-02-12 16:20,G6,272.1,187,85.1,-3.8,0.90,OK
F12311,2027-02-12 16:20,G7,55.0,-2,57.0,-3.8,0.94,OK
F12312,2027-02-12 16:20,G8,41.8,0,41.8,-3.8,0.95,OK
F12313,2027-02-12 16:30,G1,4.4,0,4.4,-3.5,0.17,OK
F12314,2027-02-12 16:30,G2,8.3,1,7.3,-3.5,0.23,OK
F12315,2027-02-12 16:30,G3,0.5,-1,1.5,-3.5,0.19,OK
F12316,2027-02-12 16:30,G4,2.2,0,2.2,-3.5,0.18,OK
F12317,2027-02-12 16:30,G5,4.4,2,2.4,-3.5,0.18,OK
F12318,2027-02-12 16:30,G6,193.9,187,6.9,-3.5,0.17,OK
F12319,2027-02-12 16:30,G7,-0.9,-2,1.1,-3.5,0.21,OK
F12320,2027-02-12 16:30,G8,1.8,0,1.8,-3.5,0.19,OK
F12321,2027-02-12 16:40,G1,38.7,0,38.7,-3.3,1.12,OK
F12322,2027-02-12 16:40,G2,56.7,1,55.7,-3.3,1.13,OK
F12323,2027-02-12 16:40,G3,61.9,-1,62.9,-3.3,1.08,OK
F12324,2027-02-12 16:40,G4,80.0,0,80.0,-3.3,1.06,OK
F12325,2027-02-12 16:40,G5,94.2,2,92.2,-3.3,1.12,OK
F12326,2027-02-12 16:40,G6,294.2,187,107.2,-3.3,1.11,OK
F12327,2027-02-12 16:40,G7,71.6,-2,73.6,-3.3,1.10,OK
F12328,2027-02-12 16:40,G8,48.3,0,48.3,-3.3,1.14,OK
F12329,2027-02-12 16:50,G1,5.1,0,5.1,-3.1,0.20,OK
F12330,2027-02-12 16:50,G2,4.2,1,3.2,-3.1,0.23,OK
F12331,2027-02-12 16:50,G3,2.4,-1,3.4,-3.1,0.20,OK
F12332,2027-02-12 16:50,G4,3.4,0,3.4,-3.1,0.21,OK
F12333,2027-02-12 16:50,G5,7.2,2,5.2,-3.1,0.24,OK
F12334,2027-02-12 16:50,G6,190.2,187,3.2,-3.1,0.22,OK
F12335,2027-02-12 16:50,G7,0.4,-2,2.4,-3.1,0.22,OK
F12336,2027-02-12 16:50,G8,5.8,0,5.8,-3.1,0.18,OK
F12337,2027-02-12 17:00,G1,29.6,0,29.6,-3.0,0.83,OK
F12338,2027-02-12 17:00,G2,42.7,1,41.7,-3.0,0.82,OK
F12339,2027-02-12 17:00,G3,47.6,-1,48.6,-3.0,0.84,OK
F12340,2027-02-12 17:00,G4,59.8,0,59.8,-3.0,0.78,OK
F12341,2027-02-12 17:00,G5,70.7,2,68.7,-3.0,0.77,OK
F12342,2027-02-12 17:00,G6,258.2,187,71.2,-3.0,0.79,OK
F12343,2027-02-12 17:00,G7,48.4,-2,50.4,-3.0,0.81,OK
F12344,2027-02-12 17:00,G8,33.9,0,33.9,-3.0,0.79,OK
F12345,2027-02-12 17:10,G1,5.2,0,5.2,-2.8,0.21,OK
F12346,2027-02-12 17:10,G2,5.3,1,4.3,-2.8,0.19,OK
F12347,2027-02-12 17:10,G3,4.1,-1,5.1,-2.8,0.22,OK
F12348,2027-02-12 17:10,G4,9.6,0,9.6,-2.8,0.16,OK
F12349,2027-02-12 17:10,G5,11.2,2,9.2,-2.8,0.16,OK
F12350,2027-02-12 17:10,G6,194.5,187,7.5,-2.8,0.17,OK
F12351,2027-02-12 17:10,G7,7.7,-2,9.7,-2.8,0.19,OK
F12352,2027-02-12 17:10,G8,10.2,0,10.2,-2.8,0.20,OK
F12353,2027-02-12 17:20,G1,35.8,0,35.8,-2.6,0.96,OK
F12354,2027-02-12 17:20,G2,53.0,1,52.0,-2.6,1.01,OK
F12355,2027-02-12 17:20,G3,60.4,-1,61.4,-2.6,0.95,OK
F12356,2027-02-12 17:20,G4,66.3,0,66.3,-2.6,0.99,OK
F12357,2027-02-12 17:20,G5,89.4,2,87.4,-2.6,0.98,OK
F12358,2027-02-12 17:20,G6,284.1,187,97.1,-2.6,1.00,OK
F12359,2027-02-12 17:20,G7,61.0,-2,63.0,-2.6,1.02,OK
F12360,2027-02-12 17:20,G8,42.0,0,42.0,-2.6,0.99,OK
F12361,2027-02-12 17:30,G1,3.6,0,3.6,-2.4,0.23,OK
F12362,2027-02-12 17:30,G2,4.9,1,3.9,-2.4,0.16,OK
F12363,2027-02-12 17:30,G3,7.2,-1,8.2,-2.4,0.20,OK
F12364,2027-02-12 17:30,G4,2.6,0,2.6,-2.4,0.18,OK
F12365,2027-02-12 17:30,G5,10.8,2,8.8,-2.4,0.21,OK
F12366,2027-02-12 17:30,G6,191.3,187,4.3,-2.4,0.23,OK
F12367,2027-02-12 17:30,G7,8.3,-2,10.3,-2.4,0.23,OK
F12368,2027-02-12 17:30,G8,4.8,0,4.8,-2.4,0.17,OK
F12369,2027-02-12 17:40,G1,20.4,0,20.4,-2.3,0.49,OK
F12370,2027-02-12 17:40,G2,28.5,1,27.5,-2.3,0.51,OK
F12371,2027-02-12 17:40,G3,22.7,-1,23.7,-2.3,0.53,OK
F12372,2027-02-12 17:40,G4,35.5,0,35.5,-2.3,0.55,OK
F12373,2027-02-12 17:40,G5,44.4,2,42.4,-2.3,0.50,OK
F12374,2027-02-12 17:40,G6,236.8,187,49.8,-2.3,0.57,OK
F12375,2027-02-12 17:40,G7,30.2,-2,32.2,-2.3,0.50,OK
F12376,2027-02-12 17:40,G8,23.4,0,23.4,-2.3,0.50,OK
F12377,2027-02-12 17:50,G1,7.7,0,7.7,-2.1,0.19,OK
F12378,2027-02-12 17:50,G2,4.4,1,3.4,-2.1,0.22,OK
F12379,2027-02-12 17:50,G3,5.5,-1,6.5,-2.1,0.17,OK
F12380,2027-02-12 17:50,G4,11.1,0,11.1,-2.1,0.22,OK
F12381,2027-02-12 17:50,G5,10.4,2,8.4,-2.1,0.18,OK
F12382,2027-02-12 17:50,G6,192.0,187,5.0,-2.1,0.24,OK
F12383,2027-02-12 17:50,G7,9.6,-2,11.6,-2.1,0.17,OK
F12384,2027-02-12 17:50,G8,5.1,0,5.1,-2.1,0.17,OK
F12385,2027-02-12 18:00,G1,32.1,0,32.1,-2.0,0.84,OK
F12386,2027-02-12 18:00,G2,42.2,1,41.2,-2.0,0.89,OK
F12387,2027-02-12 18:00,G3,50.1,-1,51.1,-2.0,0.84,OK
F12388,2027-02-12 18:00,G4,62.8,0,62.8,-2.0,0.88,OK
F12389,2027-02-12 18:00,G5,79.3,2,77.3,-2.0,0.85,OK
F12390,2027-02-12 18:00,G6,271.0,187,84.0,-2.0,0.85,OK
F12391,2027-02-12 18:00,G7,57.8,-2,59.8,-2.0,0.84,OK
F12392,2027-02-12 18:00,G8,38.1,0,38.1,-2.0,0.87,OK
F12393,2027-02-12 18:10,G1,6.2,0,6.2,-1.9,0.21,OK
F12394,2027-02-12 18:10,G2,6.8,1,5.8,-1.9,0.19,OK
F12395,2027-02-12 18:10,G3,10.4,-1,11.4,-1.9,0.19,OK
F12396,2027-02-12 18:10,G4,11.9,0,11.9,-1.9,0.17,OK
F12397,2027-02-12 18:10,G5,12.8,2,10.8,-1.9,0.23,OK
F12398,2027-02-12 18:10,G6,192.0,187,5.0,-1.9,0.22,OK
F12399,2027-02-12 18:10,G7,11.2,-2,13.2,-1.9,0.22,OK
F12400,2027-02-12 18:10,G8,12.4,0,12.4,-1.9,0.18,OK
F12401,2027-02-12 18:20,G1,48.0,0,48.0,-1.8,1.07,OK
F12402,2027-02-12 18:20,G2,54.9,1,53.9,-1.8,1.08,OK
F12403,2027-02-12 18:20,G3,58.5,-1,59.5,-1.8,1.05,OK
F12404,2027-02-12 18:20,G4,76.6,0,76.6,-1.8,1.08,OK
F12405,2027-02-12 18:20,G5,92.2,2,90.2,-1.8,1.07,OK
F12406,2027-02-12 18:20,G6,296.0,187,109.0,-1.8,1.08,OK
F12407,2027-02-12 18:20,G7,72.0,-2,74.0,-1.8,1.03,OK
F12408,2027-02-12 18:20,G8,52.9,0,52.9,-1.8,1.04,OK
F12409,2027-02-12 18:30,G1,6.6,0,6.6,-1.7,0.17,OK
F12410,2027-02-12 18:30,G2,8.6,1,7.6,-1.7,0.20,OK
F12411,2027-02-12 18:30,G3,8.4,-1,9.4,-1.7,0.21,OK
F12412,2027-02-12 18:30,G4,11.8,0,11.8,-1.7,0.21,OK
F12413,2027-02-12 18:30,G5,8.3,2,6.3,-1.7,0.20,OK
F12414,2027-02-12 18:30,G6,198.8,187,11.8,-1.7,0.22,OK
F12415,2027-02-12 18:30,G7,5.3,-2,7.3,-1.7,0.21,OK
F12416,2027-02-12 18:30,G8,13.4,0,13.4,-1.7,0.21,OK
F12417,2027-02-12 18:40,G1,28.7,0,28.7,-1.6,0.60,OK
F12418,2027-02-12 18:40,G2,32.0,1,31.0,-1.6,0.57,OK
F12419,2027-02-12 18:40,G3,29.6,-1,30.6,-1.6,0.58,OK
F12420,2027-02-12 18:40,G4,42.2,0,42.2,-1.6,0.60,OK
F12421,2027-02-12 18:40,G5,51.2,2,49.2,-1.6,0.56,OK
F12422,2027-02-12 18:40,G6,237.2,187,50.2,-1.6,0.59,OK
F12423,2027-02-12 18:40,G7,35.3,-2,37.3,-1.6,0.63,OK
F12424,2027-02-12 18:40,G8,28.5,0,28.5,-1.6,0.57,OK
F12425,2027-02-12 18:50,G1,7.8,0,7.8,-1.5,0.20,OK
F12426,2027-02-12 18:50,G2,12.3,1,11.3,-1.5,0.20,OK
F12427,2027-02-12 18:50,G3,3.9,-1,4.9,-1.5,0.19,OK
F12428,2027-02-12 18:50,G4,12.2,0,12.2,-1.5,0.23,OK
F12429,2027-02-12 18:50,G5,15.2,2,13.2,-1.5,0.23,OK
F12430,2027-02-12 18:50,G6,199.8,187,12.8,-1.5,0.17,OK
F12431,2027-02-12 18:50,G7,4.2,-2,6.2,-1.5,0.23,OK
F12432,2027-02-12 18:50,G8,11.5,0,11.5,-1.5,0.17,OK
F12433,2027-02-12 19:00,G1,42.9,0,42.9,-1.4,0.95,OK
F12434,2027-02-12 19:00,G2,52.7,1,51.7,-1.4,0.89,OK
F12435,2027-02-12 19:00,G3,53.5,-1,54.5,-1.4,0.92,OK
F12436,2027-02-12 19:00,G4,71.2,0,71.2,-1.4,0.97,OK
F12437,2027-02-12 19:00,G5,87.9,2,85.9,-1.4,0.90,OK
F12438,2027-02-12 19:00,G6,282.2,187,95.2,-1.4,0.90,OK
F12439,2027-02-12 19:00,G7,62.8,-2,64.8,-1.4,0.91,OK
F12440,2027-02-12 19:00,G8,50.1,0,50.1,-1.4,0.89,OK
F12441,2027-02-12 19:10,G1,8.3,0,8.3,-1.3,0.18,OK
F12442,2027-02-12 19:10,G2,4.8,1,3.8,-1.3,0.17,OK
F12443,2027-02-12 19:10,G3,3.3,-1,4.3,-1.3,0.22,OK
F12444,2027-02-12 19:10,G4,10.7,0,10.7,-1.3,0.23,OK
F12445,2027-02-12 19:10,G5,9.0,2,7.0,-1.3,0.23,OK
F12446,2027-02-12 19:10,G6,200.4,187,13.4,-1.3,0.17,OK
F12447,2027-02-12 19:10,G7,10.0,-2,12.0,-1.3,0.18,OK
F12448,2027-02-12 19:10,G8,11.2,0,11.2,-1.3,0.22,OK
F12449,2027-02-12 19:20,G1,49.3,0,49.3,-1.3,1.10,OK
F12450,2027-02-12 19:20,G2,57.1,1,56.1,-1.3,1.11,OK
F12451,2027-02-12 19:20,G3,63.8,-1,64.8,-1.3,1.10,OK
F12452,2027-02-12 19:20,G4,84.7,0,84.7,-1.3,1.12,OK
F12453,2027-02-12 19:20,G5,99.6,2,97.6,-1.3,1.11,OK
F12454,2027-02-12 19:20,G6,297.7,187,110.7,-1.3,1.13,OK
F12455,2027-02-12 19:20,G7,75.4,-2,77.4,-1.3,1.09,OK
F12456,2027-02-12 19:20,G8,57.3,0,57.3,-1.3,1.14,OK
F12457,2027-02-12 19:30,G1,7.9,0,7.9,-1.3,0.24,OK
F12458,2027-02-12 19:30,G2,12.0,1,11.0,-1.3,0.23,OK
F12459,2027-02-12 19:30,G3,6.7,-1,7.7,-1.3,0.18,OK
F12460,2027-02-12 19:30,G4,7.8,0,7.8,-1.3,0.20,OK
F12461,2027-02-12 19:30,G5,14.9,2,12.9,-1.3,0.18,OK
F12462,2027-02-12 19:30,G6,196.0,187,9.0,-1.3,0.20,OK
F12463,2027-02-12 19:30,G7,10.6,-2,12.6,-1.3,0.18,OK
F12464,2027-02-12 19:30,G8,12.8,0,12.8,-1.3,0.20,OK
F12465,2027-02-12 19:40,G1,32.1,0,32.1,-1.2,0.67,OK
F12466,2027-02-12 19:40,G2,36.6,1,35.6,-1.2,0.63,OK
F12467,2027-02-12 19:40,G3,41.1,-1,42.1,-1.2,0.63,OK
F12468,2027-02-12 19:40,G4,42.6,0,42.6,-1.2,0.64,OK
F12469,2027-02-12 19:40,G5,56.4,2,54.4,-1.2,0.69,OK
F12470,2027-02-12 19:40,G6,253.0,187,66.0,-1.2,0.69,OK
F12471,2027-02-12 19:40,G7,38.9,-2,40.9,-1.2,0.68,OK
F12472,2027-02-12 19:40,G8,36.2,0,36.2,-1.2,0.69,OK
F12473,2027-02-12 19:50,G1,5.0,0,5.0,-1.2,0.17,OK
F12474,2027-02-12 19:50,G2,11.9,1,10.9,-1.2,0.20,OK
F12475,2027-02-12 19:50,G3,4.0,-1,5.0,-1.2,0.17,OK
F12476,2027-02-12 19:50,G4,9.1,0,9.1,-1.2,0.17,OK
F12477,2027-02-12 19:50,G5,15.4,2,13.4,-1.2,0.21,OK
F12478,2027-02-12 19:50,G6,198.2,187,11.2,-1.2,0.22,OK
F12479,2027-02-12 19:50,G7,9.7,-2,11.7,-1.2,0.19,OK
F12480,2027-02-12 19:50,G8,9.4,0,9.4,-1.2,0.22,OK
F12481,2027-02-12 20:00,G1,45.3,0,45.3,-1.2,1.02,OK
F12482,2027-02-12 20:00,G2,56.1,1,55.1,-1.2,0.96,OK
F12483,2027-02-12 20:00,G3,58.2,-1,59.2,-1.2,0.98,OK
F12484,2027-02-12 20:00,G4,73.4,0,73.4,-1.2,0.98,OK
F12485,2027-02-12 20:00,G5,88.3,2,86.3,-1.2,0.96,OK
F12486,2027-02-12 20:00,G6,286.0,187,99.0,-1.2,0.99,OK
F12487,2027-02-12 20:00,G7,70.7,-2,72.7,-1.2,1.00,OK
F12488,2027-02-12 20:00,G8,49.7,0,49.7,-1.2,1.00,OK
F12489,2027-02-12 20:10,G1,10.0,0,10.0,-1.2,0.17,OK
F12490,2027-02-12 20:10,G2,7.8,1,6.8,-1.2,0.20,OK
F12491,2027-02-12 20:10,G3,9.3,-1,10.3,-1.2,0.16,OK
F12492,2027-02-12 20:10,G4,6.4,0,6.4,-1.2,0.18,OK
F12493,2027-02-12 20:10,G5,10.9,2,8.9,-1.2,0.17,OK
F12494,2027-02-12 20:10,G6,196.1,187,9.1,-1.2,0.19,OK
F12495,2027-02-12 20:10,G7,12.4,-2,14.4,-1.2,0.16,OK
F12496,2027-02-12 20:10,G8,9.6,0,9.6,-1.2,0.16,OK
F12497,2027-02-12 20:20,G1,19.5,0,19.5,-1.2,0.50,OK
F12498,2027-02-12 20:20,G2,28.3,1,27.3,-1.2,0.55,OK
F12499,2027-02-12 20:20,G3,34.0,-1,35.0,-1.2,0.54,OK
F12500,2027-02-12 20:20,G4,33.2,0,33.2,-1.2,0.52,OK
F12501,2027-02-12 20:20,G5,49.6,2,47.6,-1.2,0.51,OK
F12502,2027-02-12 20:20,G6,232.0,187,45.0,-1.2,0.55,OK
F12503,2027-02-12 20:20,G7,34.3,-2,36.3,-1.2,0.53,OK
F12504,2027-02-12 20:20,G8,23.6,0,23.6,-1.2,0.54,OK
F12505,2027-02-12 20:30,G1,7.6,0,7.6,-1.3,0.20,OK
F12506,2027-02-12 20:30,G2,8.3,1,7.3,-1.3,0.21,OK
F12507,2027-02-12 20:30,G3,11.8,-1,12.8,-1.3,0.22,OK
F12508,2027-02-12 20:30,G4,12.6,0,12.6,-1.3,0.20,OK
F12509,2027-02-12 20:30,G5,11.0,2,9.0,-1.3,0.18,OK
F12510,2027-02-12 20:30,G6,197.9,187,10.9,-1.3,0.20,OK
F12511,2027-02-12 20:30,G7,5.5,-2,7.5,-1.3,0.24,OK
F12512,2027-02-12 20:30,G8,8.0,0,8.0,-1.3,0.20,OK
F12513,2027-02-12 20:40,G1,25.8,0,25.8,-1.3,0.69,OK
F12514,2027-02-12 20:40,G2,36.7,1,35.7,-1.3,0.68,OK
F12515,2027-02-12 20:40,G3,41.0,-1,42.0,-1.3,0.68,OK
F12516,2027-02-12 20:40,G4,47.5,0,47.5,-1.3,0.73,OK
F12517,2027-02-12 20:40,G5,65.7,2,63.7,-1.3,0.74,OK
F12518,2027-02-12 20:40,G6,259.9,187,72.9,-1.3,0.72,OK
F12519,2027-02-12 20:40,G7,49.9,-2,51.9,-1.3,0.69,OK
F12520,2027-02-12 20:40,G8,37.5,0,37.5,-1.3,0.68,OK
F12521,2027-02-12 20:50,G1,5.7,0,5.7,-1.3,0.17,OK
F12522,2027-02-12 20:50,G2,9.6,1,8.6,-1.3,0.22,OK
F12523,2027-02-12 20:50,G3,11.9,-1,12.9,-1.3,0.17,OK
F12524,2027-02-12 20:50,G4,8.5,0,8.5,-1.3,0.19,OK
F12525,2027-02-12 20:50,G5,8.3,2,6.3,-1.3,0.19,OK
F12526,2027-02-12 20:50,G6,192.8,187,5.8,-1.3,0.19,OK
F12527,2027-02-12 20:50,G7,11.9,-2,13.9,-1.3,0.19,OK
F12528,2027-02-12 20:50,G8,10.7,0,10.7,-1.3,0.19,OK
F12529,2027-02-12 21:00,G1,48.2,0,48.2,-1.4,1.07,OK
F12530,2027-02-12 21:00,G2,54.4,1,53.4,-1.4,1.03,OK
F12531,2027-02-12 21:00,G3,59.1,-1,60.1,-1.4,1.03,OK
F12532,2027-02-12 21:00,G4,80.8,0,80.8,-1.4,1.02,OK
F12533,2027-02-12 21:00,G5,100.0,2,98.0,-1.4,1.03,OK
F12534,2027-02-12 21:00,G6,290.9,187,103.9,-1.4,1.08,OK
F12535,2027-02-12 21:00,G7,75.3,-2,77.3,-1.4,1.06,OK
F12536,2027-02-12 21:00,G8,55.6,0,55.6,-1.4,1.08,OK
F12537,2027-02-12 21:10,G1,5.2,0,5.2,-1.5,0.17,OK
F12538,2027-02-12 21:10,G2,9.9,1,8.9,-1.5,0.20,OK
F12539,2027-02-12 21:10,G3,6.1,-1,7.1,-1.5,0.17,OK
F12540,2027-02-12 21:10,G4,11.4,0,11.4,-1.5,0.22,OK
F12541,2027-02-12 21:10,G5,15.5,2,13.5,-1.5,0.16,OK
F12542,2027-02-12 21:10,G6,196.5,187,9.5,-1.5,0.17,OK
F12543,2027-02-12 21:10,G7,12.3,-2,14.3,-1.5,0.23,OK
F12544,2027-02-12 21:10,G8,11.7,0,11.7,-1.5,0.22,OK
F12545,2027-02-12 21:20,G1,25.0,0,25.0,-1.6,0.60,OK
F12546,2027-02-12 21:20,G2,26.3,1,25.3,-1.6,0.63,OK
F12547,2027-02-12 21:20,G3,30.5,-1,31.5,-1.6,0.58,OK
F12548,2027-02-12 21:20,G4,38.8,0,38.8,-1.6,0.57,OK
F12549,2027-02-12 21:20,G5,54.5,2,52.5,-1.6,0.56,OK
F12550,2027-02-12 21:20,G6,240.5,187,53.5,-1.6,0.62,OK
F12551,2027-02-12 21:20,G7,34.1,-2,36.1,-1.6,0.62,OK
F12552,2027-02-12 21:20,G8,33.7,0,33.7,-1.6,0.59,OK
F12553,2027-02-12 21:30,G1,10.7,0,10.7,-1.7,0.17,OK
F12554,2027-02-12 21:30,G2,10.5,1,9.5,-1.7,0.20,OK
F12555,2027-02-12 21:30,G3,6.3,-1,7.3,-1.7,0.20,OK
F12556,2027-02-12 21:30,G4,11.6,0,11.6,-1.7,0.22,OK
F12557,2027-02-12 21:30,G5,11.2,2,9.2,-1.7,0.22,OK
F12558,2027-02-12 21:30,G6,195.1,187,8.1,-1.7,0.22,OK
F12559,2027-02-12 21:30,G7,7.3,-2,9.3,-1.7,0.17,OK
F12560,2027-02-12 21:30,G8,13.2,0,13.2,-1.7,0.20,OK
F12561,2027-02-12 21:40,G1,29.8,0,29.8,-1.8,0.74,OK
F12562,2027-02-12 21:40,G2,37.7,1,36.7,-1.8,0.81,OK
F12563,2027-02-12 21:40,G3,47.8,-1,48.8,-1.8,0.79,OK
F12564,2027-02-12 21:40,G4,57.8,0,57.8,-1.8,0.80,OK
F12565,2027-02-12 21:40,G5,65.2,2,63.2,-1.8,0.78,OK
F12566,2027-02-12 21:40,G6,262.0,187,75.0,-1.8,0.77,OK
F12567,2027-02-12 21:40,G7,50.5,-2,52.5,-1.8,0.77,OK
F12568,2027-02-12 21:40,G8,33.6,0,33.6,-1.8,0.81,OK
F12569,2027-02-12 21:50,G1,3.2,0,3.2,-1.9,0.22,OK
F12570,2027-02-12 21:50,G2,12.3,1,11.3,-1.9,0.17,OK
F12571,2027-02-12 21:50,G3,10.9,-1,11.9,-1.9,0.19,OK
F12572,2027-02-12 21:50,G4,9.7,0,9.7,-1.9,0.23,OK
F12573,2027-02-12 21:50,G5,6.2,2,4.2,-1.9,0.23,OK
F12574,2027-02-12 21:50,G6,194.9,187,7.9,-1.9,0.22,OK
F12575,2027-02-12 21:50,G7,3.1,-2,5.1,-1.9,0.23,OK
F12576,2027-02-12 21:50,G8,13.5,0,13.5,-1.9,0.22,OK
F12577,2027-02-12 22:00,G1,6.6,0,6.6,-2.0,0.17,OK
F12578,2027-02-12 22:00,G2,8.1,1,7.1,-2.0,0.20,OK
F12579,2027-02-12 22:00,G3,3.3,-1,4.3,-2.0,0.23,OK
F12580,2027-02-12 22:00,G4,11.3,0,11.3,-2.0,0.24,OK
F12581,2027-02-12 22:00,G5,8.0,2,6.0,-2.0,0.19,OK
F12582,2027-02-12 22:00,G6,191.5,187,4.5,-2.0,0.18,OK
F12583,2027-02-12 22:00,G7,8.5,-2,10.5,-2.0,0.19,OK
F12584,2027-02-12 22:00,G8,12.8,0,12.8,-2.0,0.17,OK
F12585,2027-02-12 22:10,G1,5.2,0,5.2,-2.1,0.21,OK
F12586,2027-02-12 22:10,G2,5.0,1,4.0,-2.1,0.20,OK
F12587,2027-02-12 22:10,G3,4.3,-1,5.3,-2.1,0.17,OK
F12588,2027-02-12 22:10,G4,3.8,0,3.8,-2.1,0.23,OK
F12589,2027-02-12 22:10,G5,11.4,2,9.4,-2.1,0.18,OK
F12590,2027-02-12 22:10,G6,194.4,187,7.4,-2.1,0.18,OK
F12591,2027-02-12 22:10,G7,3.0,-2,5.0,-2.1,0.24,OK
F12592,2027-02-12 22:10,G8,5.0,0,5.0,-2.1,0.23,OK
F12593,2027-02-12 22:20,G1,8.6,0,8.6,-2.3,0.21,OK
F12594,2027-02-12 22:20,G2,10.8,1,9.8,-2.3,0.22,OK
F12595,2027-02-12 22:20,G3,2.4,-1,3.4,-2.3,0.17,OK
F12596,2027-02-12 22:20,G4,3.6,0,3.6,-2.3,0.17,OK
F12597,2027-02-12 22:20,G5,9.5,2,7.5,-2.3,0.16,OK
F12598,2027-02-12 22:20,G6,197.9,187,10.9,-2.3,0.22,OK
F12599,2027-02-12 22:20,G7,1.3,-2,3.3,-2.3,0.18,OK
F12600,2027-02-12 22:20,G8,5.5,0,5.5,-2.3,0.24,OK
F12601,2027-02-12 22:30,G1,4.7,0,4.7,-2.4,0.22,OK
F12602,2027-02-12 22:30,G2,7.6,1,6.6,-2.4,0.23,OK
F12603,2027-02-12 22:30,G3,8.9,-1,9.9,-2.4,0.16,OK
F12604,2027-02-12 22:30,G4,6.9,0,6.9,-2.4,0.22,OK
F12605,2027-02-12 22:30,G5,6.4,2,4.4,-2.4,0.19,OK
F12606,2027-02-12 22:30,G6,193.9,187,6.9,-2.4,0.18,OK
F12607,2027-02-12 22:30,G7,2.9,-2,4.9,-2.4,0.20,OK
F12608,2027-02-12 22:30,G8,7.7,0,7.7,-2.4,0.16,OK
F12609,2027-02-12 22:40,G1,1.0,0,1.0,-2.6,0.21,OK
F12610,2027-02-12 22:40,G2,2.4,1,1.4,-2.6,0.17,OK
F12611,2027-02-12 22:40,G3,1.7,-1,2.7,-2.6,0.19,OK
F12612,2027-02-12 22:40,G4,8.0,0,8.0,-2.6,0.21,OK
F12613,2027-02-12 22:40,G5,8.3,2,6.3,-2.6,0.18,OK
F12614,2027-02-12 22:40,G6,194.7,187,7.7,-2.6,0.18,OK
F12615,2027-02-12 22:40,G7,5.0,-2,7.0,-2.6,0.22,OK
F12616,2027-02-12 22:40,G8,11.2,0,11.2,-2.6,0.22,OK
F12617,2027-02-12 22:50,G1,1.8,0,1.8,-2.8,0.23,OK
F12618,2027-02-12 22:50,G2,5.7,1,4.7,-2.8,0.24,OK
F12619,2027-02-12 22:50,G3,8.2,-1,9.2,-2.8,0.18,OK
F12620,2027-02-12 22:50,G4,2.3,0,2.3,-2.8,0.17,OK
F12621,2027-02-12 22:50,G5,4.1,2,2.1,-2.8,0.19,OK
F12622,2027-02-12 22:50,G6,189.0,187,2.0,-2.8,0.24,OK
F12623,2027-02-12 22:50,G7,5.0,-2,7.0,-2.8,0.21,OK
F12624,2027-02-12 22:50,G8,4.1,0,4.1,-2.8,0.17,OK
F12625,2027-02-12 23:00,G1,2.0,0,2.0,-3.0,0.20,OK
F12626,2027-02-12 23:00,G2,4.5,1,3.5,-3.0,0.18,OK
F12627,2027-02-12 23:00,G3,4.0,-1,5.0,-3.0,0.24,OK
F12628,2027-02-12 23:00,G4,5.5,0,5.5,-3.0,0.21,OK
F12629,2027-02-12 23:00,G5,11.0,2,9.0,-3.0,0.21,OK
F12630,2027-02-12 23:00,G6,194.2,187,7.2,-3.0,0.22,OK
F12631,2027-02-12 23:00,G7,6.4,-2,8.4,-3.0,0.16,OK
F12632,2027-02-12 23:00,G8,8.8,0,8.8,-3.0,0.23,OK
F12633,2027-02-12 23:10,G1,6.2,0,6.2,-3.1,0.18,OK
F12634,2027-02-12 23:10,G2,3.7,1,2.7,-3.1,0.20,OK
F12635,2027-02-12 23:10,G3,6.0,-1,7.0,-3.1,0.19,OK
F12636,2027-02-12 23:10,G4,2.4,0,2.4,-3.1,0.17,OK
F12637,2027-02-12 23:10,G5,6.9,2,4.9,-3.1,0.22,OK
F12638,2027-02-12 23:10,G6,194.5,187,7.5,-3.1,0.18,OK
F12639,2027-02-12 23:10,G7,5.6,-2,7.6,-3.1,0.21,OK
F12640,2027-02-12 23:10,G8,8.3,0,8.3,-3.1,0.23,OK
F12641,2027-02-12 23:20,G1,3.3,0,3.3,-3.3,0.22,OK
F12642,2027-02-12 23:20,G2,6.9,1,5.9,-3.3,0.20,OK
F12643,2027-02-12 23:20,G3,3.3,-1,4.3,-3.3,0.21,OK
F12644,2027-02-12 23:20,G4,4.0,0,4.0,-3.3,0.23,OK
F12645,2027-02-12 23:20,G5,10.3,2,8.3,-3.3,0.23,OK
F12646,2027-02-12 23:20,G6,187.9,187,0.9,-3.3,0.21,OK
F12647,2027-02-12 23:20,G7,5.0,-2,7.0,-3.3,0.19,OK
F12648,2027-02-12 23:20,G8,7.7,0,7.7,-3.3,0.21,OK
F12649,2027-02-12 23:30,G1,6.3,0,6.3,-3.5,0.21,OK
F12650,2027-02-12 23:30,G2,7.6,1,6.6,-3.5,0.16,OK
F12651,2027-02-12 23:30,G3,5.6,-1,6.6,-3.5,0.19,OK
F12652,2027-02-12 23:30,G4,7.1,0,7.1,-3.5,0.17,OK
F12653,2027-02-12 23:30,G5,7.0,2,5.0,-3.5,0.21,OK
F12654,2027-02-12 23:30,G6,192.2,187,5.2,-3.5,0.22,OK
F12655,2027-02-12 23:30,G7,2.8,-2,4.8,-3.5,0.22,OK
F12656,2027-02-12 23:30,G8,1.3,0,1.3,-3.5,0.24,OK
F12657,2027-02-12 23:40,G1,4.0,0,4.0,-3.8,0.19,OK
F12658,2027-02-12 23:40,G2,2.5,1,1.5,-3.8,0.22,OK
F12659,2027-02-12 23:40,G3,-2.4,-1,-1.4,-3.8,0.24,OK
F12660,2027-02-12 23:40,G4,2.7,0,2.7,-3.8,0.18,OK
F12661,2027-02-12 23:40,G5,3.5,2,1.5,-3.8,0.18,OK
F12662,2027-02-12 23:40,G6,189.9,187,2.9,-3.8,0.20,OK
F12663,2027-02-12 23:40,G7,-0.2,-2,1.8,-3.8,0.22,OK
F12664,2027-02-12 23:40,G8,-0.8,0,-0.8,-3.8,0.20,OK
F12665,2027-02-12 23:50,G1,5.7,0,5.7,-4.0,0.19,OK
F12666,2027-02-12 23:50,G2,6.9,1,5.9,-4.0,0.19,OK
F12667,2027-02-12 23:50,G3,5.5,-1,6.5,-4.0,0.23,OK
F12668,2027-02-12 23:50,G4,0.3,0,0.3,-4.0,0.21,OK
F12669,2027-02-12 23:50,G5,8.7,2,6.7,-4.0,0.18,OK
F12670,2027-02-12 23:50,G6,193.0,187,6.0,-4.0,0.21,OK
F12671,2027-02-12 23:50,G7,-1.1,-2,0.9,-4.0,0.18,OK
F12672,2027-02-12 23:50,G8,2.5,0,2.5,-4.0,0.18,OK
F12673,2027-02-13 00:00,G1,-0.5,0,-0.5,-4.1,0.16,OK
F12674,2027-02-13 00:00,G2,7.0,1,6.0,-4.1,0.18,OK
F12675,2027-02-13 00:00,G3,3.5,-1,4.5,-4.1,0.23,OK
F12676,2027-02-13 00:00,G4,-1.8,0,-1.8,-4.1,0.22,OK
F12677,2027-02-13 00:00,G5,7.3,2,5.3,-4.1,0.19,OK
F12678,2027-02-13 00:00,G6,191.6,187,4.6,-4.1,0.16,OK
F12679,2027-02-13 00:00,G7,-1.9,-2,0.1,-4.1,0.19,OK
F12680,2027-02-13 00:00,G8,3.8,0,3.8,-4.1,0.19,OK
F12681,2027-02-13 00:10,G1,-2.3,0,-2.3,-4.3,0.19,OK
F12682,2027-02-13 00:10,G2,-1.4,1,-2.4,-4.3,0.24,OK
F12683,2027-02-13 00:10,G3,-3.5,-1,-2.5,-4.3,0.23,OK
F12684,2027-02-13 00:10,G4,3.4,0,3.4,-4.3,0.22,OK
F12685,2027-02-13 00:10,G5,2.4,2,0.4,-4.3,0.20,OK
F12686,2027-02-13 00:10,G6,191.2,187,4.2,-4.3,0.16,OK
F12687,2027-02-13 00:10,G7,-3.4,-2,-1.4,-4.3,0.20,OK
F12688,2027-02-13 00:10,G8,5.0,0,5.0,-4.3,0.21,OK
F12689,2027-02-13 00:20,G1,4.2,0,4.2,-4.6,0.19,OK
F12690,2027-02-13 00:20,G2,5.3,1,4.3,-4.6,0.23,OK
F12691,2027-02-13 00:20,G3,4.3,-1,5.3,-4.6,0.20,OK
F12692,2027-02-13 00:20,G4,3.2,0,3.2,-4.6,0.19,OK
F12693,2027-02-13 00:20,G5,2.5,2,0.5,-4.6,0.22,OK
F12694,2027-02-13 00:20,G6,192.4,187,5.4,-4.6,0.22,OK
F12695,2027-02-13 00:20,G7,-0.7,-2,1.3,-4.6,0.20,OK
F12696,2027-02-13 00:20,G8,3.7,0,3.7,-4.6,0.24,OK
F12697,2027-02-13 00:30,G1,2.6,0,2.6,-4.8,0.21,OK
F12698,2027-02-13 00:30,G2,2.6,1,1.6,-4.8,0.17,OK
F12699,2027-02-13 00:30,G3,-0.5,-1,0.5,-4.8,0.23,OK
F12700,2027-02-13 00:30,G4,4.2,0,4.2,-4.8,0.19,OK
F12701,2027-02-13 00:30,G5,5.8,2,3.8,-4.8,0.23,OK
F12702,2027-02-13 00:30,G6,185.7,187,-1.3,-4.8,0.23,OK
F12703,2027-02-13 00:30,G7,-4.1,-2,-2.1,-4.8,0.18,OK
F12704,2027-02-13 00:30,G8,3.2,0,3.2,-4.8,0.18,OK
F12705,2027-02-13 00:40,G1,-3.4,0,-3.4,-5.1,0.19,OK
F12706,2027-02-13 00:40,G2,1.1,1,0.1,-5.1,0.20,OK
F12707,2027-02-13 00:40,G3,2.1,-1,3.1,-5.1,0.18,OK
F12708,2027-02-13 00:40,G4,2.2,0,2.2,-5.1,0.16,OK
F12709,2027-02-13 00:40,G5,-2.4,2,-4.4,-5.1,0.16,OK
F12710,2027-02-13 00:40,G6,183.2,187,-3.8,-5.1,0.21,OK
F12711,2027-02-13 00:40,G7,-5.7,-2,-3.7,-5.1,0.19,OK
F12712,2027-02-13 00:40,G8,3.1,0,3.1,-5.1,0.23,OK
F12713,2027-02-13 00:50,G1,-2.7,0,-2.7,-5.3,0.17,OK
F12714,2027-02-13 00:50,G2,0.4,1,-0.6,-5.3,0.17,OK
F12715,2027-02-13 00:50,G3,-3.0,-1,-2.0,-5.3,0.24,OK
F12716,2027-02-13 00:50,G4,3.4,0,3.4,-5.3,0.19,OK
F12717,2027-02-13 00:50,G5,2.0,2,0.0,-5.3,0.22,OK
F12718,2027-02-13 00:50,G6,185.8,187,-1.2,-5.3,0.22,OK
F12719,2027-02-13 00:50,G7,-7.1,-2,-5.1,-5.3,0.22,OK
F12720,2027-02-13 00:50,G8,-2.3,0,-2.3,-5.3,0.18,OK
F12721,2027-02-13 01:00,G1,-3.5,0,-3.5,-5.6,0.22,OK
F12722,2027-02-13 01:00,G2,-1.4,1,-2.4,-5.6,0.18,OK
F12723,2027-02-13 01:00,G3,-0.4,-1,0.6,-5.6,0.22,OK
F12724,2027-02-13 01:00,G4,2.5,0,2.5,-5.6,0.22,OK
F12725,2027-02-13 01:00,G5,-1.2,2,-3.2,-5.6,0.18,OK
F12726,2027-02-13 01:00,G6,183.0,187,-4.0,-5.6,0.22,OK
F12727,2027-02-13 01:00,G7,-4.0,-2,-2.0,-5.6,0.22,OK
F12728,2027-02-13 01:00,G8,-0.4,0,-0.4,-5.6,0.19,OK
F12729,2027-02-13 01:10,G1,0.1,0,0.1,-5.8,0.18,OK
F12730,2027-02-13 01:10,G2,-4.9,1,-5.9,-5.8,0.22,OK
F12731,2027-02-13 01:10,G3,1.4,-1,2.4,-5.8,0.22,OK
F12732,2027-02-13 01:10,G4,-0.6,0,-0.6,-5.8,0.19,OK
F12733,2027-02-13 01:10,G5,-2.6,2,-4.6,-5.8,0.18,OK
F12734,2027-02-13 01:10,G6,183.3,187,-3.7,-5.8,0.23,OK
F12735,2027-02-13 01:10,G7,-3.9,-2,-1.9,-5.8,0.18,OK
F12736,2027-02-13 01:10,G8,-5.7,0,-5.7,-5.8,0.20,OK
F12737,2027-02-13 01:20,G1,-0.5,0,-0.5,-6.1,0.17,OK
F12738,2027-02-13 01:20,G2,-3.5,1,-4.5,-6.1,0.16,OK
F12739,2027-02-13 01:20,G3,-4.5,-1,-3.5,-6.1,0.19,OK
F12740,2027-02-13 01:20,G4,0.6,0,0.6,-6.1,0.18,OK
F12741,2027-02-13 01:20,G5,1.0,2,-1.0,-6.1,0.18,OK
F12742,2027-02-13 01:20,G6,182.5,187,-4.5,-6.1,0.19,OK
F12743,2027-02-13 01:20,G7,-8.4,-2,-6.4,-6.1,0.17,OK
F12744,2027-02-13 01:20,G8,-6.2,0,-6.2,-6.1,0.20,OK
F12745,2027-02-13 01:30,G1,-5.6,0,-5.6,-6.3,0.21,OK
F12746,2027-02-13 01:30,G2,-5.6,1,-6.6,-6.3,0.17,OK
F12747,2027-02-13 01:30,G3,-4.2,-1,-3.2,-6.3,0.19,OK
F12748,2027-02-13 01:30,G4,-0.6,0,-0.6,-6.3,0.17,OK
F12749,2027-02-13 01:30,G5,-4.4,2,-6.4,-6.3,0.23,OK
F12750,2027-02-13 01:30,G6,180.5,187,-6.5,-6.3,0.24,OK
F12751,2027-02-13 01:30,G7,-8.1,-2,-6.1,-6.3,0.21,OK
F12752,2027-02-13 01:30,G8,-4.4,0,-4.4,-6.3,0.17,OK
F12753,2027-02-13 01:40,G1,-5.5,0,-5.5,-6.6,0.22,OK
F12754,2027-02-13 01:40,G2,-0.8,1,-1.8,-6.6,0.19,OK
F12755,2027-02-13 01:40,G3,-7.7,-1,-6.7,-6.6,0.18,OK
F12756,2027-02-13 01:40,G4,-0.5,0,-0.5,-6.6,0.16,OK
F12757,2027-02-13 01:40,G5,1.3,2,-0.7,-6.6,0.22,OK
F12758,2027-02-13 01:40,G6,184.0,187,-3.0,-6.6,0.19,OK
F12759,2027-02-13 01:40,G7,-6.9,-2,-4.9,-6.6,0.22,OK
F12760,2027-02-13 01:40,G8,-5.0,0,-5.0,-6.6,0.24,OK
F12761,2027-02-13 01:50,G1,-4.2,0,-4.2,-6.9,0.20,OK
F12762,2027-02-13 01:50,G2,-1.0,1,-2.0,-6.9,0.20,OK
F12763,2027-02-13 01:50,G3,-3.9,-1,-2.9,-6.9,0.23,OK
F12764,2027-02-13 01:50,G4,-7.7,0,-7.7,-6.9,0.22,OK
F12765,2027-02-13 01:50,G5,-5.3,2,-7.3,-6.9,0.18,OK
F12766,2027-02-13 01:50,G6,178.9,187,-8.1,-6.9,0.18,OK
F12767,2027-02-13 01:50,G7,-6.5,-2,-4.5,-6.9,0.24,OK
F12768,2027-02-13 01:50,G8,-3.9,0,-3.9,-6.9,0.23,OK
F12769,2027-02-13 02:00,G1,-7.2,0,-7.2,-7.1,0.19,OK
F12770,2027-02-13 02:00,G2,-0.7,1,-1.7,-7.1,0.22,OK
F12771,2027-02-13 02:00,G3,-3.7,-1,-2.7,-7.1,0.18,OK
F12772,2027-02-13 02:00,G4,-7.3,0,-7.3,-7.1,0.20,OK
F12773,2027-02-13 02:00,G5,-2.9,2,-4.9,-7.1,0.19,OK
F12774,2027-02-13 02:00,G6,183.2,187,-3.8,-7.1,0.16,OK
F12775,2027-02-13 02:00,G7,-7.2,-2,-5.2,-7.1,0.17,OK
F12776,2027-02-13 02:00,G8,-3.6,0,-3.6,-7.1,0.21,OK
F12777,2027-02-13 02:10,G1,-2.2,0,-2.2,-7.4,0.20,OK
F12778,2027-02-13 02:10,G2,-8.3,1,-9.3,-7.4,0.22,OK
F12779,2027-02-13 02:10,G3,-2.2,-1,-1.2,-7.4,0.24,OK
F12780,2027-02-13 02:10,G4,-7.7,0,-7.7,-7.4,0.21,OK
F12781,2027-02-13 02:10,G5,-3.5,2,-5.5,-7.4,0.16,OK
F12782,2027-02-13 02:10,G6,182.8,187,-4.2,-7.4,0.19,OK
F12783,2027-02-13 02:10,G7,-7.5,-2,-5.5,-7.4,0.20,OK
F12784,2027-02-13 02:10,G8,-5.5,0,-5.5,-7.4,0.18,OK
F12785,2027-02-13 02:20,G1,-1.2,0,-1.2,-7.6,0.17,OK
F12786,2027-02-13 02:20,G2,-1.9,1,-2.9,-7.6,0.18,OK
F12787,2027-02-13 02:20,G3,-9.0,-1,-8.0,-7.6,0.18,OK
F12788,2027-02-13 02:20,G4,-3.9,0,-3.9,-7.6,0.21,OK
F12789,2027-02-13 02:20,G5,-6.5,2,-8.5,-7.6,0.18,OK
F12790,2027-02-13 02:20,G6,178.3,187,-8.7,-7.6,0.23,OK
F12791,2027-02-13 02:20,G7,-13.0,-2,-11.0,-7.6,0.19,OK
F12792,2027-02-13 02:20,G8,-10.3,0,-10.3,-7.6,0.23,OK
F12793,2027-02-13 02:30,G1,-9.2,0,-9.2,-7.9,0.21,OK
F12794,2027-02-13 02:30,G2,-9.0,1,-10.0,-7.9,0.19,OK
F12795,2027-02-13 02:30,G3,-7.3,-1,-6.3,-7.9,0.22,OK
F12796,2027-02-13 02:30,G4,-9.9,0,-9.9,-7.9,0.17,OK
F12797,2027-02-13 02:30,G5,-7.3,2,-9.3,-7.9,0.20,OK
F12798,2027-02-13 02:30,G6,177.9,187,-9.1,-7.9,0.18,OK
F12799,2027-02-13 02:30,G7,-6.2,-2,-4.2,-7.9,0.18,OK
F12800,2027-02-13 02:30,G8,-4.4,0,-4.4,-7.9,0.19,OK
F12801,2027-02-13 02:40,G1,-5.1,0,-5.1,-8.2,0.16,OK
F12802,2027-02-13 02:40,G2,-6.2,1,-7.2,-8.2,0.21,OK
F12803,2027-02-13 02:40,G3,-11.1,-1,-10.1,-8.2,0.20,OK
F12804,2027-02-13 02:40,G4,-7.4,0,-7.4,-8.2,0.24,OK
F12805,2027-02-13 02:40,G5,-10.5,2,-12.5,-8.2,0.23,OK
F12806,2027-02-13 02:40,G6,176.6,187,-10.4,-8.2,0.17,OK
F12807,2027-02-13 02:40,G7,-12.9,-2,-10.9,-8.2,0.16,OK
F12808,2027-02-13 02:40,G8,-8.2,0,-8.2,-8.2,0.18,OK
F12809,2027-02-13 02:50,G1,-8.8,0,-8.8,-8.4,0.18,OK
F12810,2027-02-13 02:50,G2,-9.0,1,-10.0,-8.4,0.22,OK
F12811,2027-02-13 02:50,G3,-10.8,-1,-9.8,-8.4,0.19,OK
F12812,2027-02-13 02:50,G4,-7.5,0,-7.5,-8.4,0.18,OK
F12813,2027-02-13 02:50,G5,-3.6,2,-5.6,-8.4,0.16,OK
F12814,2027-02-13 02:50,G6,179.0,187,-8.0,-8.4,0.18,OK
F12815,2027-02-13 02:50,G7,-9.6,-2,-7.6,-8.4,0.18,OK
F12816,2027-02-13 02:50,G8,-9.6,0,-9.6,-8.4,0.24,OK
F12817,2027-02-13 03:00,G1,-9.6,0,-9.6,-8.7,0.19,OK
F12818,2027-02-13 03:00,G2,-3.3,1,-4.3,-8.7,0.20,OK
F12819,2027-02-13 03:00,G3,-5.7,-1,-4.7,-8.7,0.22,OK
F12820,2027-02-13 03:00,G4,-10.3,0,-10.3,-8.7,0.18,OK
F12821,2027-02-13 03:00,G5,-8.6,2,-10.6,-8.7,0.18,OK
F12822,2027-02-13 03:00,G6,177.2,187,-9.8,-8.7,0.17,OK
F12823,2027-02-13 03:00,G7,-14.1,-2,-12.1,-8.7,0.17,OK
F12824,2027-02-13 03:00,G8,-9.1,0,-9.1,-8.7,0.18,OK
F12825,2027-02-13 03:10,G1,-7.1,0,-7.1,-8.9,0.23,OK
F12826,2027-02-13 03:10,G2,-6.9,1,-7.9,-8.9,0.24,OK
F12827,2027-02-13 03:10,G3,-6.1,-1,-5.1,-8.9,0.21,OK
F12828,2027-02-13 03:10,G4,-7.9,0,-7.9,-8.9,0.22,OK
F12829,2027-02-13 03:10,G5,-8.3,2,-10.3,-8.9,0.16,OK
F12830,2027-02-13 03:10,G6,179.3,187,-7.7,-8.9,0.20,OK
F12831,2027-02-13 03:10,G7,-12.0,-2,-10.0,-8.9,0.23,OK
F12832,2027-02-13 03:10,G8,-15.1,0,-15.1,-8.9,0.22,OK
F12833,2027-02-13 03:20,G1,-9.1,0,-9.1,-9.2,0.16,OK
F12834,2027-02-13 03:20,G2,-10.3,1,-11.3,-9.2,0.18,OK
F12835,2027-02-13 03:20,G3,-9.6,-1,-8.6,-9.2,0.23,OK
F12836,2027-02-13 03:20,G4,-10.9,0,-10.9,-9.2,0.21,OK
F12837,2027-02-13 03:20,G5,-11.5,2,-13.5,-9.2,0.23,OK
F12838,2027-02-13 03:20,G6,174.8,187,-12.2,-9.2,0.17,OK
F12839,2027-02-13 03:20,G7,-11.7,-2,-9.7,-9.2,0.23,OK
F12840,2027-02-13 03:20,G8,-15.7,0,-15.7,-9.2,0.21,OK
F12841,2027-02-13 03:30,G1,-6.2,0,-6.2,-9.4,0.21,OK
F12842,2027-02-13 03:30,G2,-10.8,1,-11.8,-9.4,0.18,OK
F12843,2027-02-13 03:30,G3,-8.0,-1,-7.0,-9.4,0.19,OK
F12844,2027-02-13 03:30,G4,-10.6,0,-10.6,-9.4,0.20,OK
F12845,2027-02-13 03:30,G5,-10.4,2,-12.4,-9.4,0.24,OK
F12846,2027-02-13 03:30,G6,177.4,187,-9.6,-9.4,0.17,OK
F12847,2027-02-13 03:30,G7,-11.5,-2,-9.5,-9.4,0.17,OK
F12848,2027-02-13 03:30,G8,-12.4,0,-12.4,-9.4,0.18,OK
F12849,2027-02-13 03:40,G1,-8.5,0,-8.5,-9.7,0.18,OK
F12850,2027-02-13 03:40,G2,-10.0,1,-11.0,-9.7,0.22,OK
F12851,2027-02-13 03:40,G3,-10.2,-1,-9.2,-9.7,0.17,OK
F12852,2027-02-13 03:40,G4,-11.9,0,-11.9,-9.7,0.20,OK
F12853,2027-02-13 03:40,G5,-6.3,2,-8.3,-9.7,0.22,OK
F12854,2027-02-13 03:40,G6,174.2,187,-12.8,-9.7,0.24,OK
F12855,2027-02-13 03:40,G7,-16.3,-2,-14.3,-9.7,0.23,OK
F12856,2027-02-13 03:40,G8,-11.7,0,-11.7,-9.7,0.23,OK
F12857,2027-02-13 03:50,G1,-11.8,0,-11.8,-9.9,0.21,OK
F12858,2027-02-13 03:50,G2,-9.9,1,-10.9,-9.9,0.22,OK
F12859,2027-02-13 03:50,G3,-9.6,-1,-8.6,-9.9,0.23,OK
F12860,2027-02-13 03:50,G4,-10.5,0,-10.5,-9.9,0.16,OK
F12861,2027-02-13 03:50,G5,-10.3,2,-12.3,-9.9,0.24,OK
F12862,2027-02-13 03:50,G6,169.7,187,-17.3,-9.9,0.19,OK
F12863,2027-02-13 03:50,G7,-19.8,-2,-17.8,-9.9,0.22,OK
F12864,2027-02-13 03:50,G8,-18.7,0,-18.7,-9.9,0.24,OK
F12865,2027-02-13 04:00,G1,-13.4,0,-13.4,-10.1,0.23,OK
F12866,2027-02-13 04:00,G2,-10.1,1,-11.1,-10.1,0.20,OK
F12867,2027-02-13 04:00,G3,-9.2,-1,-8.2,-10.1,0.24,OK
F12868,2027-02-13 04:00,G4,-12.5,0,-12.5,-10.1,0.20,OK
F12869,2027-02-13 04:00,G5,-13.3,2,-15.3,-10.1,0.22,OK
F12870,2027-02-13 04:00,G6,169.9,187,-17.1,-10.1,0.19,OK
F12871,2027-02-13 04:00,G7,-18.9,-2,-16.9,-10.1,0.19,OK
F12872,2027-02-13 04:00,G8,-16.3,0,-16.3,-10.1,0.16,OK
F12873,2027-02-13 04:10,G1,-14.0,0,-14.0,-10.3,0.19,OK
F12874,2027-02-13 04:10,G2,-9.3,1,-10.3,-10.3,0.20,OK
F12875,2027-02-13 04:10,G3,-17.5,-1,-16.5,-10.3,0.19,OK
F12876,2027-02-13 04:10,G4,-17.6,0,-17.6,-10.3,0.21,OK
F12877,2027-02-13 04:10,G5,-8.5,2,-10.5,-10.3,0.16,OK
F12878,2027-02-13 04:10,G6,168.2,187,-18.8,-10.3,0.23,OK
F12879,2027-02-13 04:10,G7,-19.5,-2,-17.5,-10.3,0.21,OK
F12880,2027-02-13 04:10,G8,-19.2,0,-19.2,-10.3,0.19,OK
F12881,2027-02-13 04:20,G1,-14.3,0,-14.3,-10.6,0.23,OK
F12882,2027-02-13 04:20,G2,-9.7,1,-10.7,-10.6,0.23,OK
F12883,2027-02-13 04:20,G3,-10.6,-1,-9.6,-10.6,0.21,OK
F12884,2027-02-13 04:20,G4,-10.5,0,-10.5,-10.6,0.22,OK
F12885,2027-02-13 04:20,G5,-16.0,2,-18.0,-10.6,0.18,OK
F12886,2027-02-13 04:20,G6,169.5,187,-17.5,-10.6,0.19,OK
F12887,2027-02-13 04:20,G7,-21.3,-2,-19.3,-10.6,0.21,OK
F12888,2027-02-13 04:20,G8,-17.4,0,-17.4,-10.6,0.19,OK
F12889,2027-02-13 04:30,G1,-15.2,0,-15.2,-10.8,0.22,OK
F12890,2027-02-13 04:30,G2,-15.3,1,-16.3,-10.8,0.20,OK
F12891,2027-02-13 04:30,G3,-12.3,-1,-11.3,-10.8,0.23,OK
F12892,2027-02-13 04:30,G4,-13.7,0,-13.7,-10.8,0.19,OK
F12893,2027-02-13 04:30,G5,-8.9,2,-10.9,-10.8,0.17,OK
F12894,2027-02-13 04:30,G6,172.0,187,-15.0,-10.8,0.23,OK
F12895,2027-02-13 04:30,G7,-14.9,-2,-12.9,-10.8,0.20,OK
F12896,2027-02-13 04:30,G8,-20.8,0,-20.8,-10.8,0.21,OK
F12897,2027-02-13 04:40,G1,-16.7,0,-16.7,-11.0,0.18,OK
F12898,2027-02-13 04:40,G2,-12.8,1,-13.8,-11.0,0.16,OK
F12899,2027-02-13 04:40,G3,-11.2,-1,-10.2,-11.0,0.16,OK
F12900,2027-02-13 04:40,G4,-18.2,0,-18.2,-11.0,0.22,OK
F12901,2027-02-13 04:40,G5,-11.4,2,-13.4,-11.0,0.22,OK
F12902,2027-02-13 04:40,G6,175.0,187,-12.0,-11.0,0.20,OK
F12903,2027-02-13 04:40,G7,-19.0,-2,-17.0,-11.0,0.17,OK
F12904,2027-02-13 04:40,G8,-14.1,0,-14.1,-11.0,0.24,OK
F12905,2027-02-13 04:50,G1,-8.9,0,-8.9,-11.2,0.24,OK
F12906,2027-02-13 04:50,G2,-11.7,1,-12.7,-11.2,0.18,OK
F12907,2027-02-13 04:50,G3,-17.4,-1,-16.4,-11.2,0.23,OK
F12908,2027-02-13 04:50,G4,-13.2,0,-13.2,-11.2,0.18,OK
F12909,2027-02-13 04:50,G5,-10.5,2,-12.5,-11.2,0.23,OK
F12910,2027-02-13 04:50,G6,173.3,187,-13.7,-11.2,0.23,OK
F12911,2027-02-13 04:50,G7,-19.3,-2,-17.3,-11.2,0.23,OK
F12912,2027-02-13 04:50,G8,-18.3,0,-18.3,-11.2,0.24,OK
F12913,2027-02-13 05:00,G1,-15.8,0,-15.8,-11.4,0.18,OK
F12914,2027-02-13 05:00,G2,-14.2,1,-15.2,-11.4,0.20,OK
F12915,2027-02-13 05:00,G3,-15.9,-1,-14.9,-11.4,0.20,OK
F12916,2027-02-13 05:00,G4,-20.0,0,-20.0,-11.4,0.17,OK
F12917,2027-02-13 05:00,G5,-18.3,2,-20.3,-11.4,0.18,OK
F12918,2027-02-13 05:00,G6,166.9,187,-20.1,-11.4,0.17,OK
F12919,2027-02-13 05:00,G7,-19.3,-2,-17.3,-11.4,0.18,OK
F12920,2027-02-13 05:00,G8,-19.6,0,-19.6,-11.4,0.24,OK
F12921,2027-02-13 05:10,G1,-15.7,0,-15.7,-11.5,0.19,OK
F12922,2027-02-13 05:10,G2,-11.5,1,-12.5,-11.5,0.23,OK
F12923,2027-02-13 05:10,G3,-17.2,-1,-16.2,-11.5,0.21,OK
F12924,2027-02-13 05:10,G4,-15.7,0,-15.7,-11.5,0.19,OK
F12925,2027-02-13 05:10,G5,-15.2,2,-17.2,-11.5,0.20,OK
F12926,2027-02-13 05:10,G6,172.5,187,-14.5,-11.5,0.20,OK
F12927,2027-02-13 05:10,G7,-18.4,-2,-16.4,-11.5,0.18,OK
F12928,2027-02-13 05:10,G8,-23.4,0,-23.4,-11.5,0.20,OK
F12929,2027-02-13 05:20,G1,-16.5,0,-16.5,-11.7,0.19,OK
F12930,2027-02-13 05:20,G2,-12.4,1,-13.4,-11.7,0.20,OK
F12931,2027-02-13 05:20,G3,-17.5,-1,-16.5,-11.7,0.20,OK
F12932,2027-02-13 05:20,G4,-16.6,0,-16.6,-11.7,0.24,OK
F12933,2027-02-13 05:20,G5,-16.3,2,-18.3,-11.7,0.23,OK
F12934,2027-02-13 05:20,G6,172.7,187,-14.3,-11.7,0.20,OK
F12935,2027-02-13 05:20,G7,-23.7,-2,-21.7,-11.7,0.17,OK
F12936,2027-02-13 05:20,G8,-23.8,0,-23.8,-11.7,0.20,OK
F12937,2027-02-13 05:30,G1,-13.9,0,-13.9,-11.9,0.21,OK
F12938,2027-02-13 05:30,G2,-15.3,1,-16.3,-11.9,0.23,OK
F12939,2027-02-13 05:30,G3,-17.2,-1,-16.2,-11.9,0.22,OK
F12940,2027-02-13 05:30,G4,-14.6,0,-14.6,-11.9,0.17,OK
F12941,2027-02-13 05:30,G5,-18.8,2,-20.8,-11.9,0.17,OK
F12942,2027-02-13 05:30,G6,169.5,187,-17.5,-11.9,0.20,OK
F12943,2027-02-13 05:30,G7,-21.4,-2,-19.4,-11.9,0.22,OK
F12944,2027-02-13 05:30,G8,-21.7,0,-21.7,-11.9,0.18,OK
F12945,2027-02-13 05:40,G1,-11.8,0,-11.8,-12.0,0.23,OK
F12946,2027-02-13 05:40,G2,-19.0,1,-20.0,-12.0,0.18,OK
F12947,2027-02-13 05:40,G3,-15.4,-1,-14.4,-12.0,0.22,OK
F12948,2027-02-13 05:40,G4,-14.0,0,-14.0,-12.0,0.18,OK
F12949,2027-02-13 05:40,G5,-14.0,2,-16.0,-12.0,0.22,OK
F12950,2027-02-13 05:40,G6,171.4,187,-15.6,-12.0,0.20,OK
F12951,2027-02-13 05:40,G7,-25.3,-2,-23.3,-12.0,0.22,OK
F12952,2027-02-13 05:40,G8,-22.2,0,-22.2,-12.0,0.19,OK
F12953,2027-02-13 05:50,G1,-18.2,0,-18.2,-12.2,0.22,OK
F12954,2027-02-13 05:50,G2,-10.6,1,-11.6,-12.2,0.23,OK
F12955,2027-02-13 05:50,G3,-15.6,-1,-14.6,-12.2,0.21,OK
F12956,2027-02-13 05:50,G4,-14.2,0,-14.2,-12.2,0.20,OK
F12957,2027-02-13 05:50,G5,-20.8,2,-22.8,-12.2,0.21,OK
F12958,2027-02-13 05:50,G6,165.8,187,-21.2,-12.2,0.17,OK
F12959,2027-02-13 05:50,G7,-20.5,-2,-18.5,-12.2,0.23,OK
F12960,2027-02-13 05:50,G8,-25.1,0,-25.1,-12.2,0.24,OK
F12961,2027-02-13 06:00,G1,14.3,0,14.3,-12.3,0.84,OK
F12962,2027-02-13 06:00,G2,25.1,1,24.1,-12.3,0.87,OK
F12963,2027-02-13 06:00,G3,21.8,-1,22.8,-12.3,0.83,OK
F12964,2027-02-13 06:00,G4,33.0,0,33.0,-12.3,0.89,OK
F12965,2027-02-13 06:00,G5,47.7,2,45.7,-12.3,0.86,OK
F12966,2027-02-13 06:00,G6,244.2,187,57.2,-12.3,0.86,OK
F12967,2027-02-13 06:00,G7,22.2,-2,24.2,-12.3,0.87,OK
F12968,2027-02-13 06:00,G8,9.9,0,9.9,-12.3,0.90,OK
F12969,2027-02-13 06:10,G1,-17.0,0,-17.0,-12.4,0.22,OK
F12970,2027-02-13 06:10,G2,-19.7,1,-20.7,-12.4,0.20,OK
F12971,2027-02-13 06:10,G3,-16.1,-1,-15.1,-12.4,0.23,OK
F12972,2027-02-13 06:10,G4,-14.5,0,-14.5,-12.4,0.18,OK
F12973,2027-02-13 06:10,G5,-16.3,2,-18.3,-12.4,0.19,OK
F12974,2027-02-13 06:10,G6,168.4,187,-18.6,-12.4,0.19,OK
F12975,2027-02-13 06:10,G7,-25.5,-2,-23.5,-12.4,0.23,OK
F12976,2027-02-13 06:10,G8,-23.8,0,-23.8,-12.4,0.22,OK
F12977,2027-02-13 06:20,G1,19.2,0,19.2,-12.6,1.06,OK
F12978,2027-02-13 06:20,G2,30.0,1,29.0,-12.6,1.01,OK
F12979,2027-02-13 06:20,G3,31.8,-1,32.8,-12.6,1.03,OK
F12980,2027-02-13 06:20,G4,46.7,0,46.7,-12.6,1.01,OK
F12981,2027-02-13 06:20,G5,67.3,2,65.3,-12.6,1.00,OK
F12982,2027-02-13 06:20,G6,263.3,187,76.3,-12.6,1.06,OK
F12983,2027-02-13 06:20,G7,34.3,-2,36.3,-12.6,1.05,OK
F12984,2027-02-13 06:20,G8,19.7,0,19.7,-12.6,1.06,OK
F12985,2027-02-13 06:30,G1,-12.7,0,-12.7,-12.7,0.24,OK
F12986,2027-02-13 06:30,G2,-20.6,1,-21.6,-12.7,0.16,OK
F12987,2027-02-13 06:30,G3,-18.5,-1,-17.5,-12.7,0.17,OK
F12988,2027-02-13 06:30,G4,-19.6,0,-19.6,-12.7,0.18,OK
F12989,2027-02-13 06:30,G5,-14.9,2,-16.9,-12.7,0.20,OK
F12990,2027-02-13 06:30,G6,170.6,187,-16.4,-12.7,0.24,OK
F12991,2027-02-13 06:30,G7,-28.1,-2,-26.1,-12.7,0.17,OK
F12992,2027-02-13 06:30,G8,-24.3,0,-24.3,-12.7,0.23,OK
F12993,2027-02-13 06:40,G1,-0.3,0,-0.3,-12.8,0.60,OK
F12994,2027-02-13 06:40,G2,8.3,1,7.3,-12.8,0.60,OK
F12995,2027-02-13 06:40,G3,7.4,-1,8.4,-12.8,0.61,OK
F12996,2027-02-13 06:40,G4,15.0,0,15.0,-12.8,0.59,OK
F12997,2027-02-13 06:40,G5,16.0,2,14.0,-12.8,0.57,OK
F12998,2027-02-13 06:40,G6,210.9,187,23.9,-12.8,0.60,OK
F12999,2027-02-13 06:40,G7,7.6,-2,9.6,-12.8,0.59,OK
F13000,2027-02-13 06:40,G8,-2.1,0,-2.1,-12.8,0.62,OK
F13001,2027-02-13 06:50,G1,-17.9,0,-17.9,-12.8,0.17,OK
F13002,2027-02-13 06:50,G2,-18.0,1,-19.0,-12.8,0.23,OK
F13003,2027-02-13 06:50,G3,-18.3,-1,-17.3,-12.8,0.20,OK
F13004,2027-02-13 06:50,G4,-17.3,0,-17.3,-12.8,0.21,OK
F13005,2027-02-13 06:50,G5,-14.9,2,-16.9,-12.8,0.22,OK
F13006,2027-02-13 06:50,G6,165.8,187,-21.2,-12.8,0.18,OK
F13007,2027-02-13 06:50,G7,-27.2,-2,-25.2,-12.8,0.17,OK
F13008,2027-02-13 06:50,G8,-26.4,0,-26.4,-12.8,0.24,OK
F13009,2027-02-13 07:00,G1,11.9,0,11.9,-12.9,0.89,OK
F13010,2027-02-13 07:00,G2,21.7,1,20.7,-12.9,0.95,OK
F13011,2027-02-13 07:00,G3,30.0,-1,31.0,-12.9,0.95,OK
F13012,2027-02-13 07:00,G4,39.0,0,39.0,-12.9,0.95,OK
F13013,2027-02-13 07:00,G5,49.1,2,47.1,-12.9,0.90,OK
F13014,2027-02-13 07:00,G6,245.2,187,58.2,-12.9,0.89,OK
F13015,2027-02-13 07:00,G7,27.4,-2,29.4,-12.9,0.92,OK
F13016,2027-02-13 07:00,G8,8.8,0,8.8,-12.9,0.89,OK
F13017,2027-02-13 07:10,G1,-12.6,0,-12.6,-13.0,0.21,OK
F13018,2027-02-13 07:10,G2,-15.4,1,-16.4,-13.0,0.19,OK
F13019,2027-02-13 07:10,G3,-17.1,-1,-16.1,-13.0,0.19,OK
F13020,2027-02-13 07:10,G4,-22.8,0,-22.8,-13.0,0.19,OK
F13021,2027-02-13 07:10,G5,-18.4,2,-20.4,-13.0,0.16,OK
F13022,2027-02-13 07:10,G6,167.3,187,-19.7,-13.0,0.19,OK
F13023,2027-02-13 07:10,G7,-24.7,-2,-22.7,-13.0,0.20,OK
F13024,2027-02-13 07:10,G8,-21.2,0,-21.2,-13.0,0.21,OK
F13025,2027-02-13 07:20,G1,25.7,0,25.7,-13.0,1.11,OK
F13026,2027-02-13 07:20,G2,34.5,1,33.5,-13.0,1.10,OK
F13027,2027-02-13 07:20,G3,35.3,-1,36.3,-13.0,1.06,OK
F13028,2027-02-13 07:20,G4,53.2,0,53.2,-13.0,1.12,OK
F13029,2027-02-13 07:20,G5,67.6,2,65.6,-13.0,1.06,OK
F13030,2027-02-13 07:20,G6,265.2,187,78.2,-13.0,1.11,OK
F13031,2027-02-13 07:20,G7,41.1,-2,43.1,-13.0,1.06,OK
F13032,2027-02-13 07:20,G8,24.5,0,24.5,-13.0,1.10,OK
F13033,2027-02-13 07:30,G1,-13.4,0,-13.4,-13.1,0.23,OK
F13034,2027-02-13 07:30,G2,-15.0,1,-16.0,-13.1,0.18,OK
F13035,2027-02-13 07:30,G3,-19.1,-1,-18.1,-13.1,0.21,OK
F13036,2027-02-13 07:30,G4,-16.1,0,-16.1,-13.1,0.21,OK
F13037,2027-02-13 07:30,G5,-22.5,2,-24.5,-13.1,0.17,OK
F13038,2027-02-13 07:30,G6,162.0,187,-25.0,-13.1,0.24,OK
F13039,2027-02-13 07:30,G7,-24.2,-2,-22.2,-13.1,0.19,OK
F13040,2027-02-13 07:30,G8,-21.4,0,-21.4,-13.1,0.24,OK
F13041,2027-02-13 07:40,G1,2.4,0,2.4,-13.1,0.66,OK
F13042,2027-02-13 07:40,G2,11.1,1,10.1,-13.1,0.62,OK
F13043,2027-02-13 07:40,G3,6.4,-1,7.4,-13.1,0.62,OK
F13044,2027-02-13 07:40,G4,19.6,0,19.6,-13.1,0.68,OK
F13045,2027-02-13 07:40,G5,24.4,2,22.4,-13.1,0.64,OK
F13046,2027-02-13 07:40,G6,215.8,187,28.8,-13.1,0.63,OK
F13047,2027-02-13 07:40,G7,5.2,-2,7.2,-13.1,0.64,OK
F13048,2027-02-13 07:40,G8,-3.9,0,-3.9,-13.1,0.61,OK
F13049,2027-02-13 07:50,G1,-18.0,0,-18.0,-13.1,0.21,OK
F13050,2027-02-13 07:50,G2,-14.4,1,-15.4,-13.1,0.18,OK
F13051,2027-02-13 07:50,G3,-22.9,-1,-21.9,-13.1,0.24,OK
F13052,2027-02-13 07:50,G4,-23.5,0,-23.5,-13.1,0.22,OK
F13053,2027-02-13 07:50,G5,-18.5,2,-20.5,-13.1,0.17,OK
F13054,2027-02-13 07:50,G6,161.7,187,-25.3,-13.1,0.18,OK
F13055,2027-02-13 07:50,G7,-21.1,-2,-19.1,-13.1,0.23,OK
F13056,2027-02-13 07:50,G8,-26.0,0,-26.0,-13.1,0.18,OK
F13057,2027-02-13 08:00,G1,17.9,0,17.9,-13.1,1.00,OK
F13058,2027-02-13 08:00,G2,22.2,1,21.2,-13.1,1.01,OK
F13059,2027-02-13 08:00,G3,32.6,-1,33.6,-13.1,0.98,OK
F13060,2027-02-13 08:00,G4,48.8,0,48.8,-13.1,0.99,OK
F13061,2027-02-13 08:00,G5,56.3,2,54.3,-13.1,0.97,OK
F13062,2027-02-13 08:00,G6,255.3,187,68.3,-13.1,0.95,OK
F13063,2027-02-13 08:00,G7,30.1,-2,32.1,-13.1,0.97,OK
F13064,2027-02-13 08:00,G8,10.6,0,10.6,-13.1,0.96,OK
F13065,2027-02-13 08:10,G1,-16.8,0,-16.8,-13.1,0.23,OK
F13066,2027-02-13 08:10,G2,-20.2,1,-21.2,-13.1,0.19,OK
F13067,2027-02-13 08:10,G3,-17.8,-1,-16.8,-13.1,0.20,OK
F13068,2027-02-13 08:10,G4,-19.8,0,-19.8,-13.1,0.18,OK
F13069,2027-02-13 08:10,G5,-21.4,2,-23.4,-13.1,0.23,OK
F13070,2027-02-13 08:10,G6,169.3,187,-17.7,-13.1,0.18,OK
F13071,2027-02-13 08:10,G7,-21.7,-2,-19.7,-13.1,0.22,OK
F13072,2027-02-13 08:10,G8,-23.0,0,-23.0,-13.1,0.20,OK
F13073,2027-02-13 08:20,G1,-4.8,0,-4.8,-13.1,0.51,OK
F13074,2027-02-13 08:20,G2,-3.3,1,-4.3,-13.1,0.57,OK
F13075,2027-02-13 08:20,G3,5.2,-1,6.2,-13.1,0.53,OK
F13076,2027-02-13 08:20,G4,9.2,0,9.2,-13.1,0.54,OK
F13077,2027-02-13 08:20,G5,13.2,2,11.2,-13.1,0.49,OK
F13078,2027-02-13 08:20,G6,199.4,187,12.4,-13.1,0.51,OK
F13079,2027-02-13 08:20,G7,1.0,-2,3.0,-13.1,0.57,OK
F13080,2027-02-13 08:20,G8,-12.0,0,-12.0,-13.1,0.51,OK
F13081,2027-02-13 08:30,G1,-21.0,0,-21.0,-13.1,0.22,OK
F13082,2027-02-13 08:30,G2,-15.5,1,-16.5,-13.1,0.16,OK
F13083,2027-02-13 08:30,G3,-20.6,-1,-19.6,-13.1,0.16,OK
F13084,2027-02-13 08:30,G4,-20.3,0,-20.3,-13.1,0.18,OK
F13085,2027-02-13 08:30,G5,-22.2,2,-24.2,-13.1,0.22,OK
F13086,2027-02-13 08:30,G6,164.1,187,-22.9,-13.1,0.18,OK
F13087,2027-02-13 08:30,G7,-27.9,-2,-25.9,-13.1,0.19,OK
F13088,2027-02-13 08:30,G8,-22.3,0,-22.3,-13.1,0.18,OK
F13089,2027-02-13 08:40,G1,6.8,0,6.8,-13.0,0.73,OK
F13090,2027-02-13 08:40,G2,9.2,1,8.2,-13.0,0.71,OK
F13091,2027-02-13 08:40,G3,12.2,-1,13.2,-13.0,0.72,OK
F13092,2027-02-13 08:40,G4,24.9,0,24.9,-13.0,0.67,OK
F13093,2027-02-13 08:40,G5,35.3,2,33.3,-13.0,0.72,OK
F13094,2027-02-13 08:40,G6,218.8,187,31.8,-13.0,0.67,OK
F13095,2027-02-13 08:40,G7,16.3,-2,18.3,-13.0,0.72,OK
F13096,2027-02-13 08:40,G8,3.6,0,3.6,-13.0,0.67,OK
F13097,2027-02-13 08:50,G1,-17.1,0,-17.1,-13.0,0.17,OK
F13098,2027-02-13 08:50,G2,-21.2,1,-22.2,-13.0,0.21,OK
F13099,2027-02-13 08:50,G3,-21.3,-1,-20.3,-13.0,0.23,OK
F13100,2027-02-13 08:50,G4,-24.3,0,-24.3,-13.0,0.17,OK
F13101,2027-02-13 08:50,G5,-16.6,2,-18.6,-13.0,0.22,OK
F13102,2027-02-13 08:50,G6,162.9,187,-24.1,-13.0,0.17,OK
F13103,2027-02-13 08:50,G7,-25.7,-2,-23.7,-13.0,0.18,OK
F13104,2027-02-13 08:50,G8,-26.4,0,-26.4,-13.0,0.23,OK
F13105,2027-02-13 09:00,G1,17.3,0,17.3,-12.9,1.08,OK
F13106,2027-02-13 09:00,G2,25.6,1,24.6,-12.9,1.06,OK
F13107,2027-02-13 09:00,G3,31.6,-1,32.6,-12.9,1.07,OK
F13108,2027-02-13 09:00,G4,47.2,0,47.2,-12.9,1.05,OK
F13109,2027-02-13 09:00,G5,67.6,2,65.6,-12.9,1.02,OK
F13110,2027-02-13 09:00,G6,262.8,187,75.8,-12.9,1.05,OK
F13111,2027-02-13 09:00,G7,33.7,-2,35.7,-12.9,1.01,OK
F13112,2027-02-13 09:00,G8,14.8,0,14.8,-12.9,1.03,OK
F13113,2027-02-13 09:10,G1,-14.1,0,-14.1,-12.8,0.16,OK
F13114,2027-02-13 09:10,G2,-17.5,1,-18.5,-12.8,0.20,OK
F13115,2027-02-13 09:10,G3,-23.6,-1,-22.6,-12.8,0.20,OK
F13116,2027-02-13 09:10,G4,-19.7,0,-19.7,-12.8,0.22,OK
F13117,2027-02-13 09:10,G5,-16.4,2,-18.4,-12.8,0.17,OK
F13118,2027-02-13 09:10,G6,165.5,187,-21.5,-12.8,0.20,OK
F13119,2027-02-13 09:10,G7,-27.1,-2,-25.1,-12.8,0.18,OK
F13120,2027-02-13 09:10,G8,-26.1,0,-26.1,-12.8,0.21,OK
F13121,2027-02-13 09:20,G1,2.8,0,2.8,-12.8,0.61,OK
F13122,2027-02-13 09:20,G2,1.8,1,0.8,-12.8,0.56,OK
F13123,2027-02-13 09:20,G3,9.3,-1,10.3,-12.8,0.56,OK
F13124,2027-02-13 09:20,G4,13.4,0,13.4,-12.8,0.60,OK
F13125,2027-02-13 09:20,G5,21.5,2,19.5,-12.8,0.57,OK
F13126,2027-02-13 09:20,G6,210.0,187,23.0,-12.8,0.59,OK
F13127,2027-02-13 09:20,G7,6.9,-2,8.9,-12.8,0.58,OK
F13128,2027-02-13 09:20,G8,-3.7,0,-3.7,-12.8,0.62,OK
F13129,2027-02-13 09:30,G1,-15.3,0,-15.3,-12.7,0.19,OK
F13130,2027-02-13 09:30,G2,-17.2,1,-18.2,-12.7,0.20,OK
F13131,2027-02-13 09:30,G3,-23.2,-1,-22.2,-12.7,0.23,OK
F13132,2027-02-13 09:30,G4,-18.9,0,-18.9,-12.7,0.16,OK
F13133,2027-02-13 09:30,G5,-22.3,2,-24.3,-12.7,0.18,OK
F13134,2027-02-13 09:30,G6,162.0,187,-25.0,-12.7,0.17,OK
F13135,2027-02-13 09:30,G7,-24.2,-2,-22.2,-12.7,0.20,OK
F13136,2027-02-13 09:30,G8,-22.7,0,-22.7,-12.7,0.24,OK
F13137,2027-02-13 09:40,G1,11.4,0,11.4,-12.6,0.78,OK
F13138,2027-02-13 09:40,G2,15.7,1,14.7,-12.6,0.80,OK
F13139,2027-02-13 09:40,G3,17.8,-1,18.8,-12.6,0.74,OK
F13140,2027-02-13 09:40,G4,26.4,0,26.4,-12.6,0.78,OK
F13141,2027-02-13 09:40,G5,38.8,2,36.8,-12.6,0.80,OK
F13142,2027-02-13 09:40,G6,233.8,187,46.8,-12.6,0.79,OK
F13143,2027-02-13 09:40,G7,18.7,-2,20.7,-12.6,0.79,OK
F13144,2027-02-13 09:40,G8,9.9,0,9.9,-12.6,0.77,OK
F13145,2027-02-13 09:50,G1,-18.4,0,-18.4,-12.4,0.18,OK
F13146,2027-02-13 09:50,G2,-13.1,1,-14.1,-12.4,0.18,OK
F13147,2027-02-13 09:50,G3,-20.2,-1,-19.2,-12.4,0.22,OK
F13148,2027-02-13 09:50,G4,-14.6,0,-14.6,-12.4,0.22,OK
F13149,2027-02-13 09:50,G5,-21.0,2,-23.0,-12.4,0.19,OK
F13150,2027-02-13 09:50,G6,165.2,187,-21.8,-12.4,0.18,OK
F13151,2027-02-13 09:50,G7,-26.0,-2,-24.0,-12.4,0.20,OK
F13152,2027-02-13 09:50,G8,-23.2,0,-23.2,-12.4,0.23,OK
F13153,2027-02-13 10:00,G1,23.9,0,23.9,-12.3,1.09,OK
F13154,2027-02-13 10:00,G2,36.8,1,35.8,-12.3,1.11,OK
F13155,2027-02-13 10:00,G3,45.2,-1,46.2,-12.3,1.13,OK
F13156,2027-02-13 10:00,G4,53.8,0,53.8,-12.3,1.09,OK
F13157,2027-02-13 10:00,G5,75.2,2,73.2,-12.3,1.14,OK
F13158,2027-02-13 10:00,G6,273.5,187,86.5,-12.3,1.12,OK
F13159,2027-02-13 10:00,G7,41.2,-2,43.2,-12.3,1.09,OK
F13160,2027-02-13 10:00,G8,27.5,0,27.5,-12.3,1.07,OK
F13161,2027-02-13 10:10,G1,-16.9,0,-16.9,-12.2,0.24,OK
F13162,2027-02-13 10:10,G2,-16.3,1,-17.3,-12.2,0.21,OK
F13163,2027-02-13 10:10,G3,-19.8,-1,-18.8,-12.2,0.21,OK
F13164,2027-02-13 10:10,G4,-15.9,0,-15.9,-12.2,0.20,OK
F13165,2027-02-13 10:10,G5,-21.0,2,-23.0,-12.2,0.20,OK
F13166,2027-02-13 10:10,G6,164.1,187,-22.9,-12.2,0.17,OK
F13167,2027-02-13 10:10,G7,-21.5,-2,-19.5,-12.2,0.16,OK
F13168,2027-02-13 10:10,G8,-16.9,0,-16.9,-12.2,0.24,OK
F13169,2027-02-13 10:20,G1,7.9,0,7.9,-12.0,0.61,OK
F13170,2027-02-13 10:20,G2,9.0,1,8.0,-12.0,0.62,OK
F13171,2027-02-13 10:20,G3,13.3,-1,14.3,-12.0,0.62,OK
F13172,2027-02-13 10:20,G4,23.6,0,23.6,-12.0,0.66,OK
F13173,2027-02-13 10:20,G5,28.3,2,26.3,-12.0,0.62,OK
F13174,2027-02-13 10:20,G6,218.0,187,31.0,-12.0,0.68,OK
F13175,2027-02-13 10:20,G7,10.6,-2,12.6,-12.0,0.67,OK
F13176,2027-02-13 10:20,G8,-1.9,0,-1.9,-12.0,0.66,OK
F13177,2027-02-13 10:30,G1,-15.1,0,-15.1,-11.9,0.20,OK
F13178,2027-02-13 10:30,G2,-14.0,1,-15.0,-11.9,0.20,OK
F13179,2027-02-13 10:30,G3,-20.0,-1,-19.0,-11.9,0.20,OK
F13180,2027-02-13 10:30,G4,-20.0,0,-20.0,-11.9,0.19,OK
F13181,2027-02-13 10:30,G5,-18.5,2,-20.5,-11.9,0.22,OK
F13182,2027-02-13 10:30,G6,169.9,187,-17.1,-11.9,0.22,OK
F13183,2027-02-13 10:30,G7,-22.2,-2,-20.2,-11.9,0.23,OK
F13184,2027-02-13 10:30,G8,-16.1,0,-16.1,-11.9,0.18,OK
F13185,2027-02-13 10:40,G1,13.1,0,13.1,-11.7,0.80,OK
F13186,2027-02-13 10:40,G2,17.1,1,16.1,-11.7,0.82,OK
F13187,2027-02-13 10:40,G3,22.5,-1,23.5,-11.7,0.85,OK
F13188,2027-02-13 10:40,G4,37.9,0,37.9,-11.7,0.81,OK
F13189,2027-02-13 10:40,G5,45.9,2,43.9,-11.7,0.83,OK
F13190,2027-02-13 10:40,G6,242.9,187,55.9,-11.7,0.80,OK
F13191,2027-02-13 10:40,G7,24.7,-2,26.7,-11.7,0.82,OK
F13192,2027-02-13 10:40,G8,9.7,0,9.7,-11.7,0.83,OK
F13193,2027-02-13 10:50,G1,-14.7,0,-14.7,-11.5,0.23,OK
F13194,2027-02-13 10:50,G2,-13.6,1,-14.6,-11.5,0.20,OK
F13195,2027-02-13 10:50,G3,-16.6,-1,-15.6,-11.5,0.18,OK
F13196,2027-02-13 10:50,G4,-14.4,0,-14.4,-11.5,0.19,OK
F13197,2027-02-13 10:50,G5,-17.2,2,-19.2,-11.5,0.20,OK
F13198,2027-02-13 10:50,G6,166.0,187,-21.0,-11.5,0.22,OK
F13199,2027-02-13 10:50,G7,-17.7,-2,-15.7,-11.5,0.20,OK
F13200,2027-02-13 10:50,G8,-21.5,0,-21.5,-11.5,0.21,OK
F13201,2027-02-13 11:00,G1,3.0,0,3.0,-11.4,0.53,OK
F13202,2027-02-13 11:00,G2,1.4,1,0.4,-11.4,0.53,OK
F13203,2027-02-13 11:00,G3,3.4,-1,4.4,-11.4,0.57,OK
F13204,2027-02-13 11:00,G4,9.1,0,9.1,-11.4,0.57,OK
F13205,2027-02-13 11:00,G5,20.2,2,18.2,-11.4,0.55,OK
F13206,2027-02-13 11:00,G6,209.3,187,22.3,-11.4,0.52,OK
F13207,2027-02-13 11:00,G7,8.5,-2,10.5,-11.4,0.53,OK
F13208,2027-02-13 11:00,G8,1.3,0,1.3,-11.4,0.52,OK
F13209,2027-02-13 11:10,G1,-13.0,0,-13.0,-11.2,0.22,OK
F13210,2027-02-13 11:10,G2,-12.4,1,-13.4,-11.2,0.16,OK
F13211,2027-02-13 11:10,G3,-16.8,-1,-15.8,-11.2,0.23,OK
F13212,2027-02-13 11:10,G4,-14.1,0,-14.1,-11.2,0.18,OK
F13213,2027-02-13 11:10,G5,-12.0,2,-14.0,-11.2,0.17,OK
F13214,2027-02-13 11:10,G6,166.1,187,-20.9,-11.2,0.19,OK
F13215,2027-02-13 11:10,G7,-22.1,-2,-20.1,-11.2,0.23,OK
F13216,2027-02-13 11:10,G8,-22.6,0,-22.6,-11.2,0.20,OK
F13217,2027-02-13 11:20,G1,8.4,0,8.4,-11.0,0.68,OK
F13218,2027-02-13 11:20,G2,16.8,1,15.8,-11.0,0.75,OK
F13219,2027-02-13 11:20,G3,18.2,-1,19.2,-11.0,0.71,OK
F13220,2027-02-13 11:20,G4,25.5,0,25.5,-11.0,0.68,OK
F13221,2027-02-13 11:20,G5,40.9,2,38.9,-11.0,0.71,OK
F13222,2027-02-13 11:20,G6,228.2,187,41.2,-11.0,0.73,OK
F13223,2027-02-13 11:20,G7,23.1,-2,25.1,-11.0,0.74,OK
F13224,2027-02-13 11:20,G8,6.2,0,6.2,-11.0,0.73,OK
F13225,2027-02-13 11:30,G1,-12.9,0,-12.9,-10.8,0.19,OK
F13226,2027-02-13 11:30,G2,-8.7,1,-9.7,-10.8,0.23,OK
F13227,2027-02-13 11:30,G3,-15.1,-1,-14.1,-10.8,0.19,OK
F13228,2027-02-13 11:30,G4,-11.6,0,-11.6,-10.8,0.22,OK
F13229,2027-02-13 11:30,G5,-17.3,2,-19.3,-10.8,0.22,OK
F13230,2027-02-13 11:30,G6,174.8,187,-12.2,-10.8,0.18,OK
F13231,2027-02-13 11:30,G7,-22.6,-2,-20.6,-10.8,0.19,OK
F13232,2027-02-13 11:30,G8,-21.3,0,-21.3,-10.8,0.17,OK
F13233,2027-02-13 11:40,G1,19.0,0,19.0,-10.6,0.88,OK
F13234,2027-02-13 11:40,G2,26.1,1,25.1,-10.6,0.91,OK
F13235,2027-02-13 11:40,G3,31.5,-1,32.5,-10.6,0.88,OK
F13236,2027-02-13 11:40,G4,42.4,0,42.4,-10.6,0.90,OK
F13237,2027-02-13 11:40,G5,59.8,2,57.8,-10.6,0.91,OK
F13238,2027-02-13 11:40,G6,247.1,187,60.1,-10.6,0.89,OK
F13239,2027-02-13 11:40,G7,36.8,-2,38.8,-10.6,0.87,OK
F13240,2027-02-13 11:40,G8,15.1,0,15.1,-10.6,0.86,OK
F13241,2027-02-13 11:50,G1,-11.6,0,-11.6,-10.3,0.20,OK
F13242,2027-02-13 11:50,G2,-15.0,1,-16.0,-10.3,0.23,OK
F13243,2027-02-13 11:50,G3,-12.8,-1,-11.8,-10.3,0.17,OK
F13244,2027-02-13 11:50,G4,-17.6,0,-17.6,-10.3,0.19,OK
F13245,2027-02-13 11:50,G5,-10.7,2,-12.7,-10.3,0.22,OK
F13246,2027-02-13 11:50,G6,171.8,187,-15.2,-10.3,0.23,OK
F13247,2027-02-13 11:50,G7,-12.8,-2,-10.8,-10.3,0.19,OK
F13248,2027-02-13 11:50,G8,-15.1,0,-15.1,-10.3,0.17,OK
F13249,2027-02-13 12:00,G1,3.7,0,3.7,-10.1,0.63,OK
F13250,2027-02-13 12:00,G2,9.4,1,8.4,-10.1,0.60,OK
F13251,2027-02-13 12:00,G3,13.1,-1,14.1,-10.1,0.63,OK
F13252,2027-02-13 12:00,G4,21.5,0,21.5,-10.1,0.59,OK
F13253,2027-02-13 12:00,G5,31.9,2,29.9,-10.1,0.60,OK
F13254,2027-02-13 12:00,G6,217.8,187,30.8,-10.1,0.62,OK
F13255,2027-02-13 12:00,G7,15.2,-2,17.2,-10.1,0.56,OK
F13256,2027-02-13 12:00,G8,8.8,0,8.8,-10.1,0.58,OK
F13257,2027-02-13 12:10,G1,-6.5,0,-6.5,-9.9,0.24,OK
F13258,2027-02-13 12:10,G2,-14.3,1,-15.3,-9.9,0.23,OK
F13259,2027-02-13 12:10,G3,-16.6,-1,-15.6,-9.9,0.23,OK
F13260,2027-02-13 12:10,G4,-10.4,0,-10.4,-9.9,0.23,OK
F13261,2027-02-13 12:10,G5,-13.7,2,-15.7,-9.9,0.20,OK
F13262,2027-02-13 12:10,G6,169.4,187,-17.6,-9.9,0.20,OK
F13263,2027-02-13 12:10,G7,-14.3,-2,-12.3,-9.9,0.21,OK
F13264,2027-02-13 12:10,G8,-12.9,0,-12.9,-9.9,0.19,OK
F13265,2027-02-13 12:20,G1,12.8,0,12.8,-9.7,0.80,OK
F13266,2027-02-13 12:20,G2,22.5,1,21.5,-9.7,0.80,OK
F13267,2027-02-13 12:20,G3,26.1,-1,27.1,-9.7,0.78,OK
F13268,2027-02-13 12:20,G4,40.3,0,40.3,-9.7,0.75,OK
F13269,2027-02-13 12:20,G5,43.1,2,41.1,-9.7,0.78,OK
F13270,2027-02-13 12:20,G6,242.6,187,55.6,-9.7,0.76,OK
F13271,2027-02-13 12:20,G7,28.4,-2,30.4,-9.7,0.81,OK
F13272,2027-02-13 12:20,G8,12.8,0,12.8,-9.7,0.76,OK
F13273,2027-02-13 12:30,G1,-9.4,0,-9.4,-9.4,0.23,OK
F13274,2027-02-13 12:30,G2,-8.8,1,-9.8,-9.4,0.18,OK
F13275,2027-02-13 12:30,G3,-13.6,-1,-12.6,-9.4,0.23,OK
F13276,2027-02-13 12:30,G4,-11.4,0,-11.4,-9.4,0.18,OK
F13277,2027-02-13 12:30,G5,-13.7,2,-15.7,-9.4,0.19,OK
F13278,2027-02-13 12:30,G6,172.4,187,-14.6,-9.4,0.18,OK
F13279,2027-02-13 12:30,G7,-14.8,-2,-12.8,-9.4,0.20,OK
F13280,2027-02-13 12:30,G8,-16.1,0,-16.1,-9.4,0.21,OK
F13281,2027-02-13 12:40,G1,23.6,0,23.6,-9.2,0.93,OK
F13282,2027-02-13 12:40,G2,36.0,1,35.0,-9.2,0.96,OK
F13283,2027-02-13 12:40,G3,42.6,-1,43.6,-9.2,0.98,OK
F13284,2027-02-13 12:40,G4,47.2,0,47.2,-9.2,0.94,OK
F13285,2027-02-13 12:40,G5,69.1,2,67.1,-9.2,0.97,OK
F13286,2027-02-13 12:40,G6,266.0,187,79.0,-9.2,0.97,OK
F13287,2027-02-13 12:40,G7,38.1,-2,40.1,-9.2,0.96,OK
F13288,2027-02-13 12:40,G8,25.0,0,25.0,-9.2,0.92,OK
F13289,2027-02-13 12:50,G1,-5.1,0,-5.1,-8.9,0.23,OK
F13290,2027-02-13 12:50,G2,-7.3,1,-8.3,-8.9,0.18,OK
F13291,2027-02-13 12:50,G3,-5.8,-1,-4.8,-8.9,0.23,OK
F13292,2027-02-13 12:50,G4,-10.5,0,-10.5,-8.9,0.19,OK
F13293,2027-02-13 12:50,G5,-12.2,2,-14.2,-8.9,0.23,OK
F13294,2027-02-13 12:50,G6,178.7,187,-8.3,-8.9,0.21,OK
F13295,2027-02-13 12:50,G7,-15.5,-2,-13.5,-8.9,0.24,OK
F13296,2027-02-13 12:50,G8,-10.9,0,-10.9,-8.9,0.19,OK
F13297,2027-02-13 13:00,G1,16.0,0,16.0,-8.7,0.65,OK
F13298,2027-02-13 13:00,G2,19.0,1,18.0,-8.7,0.65,OK
F13299,2027-02-13 13:00,G3,19.8,-1,20.8,-8.7,0.63,OK
F13300,2027-02-13 13:00,G4,29.7,0,29.7,-8.7,0.68,OK
F13301,2027-02-13 13:00,G5,40.8,2,38.8,-8.7,0.67,OK
F13302,2027-02-13 13:00,G6,226.7,187,39.7,-8.7,0.62,OK
F13303,2027-02-13 13:00,G7,20.2,-2,22.2,-8.7,0.64,OK
F13304,2027-02-13 13:00,G8,11.5,0,11.5,-8.7,0.70,OK
F13305,2027-02-13 13:10,G1,-6.1,0,-6.1,-8.4,0.22,OK
F13306,2027-02-13 13:10,G2,-9.3,1,-10.3,-8.4,0.18,OK
F13307,2027-02-13 13:10,G3,-8.9,-1,-7.9,-8.4,0.21,OK
F13308,2027-02-13 13:10,G4,-4.8,0,-4.8,-8.4,0.16,OK
F13309,2027-02-13 13:10,G5,-7.5,2,-9.5,-8.4,0.24,OK
F13310,2027-02-13 13:10,G6,180.1,187,-6.9,-8.4,0.19,OK
F13311,2027-02-13 13:10,G7,-13.8,-2,-11.8,-8.4,0.23,OK
F13312,2027-02-13 13:10,G8,-9.3,0,-9.3,-8.4,0.20,OK
F13313,2027-02-13 13:20,G1,16.8,0,16.8,-8.2,0.81,OK
F13314,2027-02-13 13:20,G2,29.7,1,28.7,-8.2,0.85,OK
F13315,2027-02-13 13:20,G3,34.8,-1,35.8,-8.2,0.86,OK
F13316,2027-02-13 13:20,G4,42.1,0,42.1,-8.2,0.85,OK
F13317,2027-02-13 13:20,G5,53.2,2,51.2,-8.2,0.82,OK
F13318,2027-02-13 13:20,G6,249.5,187,62.5,-8.2,0.85,OK
F13319,2027-02-13 13:20,G7,34.1,-2,36.1,-8.2,0.86,OK
F13320,2027-02-13 13:20,G8,22.0,0,22.0,-8.2,0.80,OK
F13321,2027-02-13 13:30,G1,-1.9,0,-1.9,-7.9,0.18,OK
F13322,2027-02-13 13:30,G2,-8.8,1,-9.8,-7.9,0.16,OK
F13323,2027-02-13 13:30,G3,-9.2,-1,-8.2,-7.9,0.17,OK
F13324,2027-02-13 13:30,G4,-3.4,0,-3.4,-7.9,0.21,OK
F13325,2027-02-13 13:30,G5,-2.0,2,-4.0,-7.9,0.17,OK
F13326,2027-02-13 13:30,G6,174.7,187,-12.3,-7.9,0.20,OK
F13327,2027-02-13 13:30,G7,-7.2,-2,-5.2,-7.9,0.24,OK
F13328,2027-02-13 13:30,G8,-5.7,0,-5.7,-7.9,0.16,OK
F13329,2027-02-13 13:40,G1,34.1,0,34.1,-7.6,0.99,OK
F13330,2027-02-13 13:40,G2,42.2,1,41.2,-7.6,1.02,OK
F13331,2027-02-13 13:40,G3,42.6,-1,43.6,-7.6,1.04,OK
F13332,2027-02-13 13:40,G4,57.5,0,57.5,-7.6,1.00,OK
F13333,2027-02-13 13:40,G5,76.4,2,74.4,-7.6,0.99,OK
F13334,2027-02-13 13:40,G6,271.5,187,84.5,-7.6,0.99,OK
F13335,2027-02-13 13:40,G7,51.1,-2,53.1,-7.6,1.01,OK
F13336,2027-02-13 13:40,G8,36.1,0,36.1,-7.6,1.05,OK
F13337,2027-02-13 13:50,G1,-8.4,0,-8.4,-7.4,0.20,OK
F13338,2027-02-13 13:50,G2,-4.7,1,-5.7,-7.4,0.17,OK
F13339,2027-02-13 13:50,G3,-5.4,-1,-4.4,-7.4,0.21,OK
F13340,2027-02-13 13:50,G4,-8.7,0,-8.7,-7.4,0.24,OK
F13341,2027-02-13 13:50,G5,-1.1,2,-3.1,-7.4,0.16,OK
F13342,2027-02-13 13:50,G6,182.3,187,-4.7,-7.4,0.22,OK
F13343,2027-02-13 13:50,G7,-10.7,-2,-8.7,-7.4,0.20,OK
F13344,2027-02-13 13:50,G8,-2.9,0,-2.9,-7.4,0.17,OK
F13345,2027-02-13 14:00,G1,15.6,0,15.6,-7.1,0.73,OK
F13346,2027-02-13 14:00,G2,25.0,1,24.0,-7.1,0.76,OK
F13347,2027-02-13 14:00,G3,31.0,-1,32.0,-7.1,0.73,OK
F13348,2027-02-13 14:00,G4,35.9,0,35.9,-7.1,0.69,OK
F13349,2027-02-13 14:00,G5,48.7,2,46.7,-7.1,0.75,OK
F13350,2027-02-13 14:00,G6,237.5,187,50.5,-7.1,0.69,OK
F13351,2027-02-13 14:00,G7,27.4,-2,29.4,-7.1,0.74,OK
F13352,2027-02-13 14:00,G8,21.9,0,21.9,-7.1,0.72,OK
F13353,2027-02-13 14:10,G1,-2.2,0,-2.2,-6.9,0.17,OK
F13354,2027-02-13 14:10,G2,-2.5,1,-3.5,-6.9,0.23,OK
F13355,2027-02-13 14:10,G3,-6.2,-1,-5.2,-6.9,0.24,OK
F13356,2027-02-13 14:10,G4,-0.2,0,-0.2,-6.9,0.20,OK
F13357,2027-02-13 14:10,G5,-4.8,2,-6.8,-6.9,0.17,OK
F13358,2027-02-13 14:10,G6,178.9,187,-8.1,-6.9,0.17,OK
F13359,2027-02-13 14:10,G7,-11.0,-2,-9.0,-6.9,0.20,OK
F13360,2027-02-13 14:10,G8,-1.7,0,-1.7,-6.9,0.21,OK
F13361,2027-02-13 14:20,G1,26.3,0,26.3,-6.6,0.87,OK
F13362,2027-02-13 14:20,G2,33.7,1,32.7,-6.6,0.88,OK
F13363,2027-02-13 14:20,G3,41.0,-1,42.0,-6.6,0.93,OK
F13364,2027-02-13 14:20,G4,54.0,0,54.0,-6.6,0.87,OK
F13365,2027-02-13 14:20,G5,68.3,2,66.3,-6.6,0.87,OK
F13366,2027-02-13 14:20,G6,265.6,187,78.6,-6.6,0.89,OK
F13367,2027-02-13 14:20,G7,41.4,-2,43.4,-6.6,0.89,OK
F13368,2027-02-13 14:20,G8,25.8,0,25.8,-6.6,0.94,OK
F13369,2027-02-13 14:30,G1,-6.0,0,-6.0,-6.3,0.17,OK
F13370,2027-02-13 14:30,G2,-6.1,1,-7.1,-6.3,0.24,OK
F13371,2027-02-13 14:30,G3,-1.0,-1,0.0,-6.3,0.24,OK
F13372,2027-02-13 14:30,G4,-2.4,0,-2.4,-6.3,0.19,OK
F13373,2027-02-13 14:30,G5,-5.2,2,-7.2,-6.3,0.20,OK
F13374,2027-02-13 14:30,G6,185.1,187,-1.9,-6.3,0.24,OK
F13375,2027-02-13 14:30,G7,-3.9,-2,-1.9,-6.3,0.16,OK
F13376,2027-02-13 14:30,G8,-6.3,0,-6.3,-6.3,0.23,OK
F13377,2027-02-13 14:40,G1,35.3,0,35.3,-6.1,1.09,OK
F13378,2027-02-13 14:40,G2,45.7,1,44.7,-6.1,1.07,OK
F13379,2027-02-13 14:40,G3,50.5,-1,51.5,-6.1,1.10,OK
F13380,2027-02-13 14:40,G4,66.7,0,66.7,-6.1,1.09,OK
F13381,2027-02-13 14:40,G5,85.9,2,83.9,-6.1,1.05,OK
F13382,2027-02-13 14:40,G6,284.5,187,97.5,-6.1,1.06,OK
F13383,2027-02-13 14:40,G7,58.6,-2,60.6,-6.1,1.09,OK
F13384,2027-02-13 14:40,G8,35.7,0,35.7,-6.1,1.05,OK
F13385,2027-02-13 14:50,G1,-1.2,0,-1.2,-5.8,0.22,OK
F13386,2027-02-13 14:50,G2,-1.9,1,-2.9,-5.8,0.21,OK
F13387,2027-02-13 14:50,G3,-5.2,-1,-4.2,-5.8,0.24,OK
F13388,2027-02-13 14:50,G4,0.2,0,0.2,-5.8,0.23,OK
F13389,2027-02-13 14:50,G5,2.6,2,0.6,-5.8,0.21,OK
F13390,2027-02-13 14:50,G6,185.2,187,-1.8,-5.8,0.18,OK
F13391,2027-02-13 14:50,G7,-6.2,-2,-4.2,-5.8,0.17,OK
F13392,2027-02-13 14:50,G8,-3.6,0,-3.6,-5.8,0.22,OK
F13393,2027-02-13 15:00,G1,28.3,0,28.3,-5.6,0.81,OK
F13394,2027-02-13 15:00,G2,30.5,1,29.5,-5.6,0.80,OK
F13395,2027-02-13 15:00,G3,33.3,-1,34.3,-5.6,0.81,OK
F13396,2027-02-13 15:00,G4,44.4,0,44.4,-5.6,0.77,OK
F13397,2027-02-13 15:00,G5,61.6,2,59.6,-5.6,0.77,OK
F13398,2027-02-13 15:00,G6,249.0,187,62.0,-5.6,0.75,OK
F13399,2027-02-13 15:00,G7,40.8,-2,42.8,-5.6,0.76,OK
F13400,2027-02-13 15:00,G8,28.8,0,28.8,-5.6,0.81,OK
F13401,2027-02-13 15:10,G1,-1.9,0,-1.9,-5.3,0.19,OK
F13402,2027-02-13 15:10,G2,0.3,1,-0.7,-5.3,0.18,OK
F13403,2027-02-13 15:10,G3,0.5,-1,1.5,-5.3,0.17,OK
F13404,2027-02-13 15:10,G4,-2.4,0,-2.4,-5.3,0.18,OK
F13405,2027-02-13 15:10,G5,-2.9,2,-4.9,-5.3,0.17,OK
F13406,2027-02-13 15:10,G6,189.1,187,2.1,-5.3,0.17,OK
F13407,2027-02-13 15:10,G7,-3.0,-2,-1.0,-5.3,0.23,OK
F13408,2027-02-13 15:10,G8,-4.0,0,-4.0,-5.3,0.24,OK
F13409,2027-02-13 15:20,G1,34.5,0,34.5,-5.1,0.98,OK
F13410,2027-02-13 15:20,G2,40.3,1,39.3,-5.1,0.92,OK
F13411,2027-02-13 15:20,G3,46.9,-1,47.9,-5.1,0.98,OK
F13412,2027-02-13 15:20,G4,58.0,0,58.0,-5.1,0.92,OK
F13413,2027-02-13 15:20,G5,75.4,2,73.4,-5.1,0.93,OK
F13414,2027-02-13 15:20,G6,277.1,187,90.1,-5.1,0.97,OK
F13415,2027-02-13 15:20,G7,52.5,-2,54.5,-5.1,1.00,OK
F13416,2027-02-13 15:20,G8,40.8,0,40.8,-5.1,0.99,OK
F13417,2027-02-13 15:30,G1,-2.8,0,-2.8,-4.8,0.21,OK
F13418,2027-02-13 15:30,G2,-3.1,1,-4.1,-4.8,0.17,OK
F13419,2027-02-13 15:30,G3,-0.5,-1,0.5,-4.8,0.20,OK
F13420,2027-02-13 15:30,G4,-1.5,0,-1.5,-4.8,0.23,OK
F13421,2027-02-13 15:30,G5,-0.2,2,-2.2,-4.8,0.22,OK
F13422,2027-02-13 15:30,G6,187.1,187,0.1,-4.8,0.23,OK
F13423,2027-02-13 15:30,G7,1.4,-2,3.4,-4.8,0.21,OK
F13424,2027-02-13 15:30,G8,0.5,0,0.5,-4.8,0.24,OK
F13425,2027-02-13 15:40,G1,12.5,0,12.5,-4.6,0.53,OK
F13426,2027-02-13 15:40,G2,21.6,1,20.6,-4.6,0.48,OK
F13427,2027-02-13 15:40,G3,20.4,-1,21.4,-4.6,0.47,OK
F13428,2027-02-13 15:40,G4,29.5,0,29.5,-4.6,0.48,OK
F13429,2027-02-13 15:40,G5,33.2,2,31.2,-4.6,0.48,OK
F13430,2027-02-13 15:40,G6,226.3,187,39.3,-4.6,0.51,OK
F13431,2027-02-13 15:40,G7,20.6,-2,22.6,-4.6,0.46,OK
F13432,2027-02-13 15:40,G8,15.1,0,15.1,-4.6,0.53,OK
F13433,2027-02-13 15:50,G1,0.5,0,0.5,-4.3,0.21,OK
F13434,2027-02-13 15:50,G2,0.6,1,-0.4,-4.3,0.19,OK
F13435,2027-02-13 15:50,G3,-1.8,-1,-0.8,-4.3,0.20,OK
F13436,2027-02-13 15:50,G4,-1.9,0,-1.9,-4.3,0.18,OK
F13437,2027-02-13 15:50,G5,6.2,2,4.2,-4.3,0.23,OK
F13438,2027-02-13 15:50,G6,184.8,187,-2.2,-4.3,0.20,OK
F13439,2027-02-13 15:50,G7,1.3,-2,3.3,-4.3,0.19,OK
F13440,2027-02-13 15:50,G8,-0.7,0,-0.7,-4.3,0.19,OK
F13441,2027-02-13 16:00,G1,26.0,0,26.0,-4.1,0.85,OK
F13442,2027-02-13 16:00,G2,40.8,1,39.8,-4.1,0.85,OK
F13443,2027-02-13 16:00,G3,39.8,-1,40.8,-4.1,0.87,OK
F13444,2027-02-13 16:00,G4,52.6,0,52.6,-4.1,0.84,OK
F13445,2027-02-13 16:00,G5,66.4,2,64.4,-4.1,0.86,OK
F13446,2027-02-13 16:00,G6,259.5,187,72.5,-4.1,0.86,OK
F13447,2027-02-13 16:00,G7,50.6,-2,52.6,-4.1,0.84,OK
F13448,2027-02-13 16:00,G8,32.4,0,32.4,-4.1,0.88,OK
F13449,2027-02-13 16:10,G1,0.4,0,0.4,-3.9,0.23,OK
F13450,2027-02-13 16:10,G2,0.2,1,-0.8,-3.9,0.21,OK
F13451,2027-02-13 16:10,G3,-2.3,-1,-1.3,-3.9,0.16,OK
F13452,2027-02-13 16:10,G4,5.2,0,5.2,-3.9,0.23,OK
F13453,2027-02-13 16:10,G5,5.6,2,3.6,-3.9,0.19,OK
F13454,2027-02-13 16:10,G6,193.4,187,6.4,-3.9,0.22,OK
F13455,2027-02-13 16:10,G7,2.0,-2,4.0,-3.9,0.18,OK
F13456,2027-02-13 16:10,G8,2.6,0,2.6,-3.9,0.16,OK
F13457,2027-02-13 16:20,G1,37.2,0,37.2,-3.7,1.02,OK
F13458,2027-02-13 16:20,G2,46.2,1,45.2,-3.7,1.03,OK
F13459,2027-02-13 16:20,G3,51.9,-1,52.9,-3.7,1.05,OK
F13460,2027-02-13 16:20,G4,69.1,0,69.1,-3.7,1.01,OK
F13461,2027-02-13 16:20,G5,87.6,2,85.6,-3.7,1.04,OK
F13462,2027-02-13 16:20,G6,285.6,187,98.6,-3.7,1.01,OK
F13463,2027-02-13 16:20,G7,65.4,-2,67.4,-3.7,1.01,OK
F13464,2027-02-13 16:20,G8,48.0,0,48.0,-3.7,1.05,OK
F13465,2027-02-13 16:30,G1,-0.4,0,-0.4,-3.5,0.21,OK
F13466,2027-02-13 16:30,G2,7.6,1,6.6,-3.5,0.21,OK
F13467,2027-02-13 16:30,G3,5.9,-1,6.9,-3.5,0.18,OK
F13468,2027-02-13 16:30,G4,3.9,0,3.9,-3.5,0.20,OK
F13469,2027-02-13 16:30,G5,3.1,2,1.1,-3.5,0.22,OK
F13470,2027-02-13 16:30,G6,189.0,187,2.0,-3.5,0.21,OK
F13471,2027-02-13 16:30,G7,1.6,-2,3.6,-3.5,0.23,OK
F13472,2027-02-13 16:30,G8,5.7,0,5.7,-3.5,0.19,OK
F13473,2027-02-13 16:40,G1,18.9,0,18.9,-3.3,0.60,OK
F13474,2027-02-13 16:40,G2,28.5,1,27.5,-3.3,0.57,OK
F13475,2027-02-13 16:40,G3,28.5,-1,29.5,-3.3,0.59,OK
F13476,2027-02-13 16:40,G4,36.4,0,36.4,-3.3,0.54,OK
F13477,2027-02-13 16:40,G5,39.0,2,37.0,-3.3,0.58,OK
F13478,2027-02-13 16:40,G6,230.0,187,43.0,-3.3,0.57,OK
F13479,2027-02-13 16:40,G7,31.7,-2,33.7,-3.3,0.54,OK
F13480,2027-02-13 16:40,G8,26.4,0,26.4,-3.3,0.59,OK
F13481,2027-02-13 16:50,G1,8.3,0,8.3,-3.1,0.24,OK
F13482,2027-02-13 16:50,G2,6.4,1,5.4,-3.1,0.19,OK
F13483,2027-02-13 16:50,G3,1.0,-1,2.0,-3.1,0.22,OK
F13484,2027-02-13 16:50,G4,9.0,0,9.0,-3.1,0.18,OK
F13485,2027-02-13 16:50,G5,4.4,2,2.4,-3.1,0.23,OK
F13486,2027-02-13 16:50,G6,188.9,187,1.9,-3.1,0.22,OK
F13487,2027-02-13 16:50,G7,1.8,-2,3.8,-3.1,0.23,OK
F13488,2027-02-13 16:50,G8,8.0,0,8.0,-3.1,0.16,OK
F13489,2027-02-13 17:00,G1,39.1,0,39.1,-2.9,0.93,OK
F13490,2027-02-13 17:00,G2,42.1,1,41.1,-2.9,0.88,OK
F13491,2027-02-13 17:00,G3,48.8,-1,49.8,-2.9,0.92,OK
F13492,2027-02-13 17:00,G4,60.9,0,60.9,-2.9,0.91,OK
F13493,2027-02-13 17:00,G5,74.8,2,72.8,-2.9,0.92,OK
F13494,2027-02-13 17:00,G6,273.7,187,86.7,-2.9,0.87,OK
F13495,2027-02-13 17:00,G7,54.4,-2,56.4,-2.9,0.93,OK
F13496,2027-02-13 17:00,G8,38.5,0,38.5,-2.9,0.87,OK
F13497,2027-02-13 17:10,G1,4.6,0,4.6,-2.7,0.22,OK
F13498,2027-02-13 17:10,G2,8.1,1,7.1,-2.7,0.21,OK
F13499,2027-02-13 17:10,G3,4.4,-1,5.4,-2.7,0.21,OK
F13500,2027-02-13 17:10,G4,3.5,0,3.5,-2.7,0.23,OK
F13501,2027-02-13 17:10,G5,8.0,2,6.0,-2.7,0.20,OK
F13502,2027-02-13 17:10,G6,194.4,187,7.4,-2.7,0.18,OK
F13503,2027-02-13 17:10,G7,4.8,-2,6.8,-2.7,0.20,OK
F13504,2027-02-13 17:10,G8,10.9,0,10.9,-2.7,0.24,OK
F13505,2027-02-13 17:20,G1,47.7,0,47.7,-2.5,1.04,OK
F13506,2027-02-13 17:20,G2,56.8,1,55.8,-2.5,1.04,OK
F13507,2027-02-13 17:20,G3,63.7,-1,64.7,-2.5,1.08,OK
F13508,2027-02-13 17:20,G4,79.4,0,79.4,-2.5,1.12,OK
F13509,2027-02-13 17:20,G5,97.1,2,95.1,-2.5,1.06,OK
F13510,2027-02-13 17:20,G6,294.2,187,107.2,-2.5,1.10,OK
F13511,2027-02-13 17:20,G7,71.3,-2,73.3,-2.5,1.11,OK
F13512,2027-02-13 17:20,G8,55.2,0,55.2,-2.5,1.05,OK
F13513,2027-02-13 17:30,G1,7.5,0,7.5,-2.4,0.20,OK
F13514,2027-02-13 17:30,G2,3.7,1,2.7,-2.4,0.17,OK
F13515,2027-02-13 17:30,G3,5.9,-1,6.9,-2.4,0.23,OK
F13516,2027-02-13 17:30,G4,8.3,0,8.3,-2.4,0.20,OK
F13517,2027-02-13 17:30,G5,12.7,2,10.7,-2.4,0.22,OK
F13518,2027-02-13 17:30,G6,192.8,187,5.8,-2.4,0.18,OK
F13519,2027-02-13 17:30,G7,8.0,-2,10.0,-2.4,0.20,OK
F13520,2027-02-13 17:30,G8,3.3,0,3.3,-2.4,0.19,OK
F13521,2027-02-13 17:40,G1,25.9,0,25.9,-2.2,0.60,OK
F13522,2027-02-13 17:40,G2,30.9,1,29.9,-2.2,0.61,OK
F13523,2027-02-13 17:40,G3,30.3,-1,31.3,-2.2,0.65,OK
F13524,2027-02-13 17:40,G4,42.0,0,42.0,-2.2,0.65,OK
F13525,2027-02-13 17:40,G5,47.8,2,45.8,-2.2,0.59,OK
F13526,2027-02-13 17:40,G6,239.9,187,52.9,-2.2,0.66,OK
F13527,2027-02-13 17:40,G7,36.9,-2,38.9,-2.2,0.62,OK
F13528,2027-02-13 17:40,G8,28.5,0,28.5,-2.2,0.59,OK
F13529,2027-02-13 17:50,G1,5.3,0,5.3,-2.1,0.17,OK
F13530,2027-02-13 17:50,G2,11.3,1,10.3,-2.1,0.19,OK
F13531,2027-02-13 17:50,G3,6.4,-1,7.4,-2.1,0.16,OK
F13532,2027-02-13 17:50,G4,9.2,0,9.2,-2.1,0.19,OK
F13533,2027-02-13 17:50,G5,10.0,2,8.0,-2.1,0.18,OK
F13534,2027-02-13 17:50,G6,195.7,187,8.7,-2.1,0.23,OK
F13535,2027-02-13 17:50,G7,7.1,-2,9.1,-2.1,0.18,OK
F13536,2027-02-13 17:50,G8,11.0,0,11.0,-2.1,0.22,OK
F13537,2027-02-13 18:00,G1,37.3,0,37.3,-1.9,0.99,OK
F13538,2027-02-13 18:00,G2,52.0,1,51.0,-1.9,1.00,OK
F13539,2027-02-13 18:00,G3,54.1,-1,55.1,-1.9,0.95,OK
F13540,2027-02-13 18:00,G4,69.9,0,69.9,-1.9,0.99,OK
F13541,2027-02-13 18:00,G5,84.5,2,82.5,-1.9,0.98,OK
F13542,2027-02-13 18:00,G6,287.6,187,100.6,-1.9,0.93,OK
F13543,2027-02-13 18:00,G7,64.7,-2,66.7,-1.9,0.93,OK
F13544,2027-02-13 18:00,G8,44.0,0,44.0,-1.9,0.97,OK
F13545,2027-02-13 18:10,G1,5.2,0,5.2,-1.8,0.21,OK
F13546,2027-02-13 18:10,G2,5.1,1,4.1,-1.8,0.18,OK
F13547,2027-02-13 18:10,G3,2.3,-1,3.3,-1.8,0.23,OK
F13548,2027-02-13 18:10,G4,8.4,0,8.4,-1.8,0.23,OK
F13549,2027-02-13 18:10,G5,14.3,2,12.3,-1.8,0.23,OK
F13550,2027-02-13 18:10,G6,195.9,187,8.9,-1.8,0.19,OK
F13551,2027-02-13 18:10,G7,5.3,-2,7.3,-1.8,0.16,OK
F13552,2027-02-13 18:10,G8,8.2,0,8.2,-1.8,0.16,OK
F13553,2027-02-13 18:20,G1,24.0,0,24.0,-1.7,0.49,OK
F13554,2027-02-13 18:20,G2,21.8,1,20.8,-1.7,0.55,OK
F13555,2027-02-13 18:20,G3,31.2,-1,32.2,-1.7,0.48,OK
F13556,2027-02-13 18:20,G4,37.7,0,37.7,-1.7,0.52,OK
F13557,2027-02-13 18:20,G5,37.3,2,35.3,-1.7,0.50,OK
F13558,2027-02-13 18:20,G6,229.8,187,42.8,-1.7,0.52,OK
F13559,2027-02-13 18:20,G7,28.7,-2,30.7,-1.7,0.51,OK
F13560,2027-02-13 18:20,G8,25.7,0,25.7,-1.7,0.50,OK
F13561,2027-02-13 18:30,G1,3.4,0,3.4,-1.6,0.17,OK
F13562,2027-02-13 18:30,G2,10.8,1,9.8,-1.6,0.24,OK
F13563,2027-02-13 18:30,G3,10.6,-1,11.6,-1.6,0.17,OK
F13564,2027-02-13 18:30,G4,9.5,0,9.5,-1.6,0.21,OK
F13565,2027-02-13 18:30,G5,11.6,2,9.6,-1.6,0.19,OK
F13566,2027-02-13 18:30,G6,194.8,187,7.8,-1.6,0.19,OK
F13567,2027-02-13 18:30,G7,8.8,-2,10.8,-1.6,0.16,OK
F13568,2027-02-13 18:30,G8,13.8,0,13.8,-1.6,0.19,OK
F13569,2027-02-13 18:40,G1,33.2,0,33.2,-1.5,0.65,OK
F13570,2027-02-13 18:40,G2,37.4,1,36.4,-1.5,0.69,OK
F13571,2027-02-13 18:40,G3,42.2,-1,43.2,-1.5,0.69,OK
F13572,2027-02-13 18:40,G4,52.3,0,52.3,-1.5,0.72,OK
F13573,2027-02-13 18:40,G5,63.6,2,61.6,-1.5,0.71,OK
F13574,2027-02-13 18:40,G6,250.3,187,63.3,-1.5,0.70,OK
F13575,2027-02-13 18:40,G7,47.3,-2,49.3,-1.5,0.69,OK
F13576,2027-02-13 18:40,G8,38.6,0,38.6,-1.5,0.70,OK
F13577,2027-02-13 18:50,G1,6.7,0,6.7,-1.4,0.17,OK
F13578,2027-02-13 18:50,G2,10.6,1,9.6,-1.4,0.23,OK
F13579,2027-02-13 18:50,G3,3.9,-1,4.9,-1.4,0.19,OK
F13580,2027-02-13 18:50,G4,13.0,0,13.0,-1.4,0.22,OK
F13581,2027-02-13 18:50,G5,10.8,2,8.8,-1.4,0.20,OK
F13582,2027-02-13 18:50,G6,196.7,187,9.7,-1.4,0.18,OK
F13583,2027-02-13 18:50,G7,11.3,-2,13.3,-1.4,0.18,OK
F13584,2027-02-13 18:50,G8,7.1,0,7.1,-1.4,0.19,OK
F13585,2027-02-13 19:00,G1,48.1,0,48.1,-1.3,1.03,OK
F13586,2027-02-13 19:00,G2,54.8,1,53.8,-1.3,1.03,OK
F13587,2027-02-13 19:00,G3,58.5,-1,59.5,-1.3,1.06,OK
F13588,2027-02-13 19:00,G4,73.6,0,73.6,-1.3,1.05,OK
F13589,2027-02-13 19:00,G5,94.8,2,92.8,-1.3,1.06,OK
F13590,2027-02-13 19:00,G6,291.4,187,104.4,-1.3,1.02,OK
F13591,2027-02-13 19:00,G7,70.6,-2,72.6,-1.3,1.07,OK
F13592,2027-02-13 19:00,G8,51.1,0,51.1,-1.3,1.01,OK
F13593,2027-02-13 19:10,G1,9.1,0,9.1,-1.3,0.23,OK
F13594,2027-02-13 19:10,G2,7.2,1,6.2,-1.3,0.22,OK
F13595,2027-02-13 19:10,G3,7.9,-1,8.9,-1.3,0.24,OK
F13596,2027-02-13 19:10,G4,13.5,0,13.5,-1.3,0.19,OK
F13597,2027-02-13 19:10,G5,8.5,2,6.5,-1.3,0.19,OK
F13598,2027-02-13 19:10,G6,201.3,187,14.3,-1.3,0.22,OK
F13599,2027-02-13 19:10,G7,4.5,-2,6.5,-1.3,0.19,OK
F13600,2027-02-13 19:10,G8,13.2,0,13.2,-1.3,0.19,OK
F13601,2027-02-13 19:20,G1,22.1,0,22.1,-1.2,0.61,OK
F13602,2027-02-13 19:20,G2,30.0,1,29.0,-1.2,0.57,OK
F13603,2027-02-13 19:20,G3,32.9,-1,33.9,-1.2,0.60,OK
F13604,2027-02-13 19:20,G4,37.7,0,37.7,-1.2,0.58,OK
F13605,2027-02-13 19:20,G5,48.1,2,46.1,-1.2,0.60,OK
F13606,2027-02-13 19:20,G6,236.5,187,49.5,-1.2,0.59,OK
F13607,2027-02-13 19:20,G7,40.4,-2,42.4,-1.2,0.57,OK
F13608,2027-02-13 19:20,G8,28.8,0,28.8,-1.2,0.59,OK
F13609,2027-02-13 19:30,G1,6.8,0,6.8,-1.2,0.18,OK
F13610,2027-02-13 19:30,G2,11.1,1,10.1,-1.2,0.17,OK
F13611,2027-02-13 19:30,G3,7.9,-1,8.9,-1.2,0.18,OK
F13612,2027-02-13 19:30,G4,12.1,0,12.1,-1.2,0.20,OK
F13613,2027-02-13 19:30,G5,13.6,2,11.6,-1.2,0.20,OK
F13614,2027-02-13 19:30,G6,193.3,187,6.3,-1.2,0.21,OK
F13615,2027-02-13 19:30,G7,8.4,-2,10.4,-1.2,0.22,OK
F13616,2027-02-13 19:30,G8,7.3,0,7.3,-1.2,0.23,OK
F13617,2027-02-13 19:40,G1,28.6,0,28.6,-1.1,0.79,OK
F13618,2027-02-13 19:40,G2,36.6,1,35.6,-1.1,0.76,OK
F13619,2027-02-13 19:40,G3,41.8,-1,42.8,-1.1,0.78,OK
F13620,2027-02-13 19:40,G4,51.5,0,51.5,-1.1,0.75,OK
F13621,2027-02-13 19:40,G5,68.7,2,66.7,-1.1,0.73,OK
F13622,2027-02-13 19:40,G6,256.8,187,69.8,-1.1,0.73,OK
F13623,2027-02-13 19:40,G7,51.3,-2,53.3,-1.1,0.75,OK
F13624,2027-02-13 19:40,G8,40.9,0,40.9,-1.1,0.72,OK
F13625,2027-02-13 19:50,G1,4.4,0,4.4,-1.1,0.21,OK
F13626,2027-02-13 19:50,G2,6.2,1,5.2,-1.1,0.23,OK
F13627,2027-02-13 19:50,G3,8.4,-1,9.4,-1.1,0.20,OK
F13628,2027-02-13 19:50,G4,13.1,0,13.1,-1.1,0.17,OK
F13629,2027-02-13 19:50,G5,9.2,2,7.2,-1.1,0.17,OK
F13630,2027-02-13 19:50,G6,196.0,187,9.0,-1.1,0.19,OK
F13631,2027-02-13 19:50,G7,11.4,-2,13.4,-1.1,0.17,OK
F13632,2027-02-13 19:50,G8,11.0,0,11.0,-1.1,0.16,OK
F13633,2027-02-13 20:00,G1,47.9,0,47.9,-1.1,1.12,OK
F13634,2027-02-13 20:00,G2,59.6,1,58.6,-1.1,1.10,OK
F13635,2027-02-13 20:00,G3,65.0,-1,66.0,-1.1,1.06,OK
F13636,2027-02-13 20:00,G4,83.1,0,83.1,-1.1,1.07,OK
F13637,2027-02-13 20:00,G5,99.9,2,97.9,-1.1,1.10,OK
F13638,2027-02-13 20:00,G6,298.9,187,111.9,-1.1,1.06,OK
F13639,2027-02-13 20:00,G7,73.2,-2,75.2,-1.1,1.10,OK
F13640,2027-02-13 20:00,G8,59.3,0,59.3,-1.1,1.12,OK
F13641,2027-02-13 20:10,G1,9.3,0,9.3,-1.1,0.17,OK
F13642,2027-02-13 20:10,G2,11.2,1,10.2,-1.1,0.18,OK
F13643,2027-02-13 20:10,G3,5.2,-1,6.2,-1.1,0.21,OK
F13644,2027-02-13 20:10,G4,13.8,0,13.8,-1.1,0.18,OK
F13645,2027-02-13 20:10,G5,8.4,2,6.4,-1.1,0.17,OK
F13646,2027-02-13 20:10,G6,194.0,187,7.0,-1.1,0.20,OK
F13647,2027-02-13 20:10,G7,11.4,-2,13.4,-1.1,0.21,OK
F13648,2027-02-13 20:10,G8,7.9,0,7.9,-1.1,0.17,OK
F13649,2027-02-13 20:20,G1,29.8,0,29.8,-1.1,0.63,OK
F13650,2027-02-13 20:20,G2,32.9,1,31.9,-1.1,0.60,OK
F13651,2027-02-13 20:20,G3,33.9,-1,34.9,-1.1,0.66,OK
F13652,2027-02-13 20:20,G4,43.0,0,43.0,-1.1,0.67,OK
F13653,2027-02-13 20:20,G5,53.9,2,51.9,-1.1,0.61,OK
F13654,2027-02-13 20:20,G6,245.4,187,58.4,-1.1,0.61,OK
F13655,2027-02-13 20:20,G7,39.3,-2,41.3,-1.1,0.66,OK
F13656,2027-02-13 20:20,G8,34.0,0,34.0,-1.1,0.60,OK
F13657,2027-02-13 20:30,G1,4.0,0,4.0,-1.2,0.20,OK
F13658,2027-02-13 20:30,G2,7.9,1,6.9,-1.2,0.20,OK
F13659,2027-02-13 20:30,G3,4.5,-1,5.5,-1.2,0.23,OK
F13660,2027-02-13 20:30,G4,5.3,0,5.3,-1.2,0.19,OK
F13661,2027-02-13 20:30,G5,13.2,2,11.2,-1.2,0.22,OK
F13662,2027-02-13 20:30,G6,194.4,187,7.4,-1.2,0.19,OK
F13663,2027-02-13 20:30,G7,8.1,-2,10.1,-1.2,0.18,OK
F13664,2027-02-13 20:30,G8,12.8,0,12.8,-1.2,0.17,OK
F13665,2027-02-13 20:40,G1,32.0,0,32.0,-1.2,0.83,OK
F13666,2027-02-13 20:40,G2,42.7,1,41.7,-1.2,0.83,OK
F13667,2027-02-13 20:40,G3,50.9,-1,51.9,-1.2,0.80,OK
F13668,2027-02-13 20:40,G4,58.7,0,58.7,-1.2,0.79,OK
F13669,2027-02-13 20:40,G5,73.5,2,71.5,-1.2,0.83,OK
F13670,2027-02-13 20:40,G6,265.2,187,78.2,-1.2,0.81,OK
F13671,2027-02-13 20:40,G7,51.3,-2,53.3,-1.2,0.84,OK
F13672,2027-02-13 20:40,G8,37.1,0,37.1,-1.2,0.79,OK
F13673,2027-02-13 20:50,G1,5.0,0,5.0,-1.3,0.24,OK
F13674,2027-02-13 20:50,G2,12.7,1,11.7,-1.3,0.18,OK
F13675,2027-02-13 20:50,G3,12.1,-1,13.1,-1.3,0.19,OK
F13676,2027-02-13 20:50,G4,11.8,0,11.8,-1.3,0.16,OK
F13677,2027-02-13 20:50,G5,8.9,2,6.9,-1.3,0.24,OK
F13678,2027-02-13 20:50,G6,193.0,187,6.0,-1.3,0.18,OK
F13679,2027-02-13 20:50,G7,7.9,-2,9.9,-1.3,0.18,OK
F13680,2027-02-13 20:50,G8,13.8,0,13.8,-1.3,0.21,OK
F13681,2027-02-13 21:00,G1,22.7,0,22.7,-1.3,0.51,OK
F13682,2027-02-13 21:00,G2,30.6,1,29.6,-1.3,0.54,OK
F13683,2027-02-13 21:00,G3,30.8,-1,31.8,-1.3,0.51,OK
F13684,2027-02-13 21:00,G4,38.6,0,38.6,-1.3,0.52,OK
F13685,2027-02-13 21:00,G5,44.6,2,42.6,-1.3,0.48,OK
F13686,2027-02-13 21:00,G6,233.6,187,46.6,-1.3,0.53,OK
F13687,2027-02-13 21:00,G7,32.5,-2,34.5,-1.3,0.50,OK
F13688,2027-02-13 21:00,G8,23.5,0,23.5,-1.3,0.51,OK
F13689,2027-02-13 21:10,G1,9.0,0,9.0,-1.4,0.18,OK
F13690,2027-02-13 21:10,G2,5.9,1,4.9,-1.4,0.18,OK
F13691,2027-02-13 21:10,G3,8.9,-1,9.9,-1.4,0.17,OK
F13692,2027-02-13 21:10,G4,10.8,0,10.8,-1.4,0.22,OK
F13693,2027-02-13 21:10,G5,7.7,2,5.7,-1.4,0.19,OK
F13694,2027-02-13 21:10,G6,192.4,187,5.4,-1.4,0.21,OK
F13695,2027-02-13 21:10,G7,11.9,-2,13.9,-1.4,0.21,OK
F13696,2027-02-13 21:10,G8,13.3,0,13.3,-1.4,0.20,OK
F13697,2027-02-13 21:20,G1,30.6,0,30.6,-1.5,0.68,OK
F13698,2027-02-13 21:20,G2,35.6,1,34.6,-1.5,0.69,OK
F13699,2027-02-13 21:20,G3,44.3,-1,45.3,-1.5,0.67,OK
F13700,2027-02-13 21:20,G4,48.1,0,48.1,-1.5,0.66,OK
F13701,2027-02-13 21:20,G5,63.9,2,61.9,-1.5,0.73,OK
F13702,2027-02-13 21:20,G6,251.6,187,64.6,-1.5,0.70,OK
F13703,2027-02-13 21:20,G7,47.8,-2,49.8,-1.5,0.72,OK
F13704,2027-02-13 21:20,G8,33.4,0,33.4,-1.5,0.72,OK
F13705,2027-02-13 21:30,G1,11.2,0,11.2,-1.6,0.20,OK
F13706,2027-02-13 21:30,G2,6.0,1,5.0,-1.6,0.21,OK
F13707,2027-02-13 21:30,G3,8.1,-1,9.1,-1.6,0.20,OK
F13708,2027-02-13 21:30,G4,4.5,0,4.5,-1.6,0.17,OK
F13709,2027-02-13 21:30,G5,13.8,2,11.8,-1.6,0.18,OK
F13710,2027-02-13 21:30,G6,196.9,187,9.9,-1.6,0.17,OK
F13711,2027-02-13 21:30,G7,9.0,-2,11.0,-1.6,0.21,OK
F13712,2027-02-13 21:30,G8,11.3,0,11.3,-1.6,0.19,OK
F13713,2027-02-13 21:40,G1,40.6,0,40.6,-1.7,0.88,OK
F13714,2027-02-13 21:40,G2,46.4,1,45.4,-1.7,0.91,OK
F13715,2027-02-13 21:40,G3,48.5,-1,49.5,-1.7,0.86,OK
F13716,2027-02-13 21:40,G4,64.5,0,64.5,-1.7,0.90,OK
F13717,2027-02-13 21:40,G5,81.2,2,79.2,-1.7,0.87,OK
F13718,2027-02-13 21:40,G6,269.1,187,82.1,-1.7,0.90,OK
F13719,2027-02-13 21:40,G7,54.6,-2,56.6,-1.7,0.89,OK
F13720,2027-02-13 21:40,G8,42.9,0,42.9,-1.7,0.87,OK
F13721,2027-02-13 21:50,G1,3.2,0,3.2,-1.8,0.19,OK
F13722,2027-02-13 21:50,G2,9.2,1,8.2,-1.8,0.23,OK
F13723,2027-02-13 21:50,G3,5.6,-1,6.6,-1.8,0.22,OK
F13724,2027-02-13 21:50,G4,10.1,0,10.1,-1.8,0.23,OK
F13725,2027-02-13 21:50,G5,13.4,2,11.4,-1.8,0.20,OK
F13726,2027-02-13 21:50,G6,191.9,187,4.9,-1.8,0.18,OK
F13727,2027-02-13 21:50,G7,3.6,-2,5.6,-1.8,0.21,OK
F13728,2027-02-13 21:50,G8,10.4,0,10.4,-1.8,0.19,OK
F13729,2027-02-13 22:00,G1,4.8,0,4.8,-1.9,0.18,OK
F13730,2027-02-13 22:00,G2,12.2,1,11.2,-1.9,0.23,OK
F13731,2027-02-13 22:00,G3,6.1,-1,7.1,-1.9,0.22,OK
F13732,2027-02-13 22:00,G4,9.7,0,9.7,-1.9,0.18,OK
F13733,2027-02-13 22:00,G5,8.4,2,6.4,-1.9,0.21,OK
F13734,2027-02-13 22:00,G6,197.8,187,10.8,-1.9,0.17,OK
F13735,2027-02-13 22:00,G7,6.3,-2,8.3,-1.9,0.17,OK
F13736,2027-02-13 22:00,G8,10.9,0,10.9,-1.9,0.22,OK
F13737,2027-02-13 22:10,G1,2.7,0,2.7,-2.1,0.23,OK
F13738,2027-02-13 22:10,G2,9.9,1,8.9,-2.1,0.21,OK
F13739,2027-02-13 22:10,G3,9.6,-1,10.6,-2.1,0.21,OK
F13740,2027-02-13 22:10,G4,5.1,0,5.1,-2.1,0.20,OK
F13741,2027-02-13 22:10,G5,13.6,2,11.6,-2.1,0.23,OK
F13742,2027-02-13 22:10,G6,195.6,187,8.6,-2.1,0.17,OK
F13743,2027-02-13 22:10,G7,9.7,-2,11.7,-2.1,0.24,OK
F13744,2027-02-13 22:10,G8,7.4,0,7.4,-2.1,0.17,OK
F13745,2027-02-13 22:20,G1,1.9,0,1.9,-2.2,0.18,OK
F13746,2027-02-13 22:20,G2,7.8,1,6.8,-2.2,0.23,OK
F13747,2027-02-13 22:20,G3,6.0,-1,7.0,-2.2,0.21,OK
F13748,2027-02-13 22:20,G4,2.6,0,2.6,-2.2,0.20,OK
F13749,2027-02-13 22:20,G5,13.6,2,11.6,-2.2,0.17,OK
F13750,2027-02-13 22:20,G6,197.4,187,10.4,-2.2,0.23,OK
F13751,2027-02-13 22:20,G7,9.1,-2,11.1,-2.2,0.24,OK
F13752,2027-02-13 22:20,G8,4.0,0,4.0,-2.2,0.24,OK
F13753,2027-02-13 22:30,G1,8.6,0,8.6,-2.4,0.23,OK
F13754,2027-02-13 22:30,G2,4.8,1,3.8,-2.4,0.16,OK
F13755,2027-02-13 22:30,G3,5.6,-1,6.6,-2.4,0.21,OK
F13756,2027-02-13 22:30,G4,6.7,0,6.7,-2.4,0.17,OK
F13757,2027-02-13 22:30,G5,12.3,2,10.3,-2.4,0.17,OK
F13758,2027-02-13 22:30,G6,198.2,187,11.2,-2.4,0.20,OK
F13759,2027-02-13 22:30,G7,7.4,-2,9.4,-2.4,0.18,OK
F13760,2027-02-13 22:30,G8,4.3,0,4.3,-2.4,0.19,OK
F13761,2027-02-13 22:40,G1,2.6,0,2.6,-2.5,0.20,OK
F13762,2027-02-13 22:40,G2,4.5,1,3.5,-2.5,0.23,OK
F13763,2027-02-13 22:40,G3,7.0,-1,8.0,-2.5,0.19,OK
F13764,2027-02-13 22:40,G4,3.8,0,3.8,-2.5,0.16,OK
F13765,2027-02-13 22:40,G5,6.0,2,4.0,-2.5,0.22,OK
F13766,2027-02-13 22:40,G6,192.5,187,5.5,-2.5,0.24,OK
F13767,2027-02-13 22:40,G7,8.0,-2,10.0,-2.5,0.18,OK
F13768,2027-02-13 22:40,G8,4.7,0,4.7,-2.5,0.22,OK
F13769,2027-02-13 22:50,G1,8.2,0,8.2,-2.7,0.18,OK
F13770,2027-02-13 22:50,G2,2.3,1,1.3,-2.7,0.21,OK
F13771,2027-02-13 22:50,G3,1.4,-1,2.4,-2.7,0.24,OK
F13772,2027-02-13 22:50,G4,5.8,0,5.8,-2.7,0.24,OK
F13773,2027-02-13 22:50,G5,4.1,2,2.1,-2.7,0.21,OK
F13774,2027-02-13 22:50,G6,197.4,187,10.4,-2.7,0.19,OK
F13775,2027-02-13 22:50,G7,7.1,-2,9.1,-2.7,0.22,OK
F13776,2027-02-13 22:50,G8,7.1,0,7.1,-2.7,0.19,OK
F13777,2027-02-13 23:00,G1,2.6,0,2.6,-2.9,0.21,OK
F13778,2027-02-13 23:00,G2,10.2,1,9.2,-2.9,0.19,OK
F13779,2027-02-13 23:00,G3,0.9,-1,1.9,-2.9,0.21,OK
F13780,2027-02-13 23:00,G4,5.4,0,5.4,-2.9,0.24,OK
F13781,2027-02-13 23:00,G5,10.1,2,8.1,-2.9,0.23,OK
F13782,2027-02-13 23:00,G6,190.5,187,3.5,-2.9,0.18,OK
F13783,2027-02-13 23:00,G7,7.3,-2,9.3,-2.9,0.20,OK
F13784,2027-02-13 23:00,G8,5.5,0,5.5,-2.9,0.17,OK
F13785,2027-02-13 23:10,G1,3.3,0,3.3,-3.1,0.23,OK
F13786,2027-02-13 23:10,G2,9.1,1,8.1,-3.1,0.16,OK
F13787,2027-02-13 23:10,G3,3.6,-1,4.6,-3.1,0.18,OK
F13788,2027-02-13 23:10,G4,6.4,0,6.4,-3.1,0.20,OK
F13789,2027-02-13 23:10,G5,8.8,2,6.8,-3.1,0.24,OK
F13790,2027-02-13 23:10,G6,192.4,187,5.4,-3.1,0.20,OK
F13791,2027-02-13 23:10,G7,7.4,-2,9.4,-3.1,0.23,OK
F13792,2027-02-13 23:10,G8,2.9,0,2.9,-3.1,0.22,OK
F13793,2027-02-13 23:20,G1,2.9,0,2.9,-3.3,0.21,OK
F13794,2027-02-13 23:20,G2,2.6,1,1.6,-3.3,0.20,OK
F13795,2027-02-13 23:20,G3,0.8,-1,1.8,-3.3,0.20,OK
F13796,2027-02-13 23:20,G4,8.3,0,8.3,-3.3,0.21,OK
F13797,2027-02-13 23:20,G5,3.6,2,1.6,-3.3,0.19,OK
F13798,2027-02-13 23:20,G6,194.7,187,7.7,-3.3,0.23,OK
F13799,2027-02-13 23:20,G7,0.3,-2,2.3,-3.3,0.18,OK
F13800,2027-02-13 23:20,G8,6.1,0,6.1,-3.3,0.20,OK
F13801,2027-02-13 23:30,G1,6.6,0,6.6,-3.5,0.18,OK
F13802,2027-02-13 23:30,G2,7.2,1,6.2,-3.5,0.22,OK
F13803,2027-02-13 23:30,G3,-0.9,-1,0.1,-3.5,0.18,OK
F13804,2027-02-13 23:30,G4,7.6,0,7.6,-3.5,0.17,OK
F13805,2027-02-13 23:30,G5,4.4,2,2.4,-3.5,0.21,OK
F13806,2027-02-13 23:30,G6,193.8,187,6.8,-3.5,0.22,OK
F13807,2027-02-13 23:30,G7,4.8,-2,6.8,-3.5,0.17,OK
F13808,2027-02-13 23:30,G8,4.2,0,4.2,-3.5,0.17,OK
F13809,2027-02-13 23:40,G1,-0.4,0,-0.4,-3.7,0.20,OK
F13810,2027-02-13 23:40,G2,3.8,1,2.8,-3.7,0.23,OK
F13811,2027-02-13 23:40,G3,-1.7,-1,-0.7,-3.7,0.19,OK
F13812,2027-02-13 23:40,G4,-1.0,0,-1.0,-3.7,0.17,OK
F13813,2027-02-13 23:40,G5,8.2,2,6.2,-3.7,0.23,OK
F13814,2027-02-13 23:40,G6,193.0,187,6.0,-3.7,0.22,OK
F13815,2027-02-13 23:40,G7,-1.9,-2,0.1,-3.7,0.20,OK
F13816,2027-02-13 23:40,G8,7.7,0,7.7,-3.7,0.23,OK
F13817,2027-02-13 23:50,G1,2.3,0,2.3,-3.9,0.22,OK
F13818,2027-02-13 23:50,G2,7.0,1,6.0,-3.9,0.21,OK
F13819,2027-02-13 23:50,G3,2.6,-1,3.6,-3.9,0.21,OK
F13820,2027-02-13 23:50,G4,2.1,0,2.1,-3.9,0.17,OK
F13821,2027-02-13 23:50,G5,3.7,2,1.7,-3.9,0.19,OK
F13822,2027-02-13 23:50,G6,193.7,187,6.7,-3.9,0.20,OK
F13823,2027-02-13 23:50,G7,-2.0,-2,0.0,-3.9,0.20,OK
F13824,2027-02-13 23:50,G8,0.2,0,0.2,-3.9,0.19,OK
F13825,2027-02-14 00:00,G1,0.0,0,0.0,-4.0,0.18,OK
F13826,2027-02-14 00:00,G2,1.7,1,0.7,-4.0,0.20,OK
F13827,2027-02-14 00:00,G3,1.6,-1,2.6,-4.0,0.21,OK
F13828,2027-02-14 00:00,G4,3.2,0,3.2,-4.0,0.22,OK
F13829,2027-02-14 00:00,G5,8.3,2,6.3,-4.0,0.17,OK
F13830,2027-02-14 00:00,G6,193.1,187,6.1,-4.0,0.23,OK
F13831,2027-02-14 00:00,G7,-1.5,-2,0.5,-4.0,0.21,OK
F13832,2027-02-14 00:00,G8,7.0,0,7.0,-4.0,0.17,OK
F13833,2027-02-14 00:10,G1,-0.2,0,-0.2,-4.3,0.22,OK
F13834,2027-02-14 00:10,G2,3.9,1,2.9,-4.3,0.19,OK
F13835,2027-02-14 00:10,G3,-2.3,-1,-1.3,-4.3,0.21,OK
F13836,2027-02-14 00:10,G4,4.0,0,4.0,-4.3,0.22,OK
F13837,2027-02-14 00:10,G5,3.7,2,1.7,-4.3,0.18,OK
F13838,2027-02-14 00:10,G6,193.0,187,6.0,-4.3,0.22,OK
F13839,2027-02-14 00:10,G7,-2.2,-2,-0.2,-4.3,0.19,OK
F13840,2027-02-14 00:10,G8,-0.5,0,-0.5,-4.3,0.20,OK
F13841,2027-02-14 00:20,G1,-0.8,0,-0.8,-4.5,0.20,OK
F13842,2027-02-14 00:20,G2,-1.6,1,-2.6,-4.5,0.21,OK
F13843,2027-02-14 00:20,G3,-3.8,-1,-2.8,-4.5,0.17,OK
F13844,2027-02-14 00:20,G4,5.4,0,5.4,-4.5,0.24,OK
F13845,2027-02-14 00:20,G5,5.6,2,3.6,-4.5,0.19,OK
F13846,2027-02-14 00:20,G6,184.7,187,-2.3,-4.5,0.21,OK
F13847,2027-02-14 00:20,G7,-1.1,-2,0.9,-4.5,0.20,OK
F13848,2027-02-14 00:20,G8,1.4,0,1.4,-4.5,0.18,OK
F13849,2027-02-14 00:30,G1,-2.2,0,-2.2,-4.7,0.19,OK
F13850,2027-02-14 00:30,G2,5.8,1,4.8,-4.7,0.18,OK
F13851,2027-02-14 00:30,G3,-1.0,-1,0.0,-4.7,0.19,OK
F13852,2027-02-14 00:30,G4,0.9,0,0.9,-4.7,0.21,OK
F13853,2027-02-14 00:30,G5,4.6,2,2.6,-4.7,0.23,OK
F13854,2027-02-14 00:30,G6,188.2,187,1.2,-4.7,0.19,OK
F13855,2027-02-14 00:30,G7,-3.0,-2,-1.0,-4.7,0.17,OK
F13856,2027-02-14 00:30,G8,1.6,0,1.6,-4.7,0.23,OK
F13857,2027-02-14 00:40,G1,3.5,0,3.5,-5.0,0.21,OK
F13858,2027-02-14 00:40,G2,-2.4,1,-3.4,-5.0,0.22,OK
F13859,2027-02-14 00:40,G3,-1.6,-1,-0.6,-5.0,0.23,OK
F13860,2027-02-14 00:40,G4,1.7,0,1.7,-5.0,0.23,OK
F13861,2027-02-14 00:40,G5,1.6,2,-0.4,-5.0,0.20,OK
F13862,2027-02-14 00:40,G6,184.4,187,-2.6,-5.0,0.20,OK
F13863,2027-02-14 00:40,G7,-0.5,-2,1.5,-5.0,0.23,OK
F13864,2027-02-14 00:40,G8,-2.3,0,-2.3,-5.0,0.19,OK
F13865,2027-02-14 00:50,G1,2.5,0,2.5,-5.2,0.16,OK
F13866,2027-02-14 00:50,G2,2.4,1,1.4,-5.2,0.24,OK
F13867,2027-02-14 00:50,G3,-0.6,-1,0.4,-5.2,0.23,OK
F13868,2027-02-14 00:50,G4,-4.7,0,-4.7,-5.2,0.22,OK
F13869,2027-02-14 00:50,G5,0.2,2,-1.8,-5.2,0.17,OK
F13870,2027-02-14 00:50,G6,189.8,187,2.8,-5.2,0.20,OK
F13871,2027-02-14 00:50,G7,-4.9,-2,-2.9,-5.2,0.16,OK
F13872,2027-02-14 00:50,G8,2.7,0,2.7,-5.2,0.19,OK
F13873,2027-02-14 01:00,G1,-4.5,0,-4.5,-5.5,0.17,OK
F13874,2027-02-14 01:00,G2,-3.8,1,-4.8,-5.5,0.20,OK
F13875,2027-02-14 01:00,G3,-2.4,-1,-1.4,-5.5,0.17,OK
F13876,2027-02-14 01:00,G4,2.3,0,2.3,-5.5,0.21,OK
F13877,2027-02-14 01:00,G5,4.6,2,2.6,-5.5,0.18,OK
F13878,2027-02-14 01:00,G6,183.6,187,-3.4,-5.5,0.17,OK
F13879,2027-02-14 01:00,G7,-7.6,-2,-5.6,-5.5,0.24,OK
F13880,2027-02-14 01:00,G8,-1.6,0,-1.6,-5.5,0.19,OK
F13881,2027-02-14 01:10,G1,-0.7,0,-0.7,-5.7,0.17,OK
F13882,2027-02-14 01:10,G2,2.5,1,1.5,-5.7,0.21,OK
F13883,2027-02-14 01:10,G3,0.6,-1,1.6,-5.7,0.20,OK
F13884,2027-02-14 01:10,G4,1.0,0,1.0,-5.7,0.19,OK
F13885,2027-02-14 01:10,G5,1.9,2,-0.1,-5.7,0.22,OK
F13886,2027-02-14 01:10,G6,182.9,187,-4.1,-5.7,0.18,OK
F13887,2027-02-14 01:10,G7,-7.1,-2,-5.1,-5.7,0.19,OK
F13888,2027-02-14 01:10,G8,1.2,0,1.2,-5.7,0.22,OK
F13889,2027-02-14 01:20,G1,-5.8,0,-5.8,-6.0,0.21,OK
F13890,2027-02-14 01:20,G2,2.0,1,1.0,-6.0,0.19,OK
F13891,2027-02-14 01:20,G3,-4.4,-1,-3.4,-6.0,0.21,OK
F13892,2027-02-14 01:20,G4,-3.3,0,-3.3,-6.0,0.24,OK
F13893,2027-02-14 01:20,G5,-0.5,2,-2.5,-6.0,0.18,OK
F13894,2027-02-14 01:20,G6,186.1,187,-0.9,-6.0,0.24,OK
F13895,2027-02-14 01:20,G7,-8.2,-2,-6.2,-6.0,0.16,OK
F13896,2027-02-14 01:20,G8,-6.1,0,-6.1,-6.0,0.24,OK
F13897,2027-02-14 01:30,G1,-4.7,0,-4.7,-6.3,0.16,OK
F13898,2027-02-14 01:30,G2,-6.2,1,-7.2,-6.3,0.18,OK
F13899,2027-02-14 01:30,G3,-6.2,-1,-5.2,-6.3,0.21,OK
F13900,2027-02-14 01:30,G4,-6.1,0,-6.1,-6.3,0.20,OK
F13901,2027-02-14 01:30,G5,1.3,2,-0.7,-6.3,0.22,OK
F13902,2027-02-14 01:30,G6,181.5,187,-5.5,-6.3,0.20,OK
F13903,2027-02-14 01:30,G7,-8.0,-2,-6.0,-6.3,0.19,OK
F13904,2027-02-14 01:30,G8,-1.5,0,-1.5,-6.3,0.23,OK
F13905,2027-02-14 01:40,G1,-6.6,0,-6.6,-6.5,0.20,OK
F13906,2027-02-14 01:40,G2,-0.5,1,-1.5,-6.5,0.20,OK
F13907,2027-02-14 01:40,G3,-9.0,-1,-8.0,-6.5,0.20,OK
F13908,2027-02-14 01:40,G4,-3.6,0,-3.6,-6.5,0.23,OK
F13909,2027-02-14 01:40,G5,-4.9,2,-6.9,-6.5,0.22,OK
F13910,2027-02-14 01:40,G6,183.2,187,-3.8,-6.5,0.18,OK
F13911,2027-02-14 01:40,G7,-8.5,-2,-6.5,-6.5,0.18,OK
F13912,2027-02-14 01:40,G8,-8.5,0,-8.5,-6.5,0.23,OK
F13913,2027-02-14 01:50,G1,-1.2,0,-1.2,-6.8,0.19,OK
F13914,2027-02-14 01:50,G2,-0.1,1,-1.1,-6.8,0.17,OK
F13915,2027-02-14 01:50,G3,-2.5,-1,-1.5,-6.8,0.22,OK
F13916,2027-02-14 01:50,G4,-3.5,0,-3.5,-6.8,0.21,OK
F13917,2027-02-14 01:50,G5,-1.7,2,-3.7,-6.8,0.23,OK
F13918,2027-02-14 01:50,G6,179.8,187,-7.2,-6.8,0.19,OK
F13919,2027-02-14 01:50,G7,-8.9,-2,-6.9,-6.8,0.22,OK
F13920,2027-02-14 01:50,G8,-3.4,0,-3.4,-6.8,0.18,OK
F13921,2027-02-14 02:00,G1,-5.1,0,-5.1,-7.0,0.24,OK
F13922,2027-02-14 02:00,G2,-2.7,1,-3.7,-7.0,0.21,OK
F13923,2027-02-14 02:00,G3,-5.4,-1,-4.4,-7.0,0.18,OK
F13924,2027-02-14 02:00,G4,-9.0,0,-9.0,-7.0,0.22,OK
F13925,2027-02-14 02:00,G5,-7.7,2,-9.7,-7.0,0.22,OK
F13926,2027-02-14 02:00,G6,179.9,187,-7.1,-7.0,0.17,OK
F13927,2027-02-14 02:00,G7,-10.8,-2,-8.8,-7.0,0.17,OK
F13928,2027-02-14 02:00,G8,-2.9,0,-2.9,-7.0,0.24,OK
F13929,2027-02-14 02:10,G1,-3.6,0,-3.6,-7.3,0.18,OK
F13930,2027-02-14 02:10,G2,-3.8,1,-4.8,-7.3,0.23,OK
F13931,2027-02-14 02:10,G3,-1.9,-1,-0.9,-7.3,0.23,OK
F13932,2027-02-14 02:10,G4,-1.8,0,-1.8,-7.3,0.23,OK
F13933,2027-02-14 02:10,G5,-5.1,2,-7.1,-7.3,0.20,OK
F13934,2027-02-14 02:10,G6,184.8,187,-2.2,-7.3,0.16,OK
F13935,2027-02-14 02:10,G7,-4.3,-2,-2.3,-7.3,0.20,OK
F13936,2027-02-14 02:10,G8,-9.7,0,-9.7,-7.3,0.23,OK
F13937,2027-02-14 02:20,G1,-2.7,0,-2.7,-7.6,0.21,OK
F13938,2027-02-14 02:20,G2,-1.9,1,-2.9,-7.6,0.23,OK
F13939,2027-02-14 02:20,G3,-8.4,-1,-7.4,-7.6,0.16,OK
F13940,2027-02-14 02:20,G4,-2.6,0,-2.6,-7.6,0.18,OK
F13941,2027-02-14 02:20,G5,-3.5,2,-5.5,-7.6,0.21,OK
F13942,2027-02-14 02:20,G6,181.7,187,-5.3,-7.6,0.20,OK
F13943,2027-02-14 02:20,G7,-10.7,-2,-8.7,-7.6,0.22,OK
F13944,2027-02-14 02:20,G8,-11.5,0,-11.5,-7.6,0.21,OK
F13945,2027-02-14 02:30,G1,-8.6,0,-8.6,-7.8,0.18,OK
F13946,2027-02-14 02:30,G2,-5.1,1,-6.1,-7.8,0.16,OK
F13947,2027-02-14 02:30,G3,-7.9,-1,-6.9,-7.8,0.18,OK
F13948,2027-02-14 02:30,G4,-4.4,0,-4.4,-7.8,0.21,OK
F13949,2027-02-14 02:30,G5,-1.0,2,-3.0,-7.8,0.22,OK
F13950,2027-02-14 02:30,G6,176.6,187,-10.4,-7.8,0.22,OK
F13951,2027-02-14 02:30,G7,-6.9,-2,-4.9,-7.8,0.16,OK
F13952,2027-02-14 02:30,G8,-7.1,0,-7.1,-7.8,0.20,OK
F13953,2027-02-14 02:40,G1,-10.0,0,-10.0,-8.1,0.21,OK
F13954,2027-02-14 02:40,G2,-2.1,1,-3.1,-8.1,0.20,OK
F13955,2027-02-14 02:40,G3,-10.9,-1,-9.9,-8.1,0.24,OK
F13956,2027-02-14 02:40,G4,-4.8,0,-4.8,-8.1,0.22,OK
F13957,2027-02-14 02:40,G5,-2.5,2,-4.5,-8.1,0.20,OK
F13958,2027-02-14 02:40,G6,175.1,187,-11.9,-8.1,0.17,OK
F13959,2027-02-14 02:40,G7,-7.1,-2,-5.1,-8.1,0.20,OK
F13960,2027-02-14 02:40,G8,-5.9,0,-5.9,-8.1,0.21,OK
F13961,2027-02-14 02:50,G1,-8.4,0,-8.4,-8.3,0.18,OK
F13962,2027-02-14 02:50,G2,-2.9,1,-3.9,-8.3,0.19,OK
F13963,2027-02-14 02:50,G3,-9.4,-1,-8.4,-8.3,0.22,OK
F13964,2027-02-14 02:50,G4,-4.3,0,-4.3,-8.3,0.17,OK
F13965,2027-02-14 02:50,G5,-11.0,2,-13.0,-8.3,0.16,OK
F13966,2027-02-14 02:50,G6,174.1,187,-12.9,-8.3,0.18,OK
F13967,2027-02-14 02:50,G7,-10.4,-2,-8.4,-8.3,0.22,OK
F13968,2027-02-14 02:50,G8,-9.7,0,-9.7,-8.3,0.17,OK
F13969,2027-02-14 03:00,G1,-9.4,0,-9.4,-8.6,0.17,OK
F13970,2027-02-14 03:00,G2,-5.8,1,-6.8,-8.6,0.20,OK
F13971,2027-02-14 03:00,G3,-13.8,-1,-12.8,-8.6,0.23,OK
F13972,2027-02-14 03:00,G4,-6.9,0,-6.9,-8.6,0.17,OK
F13973,2027-02-14 03:00,G5,-6.4,2,-8.4,-8.6,0.16,OK
F13974,2027-02-14 03:00,G6,176.2,187,-10.8,-8.6,0.20,OK
F13975,2027-02-14 03:00,G7,-13.3,-2,-11.3,-8.6,0.24,OK
F13976,2027-02-14 03:00,G8,-6.6,0,-6.6,-8.6,0.17,OK
F13977,2027-02-14 03:10,G1,-3.7,0,-3.7,-8.8,0.17,OK
F13978,2027-02-14 03:10,G2,-12.0,1,-13.0,-8.8,0.24,OK
F13979,2027-02-14 03:10,G3,-10.1,-1,-9.1,-8.8,0.23,OK
F13980,2027-02-14 03:10,G4,-9.0,0,-9.0,-8.8,0.20,OK
F13981,2027-02-14 03:10,G5,-9.0,2,-11.0,-8.8,0.18,OK
F13982,2027-02-14 03:10,G6,176.6,187,-10.4,-8.8,0.24,OK
F13983,2027-02-14 03:10,G7,-11.1,-2,-9.1,-8.8,0.20,OK
F13984,2027-02-14 03:10,G8,-10.5,0,-10.5,-8.8,0.22,OK
F13985,2027-02-14 03:20,G1,-9.9,0,-9.9,-9.1,0.22,OK
F13986,2027-02-14 03:20,G2,-3.8,1,-4.8,-9.1,0.22,OK
F13987,2027-02-14 03:20,G3,-8.7,-1,-7.7,-9.1,0.21,OK
F13988,2027-02-14 03:20,G4,-7.4,0,-7.4,-9.1,0.17,OK
F13989,2027-02-14 03:20,G5,-9.2,2,-11.2,-9.1,0.17,OK
F13990,2027-02-14 03:20,G6,172.6,187,-14.4,-9.1,0.21,OK
F13991,2027-02-14 03:20,G7,-16.4,-2,-14.4,-9.1,0.23,OK
F13992,2027-02-14 03:20,G8,-9.3,0,-9.3,-9.1,0.23,OK
F13993,2027-02-14 03:30,G1,-6.5,0,-6.5,-9.3,0.22,OK
F13994,2027-02-14 03:30,G2,-4.8,1,-5.8,-9.3,0.19,OK
F13995,2027-02-14 03:30,G3,-8.9,-1,-7.9,-9.3,0.21,OK
F13996,2027-02-14 03:30,G4,-9.0,0,-9.0,-9.3,0.20,OK
F13997,2027-02-14 03:30,G5,-5.0,2,-7.0,-9.3,0.20,OK
F13998,2027-02-14 03:30,G6,174.9,187,-12.1,-9.3,0.20,OK
F13999,2027-02-14 03:30,G7,-12.4,-2,-10.4,-9.3,0.24,OK
F14000,2027-02-14 03:30,G8,-15.8,0,-15.8,-9.3,0.17,OK
F14001,2027-02-14 03:40,G1,-13.3,0,-13.3,-9.6,0.17,OK
F14002,2027-02-14 03:40,G2,-5.5,1,-6.5,-9.6,0.18,OK
F14003,2027-02-14 03:40,G3,-8.2,-1,-7.2,-9.6,0.24,OK
F14004,2027-02-14 03:40,G4,-14.1,0,-14.1,-9.6,0.17,OK
F14005,2027-02-14 03:40,G5,-6.3,2,-8.3,-9.6,0.21,OK
F14006,2027-02-14 03:40,G6,171.7,187,-15.3,-9.6,0.23,OK
F14007,2027-02-14 03:40,G7,-13.6,-2,-11.6,-9.6,0.19,OK
F14008,2027-02-14 03:40,G8,-9.4,0,-9.4,-9.6,0.23,OK
F14009,2027-02-14 03:50,G1,-11.9,0,-11.9,-9.8,0.20,OK
F14010,2027-02-14 03:50,G2,-9.6,1,-10.6,-9.8,0.17,OK
F14011,2027-02-14 03:50,G3,-12.8,-1,-11.8,-9.8,0.22,OK
F14012,2027-02-14 03:50,G4,-8.0,0,-8.0,-9.8,0.19,OK
F14013,2027-02-14 03:50,G5,-12.3,2,-14.3,-9.8,0.16,OK
F14014,2027-02-14 03:50,G6,171.4,187,-15.6,-9.8,0.21,OK
F14015,2027-02-14 03:50,G7,-14.2,-2,-12.2,-9.8,0.19,OK
F14016,2027-02-14 03:50,G8,-12.8,0,-12.8,-9.8,0.23,OK
F14017,2027-02-14 04:00,G1,-6.8,0,-6.8,-10.0,0.24,OK
F14018,2027-02-14 04:00,G2,-9.9,1,-10.9,-10.0,0.18,OK
F14019,2027-02-14 04:00,G3,-8.6,-1,-7.6,-10.0,0.23,OK
F14020,2027-02-14 04:00,G4,-14.9,0,-14.9,-10.0,0.18,OK
F14021,2027-02-14 04:00,G5,-12.7,2,-14.7,-10.0,0.18,OK
F14022,2027-02-14 04:00,G6,175.6,187,-11.4,-10.0,0.20,OK
F14023,2027-02-14 04:00,G7,-16.5,-2,-14.5,-10.0,0.17,OK
F14024,2027-02-14 04:00,G8,-16.4,0,-16.4,-10.0,0.19,OK
F14025,2027-02-14 04:10,G1,-11.1,0,-11.1,-10.3,0.18,OK
F14026,2027-02-14 04:10,G2,-7.5,1,-8.5,-10.3,0.17,OK
F14027,2027-02-14 04:10,G3,-13.0,-1,-12.0,-10.3,0.23,OK
F14028,2027-02-14 04:10,G4,-16.2,0,-16.2,-10.3,0.19,OK
F14029,2027-02-14 04:10,G5,-15.1,2,-17.1,-10.3,0.22,OK
F14030,2027-02-14 04:10,G6,170.0,187,-17.0,-10.3,0.24,OK
F14031,2027-02-14 04:10,G7,-16.9,-2,-14.9,-10.3,0.24,OK
F14032,2027-02-14 04:10,G8,-15.1,0,-15.1,-10.3,0.16,OK
F14033,2027-02-14 04:20,G1,-8.5,0,-8.5,-10.5,0.16,OK
F14034,2027-02-14 04:20,G2,-10.4,1,-11.4,-10.5,0.17,OK
F14035,2027-02-14 04:20,G3,-17.9,-1,-16.9,-10.5,0.16,OK
F14036,2027-02-14 04:20,G4,-16.0,0,-16.0,-10.5,0.21,OK
F14037,2027-02-14 04:20,G5,-11.6,2,-13.6,-10.5,0.17,OK
F14038,2027-02-14 04:20,G6,175.7,187,-11.3,-10.5,0.19,OK
F14039,2027-02-14 04:20,G7,-18.9,-2,-16.9,-10.5,0.19,OK
F14040,2027-02-14 04:20,G8,-16.6,0,-16.6,-10.5,0.22,OK
F14041,2027-02-14 04:30,G1,-8.0,0,-8.0,-10.7,0.16,OK
F14042,2027-02-14 04:30,G2,-10.5,1,-11.5,-10.7,0.20,OK
F14043,2027-02-14 04:30,G3,-12.1,-1,-11.1,-10.7,0.19,OK
F14044,2027-02-14 04:30,G4,-12.7,0,-12.7,-10.7,0.19,OK
F14045,2027-02-14 04:30,G5,-8.4,2,-10.4,-10.7,0.20,OK
F14046,2027-02-14 04:30,G6,172.3,187,-14.7,-10.7,0.22,OK
F14047,2027-02-14 04:30,G7,-17.9,-2,-15.9,-10.7,0.24,OK
F14048,2027-02-14 04:30,G8,-16.0,0,-16.0,-10.7,0.21,OK
F14049,2027-02-14 04:40,G1,-8.9,0,-8.9,-10.9,0.23,OK
F14050,2027-02-14 04:40,G2,-14.0,1,-15.0,-10.9,0.18,OK
F14051,2027-02-14 04:40,G3,-19.0,-1,-18.0,-10.9,0.23,OK
F14052,2027-02-14 04:40,G4,-12.2,0,-12.2,-10.9,0.20,OK
F14053,2027-02-14 04:40,G5,-15.0,2,-17.0,-10.9,0.22,OK
F14054,2027-02-14 04:40,G6,167.0,187,-20.0,-10.9,0.20,OK
F14055,2027-02-14 04:40,G7,-21.4,-2,-19.4,-10.9,0.21,OK
F14056,2027-02-14 04:40,G8,-15.3,0,-15.3,-10.9,0.21,OK
F14057,2027-02-14 04:50,G1,-15.9,0,-15.9,-11.1,0.19,OK
F14058,2027-02-14 04:50,G2,-12.3,1,-13.3,-11.1,0.18,OK
F14059,2027-02-14 04:50,G3,-17.9,-1,-16.9,-11.1,0.17,OK
F14060,2027-02-14 04:50,G4,-14.0,0,-14.0,-11.1,0.23,OK
F14061,2027-02-14 04:50,G5,-9.7,2,-11.7,-11.1,0.20,OK
F14062,2027-02-14 04:50,G6,173.3,187,-13.7,-11.1,0.20,OK
F14063,2027-02-14 04:50,G7,-16.4,-2,-14.4,-11.1,0.18,OK
F14064,2027-02-14 04:50,G8,-15.7,0,-15.7,-11.1,0.18,OK
F14065,2027-02-14 05:00,G1,-14.3,0,-14.3,-11.3,0.23,OK
F14066,2027-02-14 05:00,G2,-17.6,1,-18.6,-11.3,0.17,OK
F14067,2027-02-14 05:00,G3,-18.7,-1,-17.7,-11.3,0.21,OK
F14068,2027-02-14 05:00,G4,-19.0,0,-19.0,-11.3,0.23,OK
F14069,2027-02-14 05:00,G5,-17.6,2,-19.6,-11.3,0.19,OK
F14070,2027-02-14 05:00,G6,170.9,187,-16.1,-11.3,0.19,OK
F14071,2027-02-14 05:00,G7,-20.5,-2,-18.5,-11.3,0.19,OK
F14072,2027-02-14 05:00,G8,-20.2,0,-20.2,-11.3,0.18,OK
F14073,2027-02-14 05:10,G1,-10.5,0,-10.5,-11.5,0.20,OK
F14074,2027-02-14 05:10,G2,-17.6,1,-18.6,-11.5,0.18,OK
F14075,2027-02-14 05:10,G3,-15.6,-1,-14.6,-11.5,0.17,OK
F14076,2027-02-14 05:10,G4,-13.2,0,-13.2,-11.5,0.20,OK
F14077,2027-02-14 05:10,G5,-10.7,2,-12.7,-11.5,0.24,OK
F14078,2027-02-14 05:10,G6,166.0,187,-21.0,-11.5,0.19,OK
F14079,2027-02-14 05:10,G7,-16.8,-2,-14.8,-11.5,0.17,OK
F14080,2027-02-14 05:10,G8,-15.2,0,-15.2,-11.5,0.21,OK
F14081,2027-02-14 05:20,G1,-17.8,0,-17.8,-11.6,0.17,OK
F14082,2027-02-14 05:20,G2,-13.3,1,-14.3,-11.6,0.22,OK
F14083,2027-02-14 05:20,G3,-15.2,-1,-14.2,-11.6,0.21,OK
F14084,2027-02-14 05:20,G4,-19.6,0,-19.6,-11.6,0.16,OK
F14085,2027-02-14 05:20,G5,-11.8,2,-13.8,-11.6,0.19,OK
F14086,2027-02-14 05:20,G6,171.5,187,-15.5,-11.6,0.17,OK
F14087,2027-02-14 05:20,G7,-18.6,-2,-16.6,-11.6,0.20,OK
F14088,2027-02-14 05:20,G8,-21.7,0,-21.7,-11.6,0.17,OK
F14089,2027-02-14 05:30,G1,-18.8,0,-18.8,-11.8,0.19,OK
F14090,2027-02-14 05:30,G2,-16.9,1,-17.9,-11.8,0.17,OK
F14091,2027-02-14 05:30,G3,-12.6,-1,-11.6,-11.8,0.17,OK
F14092,2027-02-14 05:30,G4,-19.1,0,-19.1,-11.8,0.20,OK
F14093,2027-02-14 05:30,G5,-15.1,2,-17.1,-11.8,0.19,OK
F14094,2027-02-14 05:30,G6,169.0,187,-18.0,-11.8,0.23,OK
F14095,2027-02-14 05:30,G7,-24.5,-2,-22.5,-11.8,0.19,OK
F14096,2027-02-14 05:30,G8,-16.7,0,-16.7,-11.8,0.18,OK
F14097,2027-02-14 05:40,G1,-16.8,0,-16.8,-12.0,0.22,OK
F14098,2027-02-14 05:40,G2,-16.9,1,-17.9,-12.0,0.22,OK
F14099,2027-02-14 05:40,G3,-18.7,-1,-17.7,-12.0,0.21,OK
F14100,2027-02-14 05:40,G4,-21.6,0,-21.6,-12.0,0.18,OK
F14101,2027-02-14 05:40,G5,-14.3,2,-16.3,-12.0,0.22,OK
F14102,2027-02-14 05:40,G6,166.0,187,-21.0,-12.0,0.20,OK
F14103,2027-02-14 05:40,G7,-20.4,-2,-18.4,-12.0,0.23,OK
F14104,2027-02-14 05:40,G8,-16.6,0,-16.6,-12.0,0.18,OK
F14105,2027-02-14 05:50,G1,-17.3,0,-17.3,-12.1,0.23,OK
F14106,2027-02-14 05:50,G2,-10.5,1,-11.5,-12.1,0.18,OK
F14107,2027-02-14 05:50,G3,-13.8,-1,-12.8,-12.1,0.23,OK
F14108,2027-02-14 05:50,G4,-13.5,0,-13.5,-12.1,0.17,OK
F14109,2027-02-14 05:50,G5,-17.3,2,-19.3,-12.1,0.23,OK
F14110,2027-02-14 05:50,G6,165.1,187,-21.9,-12.1,0.17,OK
F14111,2027-02-14 05:50,G7,-23.4,-2,-21.4,-12.1,0.22,OK
F14112,2027-02-14 05:50,G8,-21.6,0,-21.6,-12.1,0.16,OK
F14113,2027-02-14 06:00,G1,19.7,0,19.7,-12.2,0.96,OK
F14114,2027-02-14 06:00,G2,23.5,1,22.5,-12.2,0.99,OK
F14115,2027-02-14 06:00,G3,27.7,-1,28.7,-12.2,0.95,OK
F14116,2027-02-14 06:00,G4,43.3,0,43.3,-12.2,0.96,OK
F14117,2027-02-14 06:00,G5,62.2,2,60.2,-12.2,0.95,OK
F14118,2027-02-14 06:00,G6,257.7,187,70.7,-12.2,0.98,OK
F14119,2027-02-14 06:00,G7,36.7,-2,38.7,-12.2,0.99,OK
F14120,2027-02-14 06:00,G8,11.6,0,11.6,-12.2,0.95,OK
F14121,2027-02-14 06:10,G1,-14.2,0,-14.2,-12.4,0.16,OK
F14122,2027-02-14 06:10,G2,-19.6,1,-20.6,-12.4,0.18,OK
F14123,2027-02-14 06:10,G3,-18.8,-1,-17.8,-12.4,0.20,OK
F14124,2027-02-14 06:10,G4,-19.8,0,-19.8,-12.4,0.21,OK
F14125,2027-02-14 06:10,G5,-13.6,2,-15.6,-12.4,0.23,OK
F14126,2027-02-14 06:10,G6,169.5,187,-17.5,-12.4,0.18,OK
F14127,2027-02-14 06:10,G7,-22.5,-2,-20.5,-12.4,0.20,OK
F14128,2027-02-14 06:10,G8,-18.2,0,-18.2,-12.4,0.16,OK
F14129,2027-02-14 06:20,G1,-4.7,0,-4.7,-12.5,0.52,OK
F14130,2027-02-14 06:20,G2,-2.0,1,-3.0,-12.5,0.51,OK
F14131,2027-02-14 06:20,G3,3.4,-1,4.4,-12.5,0.50,OK
F14132,2027-02-14 06:20,G4,5.7,0,5.7,-12.5,0.49,OK
F14133,2027-02-14 06:20,G5,14.7,2,12.7,-12.5,0.53,OK
F14134,2027-02-14 06:20,G6,204.2,187,17.2,-12.5,0.53,OK
F14135,2027-02-14 06:20,G7,3.0,-2,5.0,-12.5,0.48,OK
F14136,2027-02-14 06:20,G8,-5.0,0,-5.0,-12.5,0.48,OK
F14137,2027-02-14 06:30,G1,-12.4,0,-12.4,-12.6,0.16,OK
F14138,2027-02-14 06:30,G2,-16.4,1,-17.4,-12.6,0.20,OK
F14139,2027-02-14 06:30,G3,-22.8,-1,-21.8,-12.6,0.20,OK
F14140,2027-02-14 06:30,G4,-15.0,0,-15.0,-12.6,0.22,OK
F14141,2027-02-14 06:30,G5,-16.7,2,-18.7,-12.6,0.17,OK
F14142,2027-02-14 06:30,G6,163.4,187,-23.6,-12.6,0.22,OK
F14143,2027-02-14 06:30,G7,-24.8,-2,-22.8,-12.6,0.17,OK
F14144,2027-02-14 06:30,G8,-21.6,0,-21.6,-12.6,0.20,OK
F14145,2027-02-14 06:40,G1,5.0,0,5.0,-12.7,0.65,OK
F14146,2027-02-14 06:40,G2,10.9,1,9.9,-12.7,0.65,OK
F14147,2027-02-14 06:40,G3,13.4,-1,14.4,-12.7,0.66,OK
F14148,2027-02-14 06:40,G4,18.4,0,18.4,-12.7,0.70,OK
F14149,2027-02-14 06:40,G5,32.4,2,30.4,-12.7,0.66,OK
F14150,2027-02-14 06:40,G6,220.1,187,33.1,-12.7,0.69,OK
F14151,2027-02-14 06:40,G7,11.8,-2,13.8,-12.7,0.65,OK
F14152,2027-02-14 06:40,G8,4.7,0,4.7,-12.7,0.70,OK
F14153,2027-02-14 06:50,G1,-19.9,0,-19.9,-12.8,0.18,OK
F14154,2027-02-14 06:50,G2,-16.4,1,-17.4,-12.8,0.16,OK
F14155,2027-02-14 06:50,G3,-19.8,-1,-18.8,-12.8,0.17,OK
F14156,2027-02-14 06:50,G4,-18.1,0,-18.1,-12.8,0.21,OK
F14157,2027-02-14 06:50,G5,-15.2,2,-17.2,-12.8,0.17,OK
F14158,2027-02-14 06:50,G6,165.0,187,-22.0,-12.8,0.20,OK
F14159,2027-02-14 06:50,G7,-21.7,-2,-19.7,-12.8,0.22,OK
F14160,2027-02-14 06:50,G8,-22.6,0,-22.6,-12.8,0.18,OK
F14161,2027-02-14 07:00,G1,18.9,0,18.9,-12.8,1.03,OK
F14162,2027-02-14 07:00,G2,27.8,1,26.8,-12.8,1.03,OK
F14163,2027-02-14 07:00,G3,35.7,-1,36.7,-12.8,0.98,OK
F14164,2027-02-14 07:00,G4,45.4,0,45.4,-12.8,1.05,OK
F14165,2027-02-14 07:00,G5,59.1,2,57.1,-12.8,1.00,OK
F14166,2027-02-14 07:00,G6,257.8,187,70.8,-12.8,0.99,OK
F14167,2027-02-14 07:00,G7,39.5,-2,41.5,-12.8,1.06,OK
F14168,2027-02-14 07:00,G8,17.4,0,17.4,-12.8,0.99,OK
F14169,2027-02-14 07:10,G1,-13.7,0,-13.7,-12.9,0.18,OK
F14170,2027-02-14 07:10,G2,-13.2,1,-14.2,-12.9,0.18,OK
F14171,2027-02-14 07:10,G3,-17.9,-1,-16.9,-12.9,0.19,OK
F14172,2027-02-14 07:10,G4,-19.2,0,-19.2,-12.9,0.24,OK
F14173,2027-02-14 07:10,G5,-19.5,2,-21.5,-12.9,0.23,OK
F14174,2027-02-14 07:10,G6,165.5,187,-21.5,-12.9,0.23,OK
F14175,2027-02-14 07:10,G7,-23.0,-2,-21.0,-12.9,0.19,OK
F14176,2027-02-14 07:10,G8,-21.4,0,-21.4,-12.9,0.24,OK
F14177,2027-02-14 07:20,G1,3.0,0,3.0,-12.9,0.60,OK
F14178,2027-02-14 07:20,G2,4.6,1,3.6,-12.9,0.56,OK
F14179,2027-02-14 07:20,G3,7.6,-1,8.6,-12.9,0.59,OK
F14180,2027-02-14 07:20,G4,9.7,0,9.7,-12.9,0.56,OK
F14181,2027-02-14 07:20,G5,13.1,2,11.1,-12.9,0.53,OK
F14182,2027-02-14 07:20,G6,206.0,187,19.0,-12.9,0.55,OK
F14183,2027-02-14 07:20,G7,2.2,-2,4.2,-12.9,0.58,OK
F14184,2027-02-14 07:20,G8,-5.4,0,-5.4,-12.9,0.60,OK
F14185,2027-02-14 07:30,G1,-18.3,0,-18.3,-13.0,0.18,OK
F14186,2027-02-14 07:30,G2,-14.0,1,-15.0,-13.0,0.16,OK
F14187,2027-02-14 07:30,G3,-23.2,-1,-22.2,-13.0,0.23,OK
F14188,2027-02-14 07:30,G4,-20.3,0,-20.3,-13.0,0.22,OK
F14189,2027-02-14 07:30,G5,-15.1,2,-17.1,-13.0,0.24,OK
F14190,2027-02-14 07:30,G6,164.1,187,-22.9,-13.0,0.16,OK
F14191,2027-02-14 07:30,G7,-28.9,-2,-26.9,-13.0,0.23,OK
F14192,2027-02-14 07:30,G8,-19.9,0,-19.9,-13.0,0.17,OK
F14193,2027-02-14 07:40,G1,7.0,0,7.0,-13.0,0.76,OK
F14194,2027-02-14 07:40,G2,13.2,1,12.2,-13.0,0.71,OK
F14195,2027-02-14 07:40,G3,16.3,-1,17.3,-13.0,0.78,OK
F14196,2027-02-14 07:40,G4,27.9,0,27.9,-13.0,0.71,OK
F14197,2027-02-14 07:40,G5,33.0,2,31.0,-13.0,0.76,OK
F14198,2027-02-14 07:40,G6,227.7,187,40.7,-13.0,0.74,OK
F14199,2027-02-14 07:40,G7,11.6,-2,13.6,-13.0,0.72,OK
F14200,2027-02-14 07:40,G8,0.9,0,0.9,-13.0,0.77,OK
F14201,2027-02-14 07:50,G1,-14.3,0,-14.3,-13.0,0.21,OK
F14202,2027-02-14 07:50,G2,-17.2,1,-18.2,-13.0,0.18,OK
F14203,2027-02-14 07:50,G3,-22.8,-1,-21.8,-13.0,0.17,OK
F14204,2027-02-14 07:50,G4,-20.5,0,-20.5,-13.0,0.23,OK
F14205,2027-02-14 07:50,G5,-14.6,2,-16.6,-13.0,0.21,OK
F14206,2027-02-14 07:50,G6,166.4,187,-20.6,-13.0,0.24,OK
F14207,2027-02-14 07:50,G7,-27.8,-2,-25.8,-13.0,0.18,OK
F14208,2027-02-14 07:50,G8,-25.8,0,-25.8,-13.0,0.18,OK
F14209,2027-02-14 08:00,G1,19.2,0,19.2,-13.0,1.04,OK
F14210,2027-02-14 08:00,G2,34.6,1,33.6,-13.0,1.07,OK
F14211,2027-02-14 08:00,G3,39.8,-1,40.8,-13.0,1.11,OK
F14212,2027-02-14 08:00,G4,56.8,0,56.8,-13.0,1.06,OK
F14213,2027-02-14 08:00,G5,67.7,2,65.7,-13.0,1.08,OK
F14214,2027-02-14 08:00,G6,264.7,187,77.7,-13.0,1.05,OK
F14215,2027-02-14 08:00,G7,42.2,-2,44.2,-13.0,1.10,OK
F14216,2027-02-14 08:00,G8,16.0,0,16.0,-13.0,1.06,OK
F14217,2027-02-14 08:10,G1,-19.6,0,-19.6,-13.0,0.19,OK
F14218,2027-02-14 08:10,G2,-20.2,1,-21.2,-13.0,0.17,OK
F14219,2027-02-14 08:10,G3,-20.2,-1,-19.2,-13.0,0.21,OK
F14220,2027-02-14 08:10,G4,-20.4,0,-20.4,-13.0,0.19,OK
F14221,2027-02-14 08:10,G5,-20.8,2,-22.8,-13.0,0.23,OK
F14222,2027-02-14 08:10,G6,168.0,187,-19.0,-13.0,0.23,OK
F14223,2027-02-14 08:10,G7,-22.7,-2,-20.7,-13.0,0.19,OK
F14224,2027-02-14 08:10,G8,-23.2,0,-23.2,-13.0,0.24,OK
F14225,2027-02-14 08:20,G1,-0.3,0,-0.3,-13.0,0.62,OK
F14226,2027-02-14 08:20,G2,4.5,1,3.5,-13.0,0.63,OK
F14227,2027-02-14 08:20,G3,11.6,-1,12.6,-13.0,0.65,OK
F14228,2027-02-14 08:20,G4,13.7,0,13.7,-13.0,0.60,OK
F14229,2027-02-14 08:20,G5,21.5,2,19.5,-13.0,0.60,OK
F14230,2027-02-14 08:20,G6,210.2,187,23.2,-13.0,0.62,OK
F14231,2027-02-14 08:20,G7,6.3,-2,8.3,-13.0,0.63,OK
F14232,2027-02-14 08:20,G8,-5.2,0,-5.2,-13.0,0.63,OK
F14233,2027-02-14 08:30,G1,-19.4,0,-19.4,-13.0,0.20,OK
F14234,2027-02-14 08:30,G2,-15.0,1,-16.0,-13.0,0.17,OK
F14235,2027-02-14 08:30,G3,-15.8,-1,-14.8,-13.0,0.24,OK
F14236,2027-02-14 08:30,G4,-18.5,0,-18.5,-13.0,0.17,OK
F14237,2027-02-14 08:30,G5,-14.5,2,-16.5,-13.0,0.20,OK
F14238,2027-02-14 08:30,G6,165.3,187,-21.7,-13.0,0.18,OK
F14239,2027-02-14 08:30,G7,-20.9,-2,-18.9,-13.0,0.16,OK
F14240,2027-02-14 08:30,G8,-22.2,0,-22.2,-13.0,0.17,OK
F14241,2027-02-14 08:40,G1,8.9,0,8.9,-12.9,0.80,OK
F14242,2027-02-14 08:40,G2,20.0,1,19.0,-12.9,0.84,OK
F14243,2027-02-14 08:40,G3,21.7,-1,22.7,-12.9,0.82,OK
F14244,2027-02-14 08:40,G4,26.4,0,26.4,-12.9,0.83,OK
F14245,2027-02-14 08:40,G5,42.9,2,40.9,-12.9,0.78,OK
F14246,2027-02-14 08:40,G6,237.2,187,50.2,-12.9,0.80,OK
F14247,2027-02-14 08:40,G7,17.1,-2,19.1,-12.9,0.79,OK
F14248,2027-02-14 08:40,G8,7.8,0,7.8,-12.9,0.82,OK
F14249,2027-02-14 08:50,G1,-14.7,0,-14.7,-12.9,0.16,OK
F14250,2027-02-14 08:50,G2,-20.4,1,-21.4,-12.9,0.23,OK
F14251,2027-02-14 08:50,G3,-19.6,-1,-18.6,-12.9,0.19,OK
F14252,2027-02-14 08:50,G4,-16.1,0,-16.1,-12.9,0.19,OK
F14253,2027-02-14 08:50,G5,-18.6,2,-20.6,-12.9,0.24,OK
F14254,2027-02-14 08:50,G6,165.5,187,-21.5,-12.9,0.19,OK
F14255,2027-02-14 08:50,G7,-24.9,-2,-22.9,-12.9,0.20,OK
F14256,2027-02-14 08:50,G8,-24.4,0,-24.4,-12.9,0.24,OK
F14257,2027-02-14 09:00,G1,1.3,0,1.3,-12.8,0.49,OK
F14258,2027-02-14 09:00,G2,-0.1,1,-1.1,-12.8,0.53,OK
F14259,2027-02-14 09:00,G3,2.7,-1,3.7,-12.8,0.49,OK
F14260,2027-02-14 09:00,G4,5.7,0,5.7,-12.8,0.53,OK
F14261,2027-02-14 09:00,G5,10.5,2,8.5,-12.8,0.53,OK
F14262,2027-02-14 09:00,G6,205.2,187,18.2,-12.8,0.51,OK
F14263,2027-02-14 09:00,G7,0.1,-2,2.1,-12.8,0.49,OK
F14264,2027-02-14 09:00,G8,-11.5,0,-11.5,-12.8,0.49,OK
F14265,2027-02-14 09:10,G1,-12.1,0,-12.1,-12.8,0.23,OK
F14266,2027-02-14 09:10,G2,-17.2,1,-18.2,-12.8,0.19,OK
F14267,2027-02-14 09:10,G3,-23.6,-1,-22.6,-12.8,0.20,OK
F14268,2027-02-14 09:10,G4,-19.8,0,-19.8,-12.8,0.17,OK
F14269,2027-02-14 09:10,G5,-21.8,2,-23.8,-12.8,0.21,OK
F14270,2027-02-14 09:10,G6,167.7,187,-19.3,-12.8,0.20,OK
F14271,2027-02-14 09:10,G7,-28.3,-2,-26.3,-12.8,0.16,OK
F14272,2027-02-14 09:10,G8,-25.6,0,-25.6,-12.8,0.19,OK
F14273,2027-02-14 09:20,G1,7.5,0,7.5,-12.7,0.69,OK
F14274,2027-02-14 09:20,G2,13.5,1,12.5,-12.7,0.68,OK
F14275,2027-02-14 09:20,G3,14.9,-1,15.9,-12.7,0.68,OK
F14276,2027-02-14 09:20,G4,24.3,0,24.3,-12.7,0.70,OK
F14277,2027-02-14 09:20,G5,32.8,2,30.8,-12.7,0.66,OK
F14278,2027-02-14 09:20,G6,222.0,187,35.0,-12.7,0.65,OK
F14279,2027-02-14 09:20,G7,9.9,-2,11.9,-12.7,0.68,OK
F14280,2027-02-14 09:20,G8,5.6,0,5.6,-12.7,0.69,OK
F14281,2027-02-14 09:30,G1,-16.0,0,-16.0,-12.6,0.17,OK
F14282,2027-02-14 09:30,G2,-12.5,1,-13.5,-12.6,0.22,OK
F14283,2027-02-14 09:30,G3,-21.7,-1,-20.7,-12.6,0.18,OK
F14284,2027-02-14 09:30,G4,-18.5,0,-18.5,-12.6,0.18,OK
F14285,2027-02-14 09:30,G5,-18.3,2,-20.3,-12.6,0.16,OK
F14286,2027-02-14 09:30,G6,169.7,187,-17.3,-12.6,0.20,OK
F14287,2027-02-14 09:30,G7,-25.8,-2,-23.8,-12.6,0.22,OK
F14288,2027-02-14 09:30,G8,-18.5,0,-18.5,-12.6,0.24,OK
F14289,2027-02-14 09:40,G1,11.4,0,11.4,-12.5,0.89,OK
F14290,2027-02-14 09:40,G2,21.8,1,20.8,-12.5,0.82,OK
F14291,2027-02-14 09:40,G3,22.0,-1,23.0,-12.5,0.88,OK
F14292,2027-02-14 09:40,G4,39.6,0,39.6,-12.5,0.82,OK
F14293,2027-02-14 09:40,G5,47.7,2,45.7,-12.5,0.85,OK
F14294,2027-02-14 09:40,G6,246.2,187,59.2,-12.5,0.87,OK
F14295,2027-02-14 09:40,G7,22.2,-2,24.2,-12.5,0.85,OK
F14296,2027-02-14 09:40,G8,9.0,0,9.0,-12.5,0.87,OK
F14297,2027-02-14 09:50,G1,-16.2,0,-16.2,-12.4,0.18,OK
F14298,2027-02-14 09:50,G2,-19.9,1,-20.9,-12.4,0.23,OK
F14299,2027-02-14 09:50,G3,-19.1,-1,-18.1,-12.4,0.18,OK
F14300,2027-02-14 09:50,G4,-14.4,0,-14.4,-12.4,0.17,OK
F14301,2027-02-14 09:50,G5,-18.9,2,-20.9,-12.4,0.23,OK
F14302,2027-02-14 09:50,G6,165.2,187,-21.8,-12.4,0.18,OK
F14303,2027-02-14 09:50,G7,-24.8,-2,-22.8,-12.4,0.24,OK
F14304,2027-02-14 09:50,G8,-21.4,0,-21.4,-12.4,0.23,OK
F14305,2027-02-14 10:00,G1,1.4,0,1.4,-12.2,0.57,OK
F14306,2027-02-14 10:00,G2,5.3,1,4.3,-12.2,0.54,OK
F14307,2027-02-14 10:00,G3,8.4,-1,9.4,-12.2,0.57,OK
F14308,2027-02-14 10:00,G4,12.4,0,12.4,-12.2,0.58,OK
F14309,2027-02-14 10:00,G5,21.8,2,19.8,-12.2,0.57,OK
F14310,2027-02-14 10:00,G6,207.7,187,20.7,-12.2,0.61,OK
F14311,2027-02-14 10:00,G7,3.2,-2,5.2,-12.2,0.54,OK
F14312,2027-02-14 10:00,G8,-4.4,0,-4.4,-12.2,0.58,OK
F14313,2027-02-14 10:10,G1,-17.5,0,-17.5,-12.1,0.23,OK
F14314,2027-02-14 10:10,G2,-10.5,1,-11.5,-12.1,0.22,OK
F14315,2027-02-14 10:10,G3,-16.3,-1,-15.3,-12.1,0.23,OK
F14316,2027-02-14 10:10,G4,-20.0,0,-20.0,-12.1,0.22,OK
F14317,2027-02-14 10:10,G5,-13.7,2,-15.7,-12.1,0.20,OK
F14318,2027-02-14 10:10,G6,164.9,187,-22.1,-12.1,0.18,OK
F14319,2027-02-14 10:10,G7,-19.3,-2,-17.3,-12.1,0.22,OK
F14320,2027-02-14 10:10,G8,-22.0,0,-22.0,-12.1,0.24,OK
F14321,2027-02-14 10:20,G1,7.2,0,7.2,-12.0,0.77,OK
F14322,2027-02-14 10:20,G2,18.0,1,17.0,-12.0,0.78,OK
F14323,2027-02-14 10:20,G3,21.7,-1,22.7,-12.0,0.71,OK
F14324,2027-02-14 10:20,G4,24.1,0,24.1,-12.0,0.76,OK
F14325,2027-02-14 10:20,G5,35.5,2,33.5,-12.0,0.74,OK
F14326,2027-02-14 10:20,G6,232.9,187,45.9,-12.0,0.78,OK
F14327,2027-02-14 10:20,G7,21.7,-2,23.7,-12.0,0.76,OK
F14328,2027-02-14 10:20,G8,5.8,0,5.8,-12.0,0.74,OK
F14329,2027-02-14 10:30,G1,-15.7,0,-15.7,-11.8,0.22,OK
F14330,2027-02-14 10:30,G2,-13.2,1,-14.2,-11.8,0.18,OK
F14331,2027-02-14 10:30,G3,-15.0,-1,-14.0,-11.8,0.16,OK
F14332,2027-02-14 10:30,G4,-15.6,0,-15.6,-11.8,0.23,OK
F14333,2027-02-14 10:30,G5,-13.8,2,-15.8,-11.8,0.22,OK
F14334,2027-02-14 10:30,G6,172.3,187,-14.7,-11.8,0.19,OK
F14335,2027-02-14 10:30,G7,-23.4,-2,-21.4,-11.8,0.23,OK
F14336,2027-02-14 10:30,G8,-19.1,0,-19.1,-11.8,0.21,OK
F14337,2027-02-14 10:40,G1,15.4,0,15.4,-11.6,0.91,OK
F14338,2027-02-14 10:40,G2,26.3,1,25.3,-11.6,0.91,OK
F14339,2027-02-14 10:40,G3,30.1,-1,31.1,-11.6,0.95,OK
F14340,2027-02-14 10:40,G4,47.2,0,47.2,-11.6,0.91,OK
F14341,2027-02-14 10:40,G5,53.3,2,51.3,-11.6,0.93,OK
F14342,2027-02-14 10:40,G6,252.2,187,65.2,-11.6,0.94,OK
F14343,2027-02-14 10:40,G7,35.7,-2,37.7,-11.6,0.90,OK
F14344,2027-02-14 10:40,G8,17.9,0,17.9,-11.6,0.95,OK
F14345,2027-02-14 10:50,G1,-14.0,0,-14.0,-11.5,0.19,OK
F14346,2027-02-14 10:50,G2,-10.7,1,-11.7,-11.5,0.19,OK
F14347,2027-02-14 10:50,G3,-13.5,-1,-12.5,-11.5,0.21,OK
F14348,2027-02-14 10:50,G4,-18.5,0,-18.5,-11.5,0.18,OK
F14349,2027-02-14 10:50,G5,-19.1,2,-21.1,-11.5,0.16,OK
F14350,2027-02-14 10:50,G6,173.4,187,-13.6,-11.5,0.24,OK
F14351,2027-02-14 10:50,G7,-24.6,-2,-22.6,-11.5,0.17,OK
F14352,2027-02-14 10:50,G8,-19.9,0,-19.9,-11.5,0.22,OK
F14353,2027-02-14 11:00,G1,2.3,0,2.3,-11.3,0.67,OK
F14354,2027-02-14 11:00,G2,8.4,1,7.4,-11.3,0.66,OK
F14355,2027-02-14 11:00,G3,11.8,-1,12.8,-11.3,0.61,OK
F14356,2027-02-14 11:00,G4,23.4,0,23.4,-11.3,0.65,OK
F14357,2027-02-14 11:00,G5,24.3,2,22.3,-11.3,0.63,OK
F14358,2027-02-14 11:00,G6,218.8,187,31.8,-11.3,0.61,OK
F14359,2027-02-14 11:00,G7,12.1,-2,14.1,-11.3,0.67,OK
F14360,2027-02-14 11:00,G8,0.4,0,0.4,-11.3,0.65,OK
F14361,2027-02-14 11:10,G1,-11.0,0,-11.0,-11.1,0.21,OK
F14362,2027-02-14 11:10,G2,-15.3,1,-16.3,-11.1,0.16,OK
F14363,2027-02-14 11:10,G3,-12.4,-1,-11.4,-11.1,0.18,OK
F14364,2027-02-14 11:10,G4,-13.2,0,-13.2,-11.1,0.18,OK
F14365,2027-02-14 11:10,G5,-16.4,2,-18.4,-11.1,0.19,OK
F14366,2027-02-14 11:10,G6,168.7,187,-18.3,-11.1,0.24,OK
F14367,2027-02-14 11:10,G7,-17.7,-2,-15.7,-11.1,0.18,OK
F14368,2027-02-14 11:10,G8,-15.4,0,-15.4,-11.1,0.23,OK
F14369,2027-02-14 11:20,G1,14.1,0,14.1,-10.9,0.83,OK
F14370,2027-02-14 11:20,G2,21.6,1,20.6,-10.9,0.78,OK
F14371,2027-02-14 11:20,G3,21.4,-1,22.4,-10.9,0.80,OK
F14372,2027-02-14 11:20,G4,40.1,0,40.1,-10.9,0.79,OK
F14373,2027-02-14 11:20,G5,44.6,2,42.6,-10.9,0.84,OK
F14374,2027-02-14 11:20,G6,244.2,187,57.2,-10.9,0.85,OK
F14375,2027-02-14 11:20,G7,24.0,-2,26.0,-10.9,0.81,OK
F14376,2027-02-14 11:20,G8,12.4,0,12.4,-10.9,0.79,OK
F14377,2027-02-14 11:30,G1,-15.6,0,-15.6,-10.7,0.21,OK
F14378,2027-02-14 11:30,G2,-11.2,1,-12.2,-10.7,0.24,OK
F14379,2027-02-14 11:30,G3,-16.9,-1,-15.9,-10.7,0.24,OK
F14380,2027-02-14 11:30,G4,-14.9,0,-14.9,-10.7,0.21,OK
F14381,2027-02-14 11:30,G5,-14.4,2,-16.4,-10.7,0.24,OK
F14382,2027-02-14 11:30,G6,167.6,187,-19.4,-10.7,0.19,OK
F14383,2027-02-14 11:30,G7,-18.8,-2,-16.8,-10.7,0.23,OK
F14384,2027-02-14 11:30,G8,-20.3,0,-20.3,-10.7,0.20,OK
F14385,2027-02-14 11:40,G1,18.8,0,18.8,-10.5,0.95,OK
F14386,2027-02-14 11:40,G2,32.1,1,31.1,-10.5,1.02,OK
F14387,2027-02-14 11:40,G3,39.5,-1,40.5,-10.5,0.96,OK
F14388,2027-02-14 11:40,G4,55.2,0,55.2,-10.5,1.00,OK
F14389,2027-02-14 11:40,G5,64.3,2,62.3,-10.5,1.01,OK
F14390,2027-02-14 11:40,G6,262.8,187,75.8,-10.5,0.99,OK
F14391,2027-02-14 11:40,G7,37.1,-2,39.1,-10.5,0.96,OK
F14392,2027-02-14 11:40,G8,26.6,0,26.6,-10.5,1.01,OK
F14393,2027-02-14 11:50,G1,-14.9,0,-14.9,-10.3,0.17,OK
F14394,2027-02-14 11:50,G2,-13.5,1,-14.5,-10.3,0.16,OK
F14395,2027-02-14 11:50,G3,-17.1,-1,-16.1,-10.3,0.16,OK
F14396,2027-02-14 11:50,G4,-15.4,0,-15.4,-10.3,0.21,OK
F14397,2027-02-14 11:50,G5,-7.6,2,-9.6,-10.3,0.23,OK
F14398,2027-02-14 11:50,G6,170.6,187,-16.4,-10.3,0.22,OK
F14399,2027-02-14 11:50,G7,-13.5,-2,-11.5,-10.3,0.18,OK
F14400,2027-02-14 11:50,G8,-18.1,0,-18.1,-10.3,0.20,OK
F14401,2027-02-14 12:00,G1,10.1,0,10.1,-10.0,0.70,OK
F14402,2027-02-14 12:00,G2,15.7,1,14.7,-10.0,0.72,OK
F14403,2027-02-14 12:00,G3,22.7,-1,23.7,-10.0,0.70,OK
F14404,2027-02-14 12:00,G4,31.0,0,31.0,-10.0,0.67,OK
F14405,2027-02-14 12:00,G5,40.2,2,38.2,-10.0,0.67,OK
F14406,2027-02-14 12:00,G6,231.6,187,44.6,-10.0,0.68,OK
F14407,2027-02-14 12:00,G7,23.6,-2,25.6,-10.0,0.72,OK
F14408,2027-02-14 12:00,G8,9.3,0,9.3,-10.0,0.72,OK
F14409,2027-02-14 12:10,G1,-10.5,0,-10.5,-9.8,0.19,OK
F14410,2027-02-14 12:10,G2,-12.1,1,-13.1,-9.8,0.20,OK
F14411,2027-02-14 12:10,G3,-15.6,-1,-14.6,-9.8,0.17,OK
F14412,2027-02-14 12:10,G4,-10.2,0,-10.2,-9.8,0.18,OK
F14413,2027-02-14 12:10,G5,-12.6,2,-14.6,-9.8,0.18,OK
F14414,2027-02-14 12:10,G6,173.7,187,-13.3,-9.8,0.23,OK
F14415,2027-02-14 12:10,G7,-19.9,-2,-17.9,-9.8,0.21,OK
F14416,2027-02-14 12:10,G8,-16.1,0,-16.1,-9.8,0.16,OK
F14417,2027-02-14 12:20,G1,20.9,0,20.9,-9.6,0.87,OK
F14418,2027-02-14 12:20,G2,29.8,1,28.8,-9.6,0.84,OK
F14419,2027-02-14 12:20,G3,34.9,-1,35.9,-9.6,0.89,OK
F14420,2027-02-14 12:20,G4,40.0,0,40.0,-9.6,0.88,OK
F14421,2027-02-14 12:20,G5,60.1,2,58.1,-9.6,0.83,OK
F14422,2027-02-14 12:20,G6,248.4,187,61.4,-9.6,0.87,OK
F14423,2027-02-14 12:20,G7,36.8,-2,38.8,-9.6,0.90,OK
F14424,2027-02-14 12:20,G8,15.5,0,15.5,-9.6,0.86,OK
F14425,2027-02-14 12:30,G1,-5.7,0,-5.7,-9.3,0.23,OK
F14426,2027-02-14 12:30,G2,-6.4,1,-7.4,-9.3,0.16,OK
F14427,2027-02-14 12:30,G3,-7.0,-1,-6.0,-9.3,0.22,OK
F14428,2027-02-14 12:30,G4,-7.2,0,-7.2,-9.3,0.22,OK
F14429,2027-02-14 12:30,G5,-10.6,2,-12.6,-9.3,0.19,OK
F14430,2027-02-14 12:30,G6,172.7,187,-14.3,-9.3,0.20,OK
F14431,2027-02-14 12:30,G7,-11.5,-2,-9.5,-9.3,0.19,OK
F14432,2027-02-14 12:30,G8,-10.3,0,-10.3,-9.3,0.23,OK
F14433,2027-02-14 12:40,G1,30.1,0,30.1,-9.1,1.03,OK
F14434,2027-02-14 12:40,G2,38.5,1,37.5,-9.1,1.05,OK
F14435,2027-02-14 12:40,G3,45.4,-1,46.4,-9.1,1.03,OK
F14436,2027-02-14 12:40,G4,57.1,0,57.1,-9.1,1.01,OK
F14437,2027-02-14 12:40,G5,77.0,2,75.0,-9.1,1.03,OK
F14438,2027-02-14 12:40,G6,275.7,187,88.7,-9.1,1.08,OK
F14439,2027-02-14 12:40,G7,48.1,-2,50.1,-9.1,1.06,OK
F14440,2027-02-14 12:40,G8,32.6,0,32.6,-9.1,1.05,OK
F14441,2027-02-14 12:50,G1,-8.8,0,-8.8,-8.8,0.23,OK
F14442,2027-02-14 12:50,G2,-3.1,1,-4.1,-8.8,0.17,OK
F14443,2027-02-14 12:50,G3,-9.8,-1,-8.8,-8.8,0.18,OK
F14444,2027-02-14 12:50,G4,-5.1,0,-5.1,-8.8,0.17,OK
F14445,2027-02-14 12:50,G5,-8.1,2,-10.1,-8.8,0.24,OK
F14446,2027-02-14 12:50,G6,177.1,187,-9.9,-8.8,0.20,OK
F14447,2027-02-14 12:50,G7,-12.7,-2,-10.7,-8.8,0.23,OK
F14448,2027-02-14 12:50,G8,-10.8,0,-10.8,-8.8,0.17,OK
F14449,2027-02-14 13:00,G1,16.9,0,16.9,-8.6,0.74,OK
F14450,2027-02-14 13:00,G2,21.5,1,20.5,-8.6,0.78,OK
F14451,2027-02-14 13:00,G3,24.1,-1,25.1,-8.6,0.77,OK
F14452,2027-02-14 13:00,G4,33.3,0,33.3,-8.6,0.77,OK
F14453,2027-02-14 13:00,G5,49.7,2,47.7,-8.6,0.74,OK
F14454,2027-02-14 13:00,G6,245.1,187,58.1,-8.6,0.77,OK
F14455,2027-02-14 13:00,G7,28.8,-2,30.8,-8.6,0.76,OK
F14456,2027-02-14 13:00,G8,18.0,0,18.0,-8.6,0.76,OK
F14457,2027-02-14 13:10,G1,-5.5,0,-5.5,-8.3,0.22,OK
F14458,2027-02-14 13:10,G2,-5.7,1,-6.7,-8.3,0.18,OK
F14459,2027-02-14 13:10,G3,-12.7,-1,-11.7,-8.3,0.19,OK
F14460,2027-02-14 13:10,G4,-6.4,0,-6.4,-8.3,0.21,OK
F14461,2027-02-14 13:10,G5,-7.8,2,-9.8,-8.3,0.20,OK
F14462,2027-02-14 13:10,G6,178.8,187,-8.2,-8.3,0.18,OK
F14463,2027-02-14 13:10,G7,-14.5,-2,-12.5,-8.3,0.19,OK
F14464,2027-02-14 13:10,G8,-10.3,0,-10.3,-8.3,0.22,OK
F14465,2027-02-14 13:20,G1,24.8,0,24.8,-8.1,0.97,OK
F14466,2027-02-14 13:20,G2,34.2,1,33.2,-8.1,0.92,OK
F14467,2027-02-14 13:20,G3,42.9,-1,43.9,-8.1,0.91,OK
F14468,2027-02-14 13:20,G4,54.4,0,54.4,-8.1,0.92,OK
F14469,2027-02-14 13:20,G5,68.3,2,66.3,-8.1,0.90,OK
F14470,2027-02-14 13:20,G6,264.3,187,77.3,-8.1,0.94,OK
F14471,2027-02-14 13:20,G7,47.4,-2,49.4,-8.1,0.93,OK
F14472,2027-02-14 13:20,G8,27.7,0,27.7,-8.1,0.90,OK
F14473,2027-02-14 13:30,G1,-4.1,0,-4.1,-7.8,0.24,OK
F14474,2027-02-14 13:30,G2,-6.0,1,-7.0,-7.8,0.18,OK
F14475,2027-02-14 13:30,G3,-10.0,-1,-9.0,-7.8,0.19,OK
F14476,2027-02-14 13:30,G4,-7.7,0,-7.7,-7.8,0.24,OK
F14477,2027-02-14 13:30,G5,-8.9,2,-10.9,-7.8,0.23,OK
F14478,2027-02-14 13:30,G6,175.9,187,-11.1,-7.8,0.17,OK
F14479,2027-02-14 13:30,G7,-7.2,-2,-5.2,-7.8,0.18,OK
F14480,2027-02-14 13:30,G8,-8.9,0,-8.9,-7.8,0.22,OK
F14481,2027-02-14 13:40,G1,30.1,0,30.1,-7.6,1.07,OK
F14482,2027-02-14 13:40,G2,48.1,1,47.1,-7.6,1.08,OK
F14483,2027-02-14 13:40,G3,56.7,-1,57.7,-7.6,1.11,OK
F14484,2027-02-14 13:40,G4,69.5,0,69.5,-7.6,1.07,OK
F14485,2027-02-14 13:40,G5,85.5,2,83.5,-7.6,1.13,OK
F14486,2027-02-14 13:40,G6,288.1,187,101.1,-7.6,1.07,OK
F14487,2027-02-14 13:40,G7,55.4,-2,57.4,-7.6,1.07,OK
F14488,2027-02-14 13:40,G8,37.1,0,37.1,-7.6,1.14,OK
F14489,2027-02-14 13:50,G1,-8.9,0,-8.9,-7.3,0.19,OK
F14490,2027-02-14 13:50,G2,-3.0,1,-4.0,-7.3,0.17,OK
F14491,2027-02-14 13:50,G3,-3.9,-1,-2.9,-7.3,0.19,OK
F14492,2027-02-14 13:50,G4,-3.2,0,-3.2,-7.3,0.22,OK
F14493,2027-02-14 13:50,G5,-7.9,2,-9.9,-7.3,0.19,OK
F14494,2027-02-14 13:50,G6,180.6,187,-6.4,-7.3,0.17,OK
F14495,2027-02-14 13:50,G7,-8.5,-2,-6.5,-7.3,0.21,OK
F14496,2027-02-14 13:50,G8,-2.9,0,-2.9,-7.3,0.18,OK
F14497,2027-02-14 14:00,G1,24.3,0,24.3,-7.0,0.84,OK
F14498,2027-02-14 14:00,G2,30.4,1,29.4,-7.0,0.81,OK
F14499,2027-02-14 14:00,G3,35.2,-1,36.2,-7.0,0.84,OK
F14500,2027-02-14 14:00,G4,47.1,0,47.1,-7.0,0.84,OK
F14501,2027-02-14 14:00,G5,53.3,2,51.3,-7.0,0.84,OK
F14502,2027-02-14 14:00,G6,252.8,187,65.8,-7.0,0.86,OK
F14503,2027-02-14 14:00,G7,39.3,-2,41.3,-7.0,0.80,OK
F14504,2027-02-14 14:00,G8,27.9,0,27.9,-7.0,0.84,OK
F14505,2027-02-14 14:10,G1,-6.5,0,-6.5,-6.8,0.19,OK
F14506,2027-02-14 14:10,G2,0.6,1,-0.4,-6.8,0.20,OK
F14507,2027-02-14 14:10,G3,-3.2,-1,-2.2,-6.8,0.17,OK
F14508,2027-02-14 14:10,G4,-2.1,0,-2.1,-6.8,0.22,OK
F14509,2027-02-14 14:10,G5,1.4,2,-0.6,-6.8,0.17,OK
F14510,2027-02-14 14:10,G6,181.1,187,-5.9,-6.8,0.18,OK
F14511,2027-02-14 14:10,G7,-10.7,-2,-8.7,-6.8,0.18,OK
F14512,2027-02-14 14:10,G8,-2.0,0,-2.0,-6.8,0.17,OK
F14513,2027-02-14 14:20,G1,32.5,0,32.5,-6.5,0.97,OK
F14514,2027-02-14 14:20,G2,40.8,1,39.8,-6.5,1.02,OK
F14515,2027-02-14 14:20,G3,51.5,-1,52.5,-6.5,1.03,OK
F14516,2027-02-14 14:20,G4,59.0,0,59.0,-6.5,1.03,OK
F14517,2027-02-14 14:20,G5,73.3,2,71.3,-6.5,0.99,OK
F14518,2027-02-14 14:20,G6,273.1,187,86.1,-6.5,0.99,OK
F14519,2027-02-14 14:20,G7,50.0,-2,52.0,-6.5,0.99,OK
F14520,2027-02-14 14:20,G8,33.9,0,33.9,-6.5,1.00,OK
F14521,2027-02-14 14:30,G1,0.8,0,0.8,-6.3,0.17,OK
F14522,2027-02-14 14:30,G2,0.3,1,-0.7,-6.3,0.17,OK
F14523,2027-02-14 14:30,G3,-2.3,-1,-1.3,-6.3,0.20,OK
F14524,2027-02-14 14:30,G4,-6.1,0,-6.1,-6.3,0.23,OK
F14525,2027-02-14 14:30,G5,-3.4,2,-5.4,-6.3,0.20,OK
F14526,2027-02-14 14:30,G6,188.0,187,1.0,-6.3,0.22,OK
F14527,2027-02-14 14:30,G7,-3.7,-2,-1.7,-6.3,0.22,OK
F14528,2027-02-14 14:30,G8,-5.5,0,-5.5,-6.3,0.23,OK
F14529,2027-02-14 14:40,G1,16.2,0,16.2,-6.0,0.50,OK
F14530,2027-02-14 14:40,G2,14.7,1,13.7,-6.0,0.53,OK
F14531,2027-02-14 14:40,G3,14.8,-1,15.8,-6.0,0.51,OK
F14532,2027-02-14 14:40,G4,23.9,0,23.9,-6.0,0.56,OK
F14533,2027-02-14 14:40,G5,31.4,2,29.4,-6.0,0.55,OK
F14534,2027-02-14 14:40,G6,226.5,187,39.5,-6.0,0.55,OK
F14535,2027-02-14 14:40,G7,21.3,-2,23.3,-6.0,0.52,OK
F14536,2027-02-14 14:40,G8,17.8,0,17.8,-6.0,0.50,OK
F14537,2027-02-14 14:50,G1,-5.4,0,-5.4,-5.7,0.17,OK
F14538,2027-02-14 14:50,G2,-4.3,1,-5.3,-5.7,0.23,OK
F14539,2027-02-14 14:50,G3,-5.6,-1,-4.6,-5.7,0.21,OK
F14540,2027-02-14 14:50,G4,-4.0,0,-4.0,-5.7,0.20,OK
F14541,2027-02-14 14:50,G5,1.6,2,-0.4,-5.7,0.17,OK
F14542,2027-02-14 14:50,G6,184.3,187,-2.7,-5.7,0.19,OK
F14543,2027-02-14 14:50,G7,-7.3,-2,-5.3,-5.7,0.19,OK
F14544,2027-02-14 14:50,G8,1.9,0,1.9,-5.7,0.17,OK
F14545,2027-02-14 15:00,G1,26.8,0,26.8,-5.5,0.88,OK
F14546,2027-02-14 15:00,G2,40.8,1,39.8,-5.5,0.91,OK
F14547,2027-02-14 15:00,G3,45.1,-1,46.1,-5.5,0.91,OK
F14548,2027-02-14 15:00,G4,59.4,0,59.4,-5.5,0.84,OK
F14549,2027-02-14 15:00,G5,70.8,2,68.8,-5.5,0.88,OK
F14550,2027-02-14 15:00,G6,263.4,187,76.4,-5.5,0.88,OK
F14551,2027-02-14 15:00,G7,46.0,-2,48.0,-5.5,0.86,OK
F14552,2027-02-14 15:00,G8,33.5,0,33.5,-5.5,0.89,OK
F14553,2027-02-14 15:10,G1,-4.9,0,-4.9,-5.2,0.18,OK
F14554,2027-02-14 15:10,G2,-2.8,1,-3.8,-5.2,0.21,OK
F14555,2027-02-14 15:10,G3,2.9,-1,3.9,-5.2,0.16,OK
F14556,2027-02-14 15:10,G4,2.3,0,2.3,-5.2,0.23,OK
F14557,2027-02-14 15:10,G5,3.6,2,1.6,-5.2,0.23,OK
F14558,2027-02-14 15:10,G6,189.3,187,2.3,-5.2,0.21,OK
F14559,2027-02-14 15:10,G7,0.7,-2,2.7,-5.2,0.17,OK
F14560,2027-02-14 15:10,G8,-3.8,0,-3.8,-5.2,0.20,OK
F14561,2027-02-14 15:20,G1,33.7,0,33.7,-5.0,1.06,OK
F14562,2027-02-14 15:20,G2,47.3,1,46.3,-5.0,1.01,OK
F14563,2027-02-14 15:20,G3,57.5,-1,58.5,-5.0,1.06,OK
F14564,2027-02-14 15:20,G4,70.3,0,70.3,-5.0,1.04,OK
F14565,2027-02-14 15:20,G5,87.8,2,85.8,-5.0,1.07,OK
F14566,2027-02-14 15:20,G6,287.3,187,100.3,-5.0,1.03,OK
F14567,2027-02-14 15:20,G7,56.3,-2,58.3,-5.0,1.07,OK
F14568,2027-02-14 15:20,G8,38.2,0,38.2,-5.0,1.07,OK
F14569,2027-02-14 15:30,G1,0.7,0,0.7,-4.7,0.23,OK
F14570,2027-02-14 15:30,G2,1.0,1,-0.0,-4.7,0.21,OK
F14571,2027-02-14 15:30,G3,-3.3,-1,-2.3,-4.7,0.19,OK
F14572,2027-02-14 15:30,G4,2.5,0,2.5,-4.7,0.20,OK
F14573,2027-02-14 15:30,G5,5.6,2,3.6,-4.7,0.21,OK
F14574,2027-02-14 15:30,G6,187.8,187,0.8,-4.7,0.18,OK
F14575,2027-02-14 15:30,G7,3.1,-2,5.1,-4.7,0.21,OK
F14576,2027-02-14 15:30,G8,-0.3,0,-0.3,-4.7,0.23,OK
F14577,2027-02-14 15:40,G1,15.3,0,15.3,-4.5,0.62,OK
F14578,2027-02-14 15:40,G2,23.8,1,22.8,-4.5,0.62,OK
F14579,2027-02-14 15:40,G3,26.0,-1,27.0,-4.5,0.59,OK
F14580,2027-02-14 15:40,G4,37.7,0,37.7,-4.5,0.61,OK
F14581,2027-02-14 15:40,G5,42.2,2,40.2,-4.5,0.60,OK
F14582,2027-02-14 15:40,G6,237.2,187,50.2,-4.5,0.63,OK
F14583,2027-02-14 15:40,G7,26.2,-2,28.2,-4.5,0.59,OK
F14584,2027-02-14 15:40,G8,23.2,0,23.2,-4.5,0.63,OK
F14585,2027-02-14 15:50,G1,-2.9,0,-2.9,-4.3,0.23,OK
F14586,2027-02-14 15:50,G2,2.8,1,1.8,-4.3,0.18,OK
F14587,2027-02-14 15:50,G3,4.3,-1,5.3,-4.3,0.24,OK
F14588,2027-02-14 15:50,G4,0.6,0,0.6,-4.3,0.19,OK
F14589,2027-02-14 15:50,G5,1.5,2,-0.5,-4.3,0.17,OK
F14590,2027-02-14 15:50,G6,188.7,187,1.7,-4.3,0.19,OK
F14591,2027-02-14 15:50,G7,-1.9,-2,0.1,-4.3,0.21,OK
F14592,2027-02-14 15:50,G8,0.8,0,0.8,-4.3,0.24,OK
F14593,2027-02-14 16:00,G1,37.6,0,37.6,-4.0,0.96,OK
F14594,2027-02-14 16:00,G2,44.5,1,43.5,-4.0,0.91,OK
F14595,2027-02-14 16:00,G3,46.6,-1,47.6,-4.0,0.97,OK
F14596,2027-02-14 16:00,G4,65.3,0,65.3,-4.0,0.95,OK
F14597,2027-02-14 16:00,G5,81.3,2,79.3,-4.0,0.92,OK
F14598,2027-02-14 16:00,G6,274.2,187,87.2,-4.0,0.96,OK
F14599,2027-02-14 16:00,G7,53.9,-2,55.9,-4.0,0.97,OK
F14600,2027-02-14 16:00,G8,40.0,0,40.0,-4.0,0.90,OK
F14601,2027-02-14 16:10,G1,4.9,0,4.9,-3.8,0.23,OK
F14602,2027-02-14 16:10,G2,0.7,1,-0.3,-3.8,0.20,OK
F14603,2027-02-14 16:10,G3,4.8,-1,5.8,-3.8,0.23,OK
F14604,2027-02-14 16:10,G4,-1.3,0,-1.3,-3.8,0.23,OK
F14605,2027-02-14 16:10,G5,2.7,2,0.7,-3.8,0.17,OK
F14606,2027-02-14 16:10,G6,189.5,187,2.5,-3.8,0.17,OK
F14607,2027-02-14 16:10,G7,2.4,-2,4.4,-3.8,0.16,OK
F14608,2027-02-14 16:10,G8,2.5,0,2.5,-3.8,0.24,OK
F14609,2027-02-14 16:20,G1,38.7,0,38.7,-3.6,1.11,OK
F14610,2027-02-14 16:20,G2,57.5,1,56.5,-3.6,1.08,OK
F14611,2027-02-14 16:20,G3,64.5,-1,65.5,-3.6,1.15,OK
F14612,2027-02-14 16:20,G4,75.4,0,75.4,-3.6,1.14,OK
F14613,2027-02-14 16:20,G5,95.8,2,93.8,-3.6,1.13,OK
F14614,2027-02-14 16:20,G6,296.1,187,109.1,-3.6,1.11,OK
F14615,2027-02-14 16:20,G7,64.8,-2,66.8,-3.6,1.09,OK
F14616,2027-02-14 16:20,G8,53.6,0,53.6,-3.6,1.13,OK
F14617,2027-02-14 16:30,G1,2.1,0,2.1,-3.4,0.20,OK
F14618,2027-02-14 16:30,G2,6.1,1,5.1,-3.4,0.17,OK
F14619,2027-02-14 16:30,G3,6.6,-1,7.6,-3.4,0.20,OK
F14620,2027-02-14 16:30,G4,4.0,0,4.0,-3.4,0.24,OK
F14621,2027-02-14 16:30,G5,10.0,2,8.0,-3.4,0.18,OK
F14622,2027-02-14 16:30,G6,187.7,187,0.7,-3.4,0.18,OK
F14623,2027-02-14 16:30,G7,4.8,-2,6.8,-3.4,0.23,OK
F14624,2027-02-14 16:30,G8,7.9,0,7.9,-3.4,0.19,OK
F14625,2027-02-14 16:40,G1,27.2,0,27.2,-3.2,0.64,OK
F14626,2027-02-14 16:40,G2,27.2,1,26.2,-3.2,0.69,OK
F14627,2027-02-14 16:40,G3,32.8,-1,33.8,-3.2,0.63,OK
F14628,2027-02-14 16:40,G4,43.5,0,43.5,-3.2,0.64,OK
F14629,2027-02-14 16:40,G5,56.8,2,54.8,-3.2,0.70,OK
F14630,2027-02-14 16:40,G6,244.0,187,57.0,-3.2,0.64,OK
F14631,2027-02-14 16:40,G7,35.2,-2,37.2,-3.2,0.65,OK
F14632,2027-02-14 16:40,G8,24.4,0,24.4,-3.2,0.63,OK
F14633,2027-02-14 16:50,G1,7.8,0,7.8,-3.0,0.23,OK
F14634,2027-02-14 16:50,G2,5.9,1,4.9,-3.0,0.22,OK
F14635,2027-02-14 16:50,G3,1.5,-1,2.5,-3.0,0.23,OK
F14636,2027-02-14 16:50,G4,1.3,0,1.3,-3.0,0.23,OK
F14637,2027-02-14 16:50,G5,6.3,2,4.3,-3.0,0.20,OK
F14638,2027-02-14 16:50,G6,193.8,187,6.8,-3.0,0.17,OK
F14639,2027-02-14 16:50,G7,2.8,-2,4.8,-3.0,0.21,OK
F14640,2027-02-14 16:50,G8,6.6,0,6.6,-3.0,0.22,OK
F14641,2027-02-14 17:00,G1,36.6,0,36.6,-2.8,1.02,OK
F14642,2027-02-14 17:00,G2,48.8,1,47.8,-2.8,1.01,OK
F14643,2027-02-14 17:00,G3,55.8,-1,56.8,-2.8,0.98,OK
F14644,2027-02-14 17:00,G4,75.8,0,75.8,-2.8,1.03,OK
F14645,2027-02-14 17:00,G5,84.1,2,82.1,-2.8,0.98,OK
F14646,2027-02-14 17:00,G6,287.2,187,100.2,-2.8,0.97,OK
F14647,2027-02-14 17:00,G7,63.7,-2,65.7,-2.8,0.99,OK
F14648,2027-02-14 17:00,G8,44.4,0,44.4,-2.8,0.97,OK
F14649,2027-02-14 17:10,G1,2.9,0,2.9,-2.6,0.24,OK
F14650,2027-02-14 17:10,G2,3.7,1,2.7,-2.6,0.24,OK
F14651,2027-02-14 17:10,G3,2.0,-1,3.0,-2.6,0.21,OK
F14652,2027-02-14 17:10,G4,10.2,0,10.2,-2.6,0.18,OK
F14653,2027-02-14 17:10,G5,6.1,2,4.1,-2.6,0.17,OK
F14654,2027-02-14 17:10,G6,194.5,187,7.5,-2.6,0.22,OK
F14655,2027-02-14 17:10,G7,0.4,-2,2.4,-2.6,0.16,OK
F14656,2027-02-14 17:10,G8,8.0,0,8.0,-2.6,0.20,OK
F14657,2027-02-14 17:20,G1,18.2,0,18.2,-2.4,0.54,OK
F14658,2027-02-14 17:20,G2,26.6,1,25.6,-2.4,0.58,OK
F14659,2027-02-14 17:20,G3,28.9,-1,29.9,-2.4,0.58,OK
F14660,2027-02-14 17:20,G4,32.6,0,32.6,-2.4,0.57,OK
F14661,2027-02-14 17:20,G5,43.0,2,41.0,-2.4,0.55,OK
F14662,2027-02-14 17:20,G6,236.8,187,49.8,-2.4,0.57,OK
F14663,2027-02-14 17:20,G7,31.0,-2,33.0,-2.4,0.53,OK
F14664,2027-02-14 17:20,G8,22.9,0,22.9,-2.4,0.56,OK
F14665,2027-02-14 17:30,G1,1.5,0,1.5,-2.3,0.22,OK
F14666,2027-02-14 17:30,G2,6.0,1,5.0,-2.3,0.24,OK
F14667,2027-02-14 17:30,G3,2.1,-1,3.1,-2.3,0.17,OK
F14668,2027-02-14 17:30,G4,10.7,0,10.7,-2.3,0.20,OK
F14669,2027-02-14 17:30,G5,11.3,2,9.3,-2.3,0.19,OK
F14670,2027-02-14 17:30,G6,191.8,187,4.8,-2.3,0.16,OK
F14671,2027-02-14 17:30,G7,8.4,-2,10.4,-2.3,0.16,OK
F14672,2027-02-14 17:30,G8,4.2,0,4.2,-2.3,0.23,OK
F14673,2027-02-14 17:40,G1,29.1,0,29.1,-2.1,0.70,OK
F14674,2027-02-14 17:40,G2,40.1,1,39.1,-2.1,0.68,OK
F14675,2027-02-14 17:40,G3,39.2,-1,40.2,-2.1,0.76,OK
F14676,2027-02-14 17:40,G4,50.5,0,50.5,-2.1,0.68,OK
F14677,2027-02-14 17:40,G5,60.4,2,58.4,-2.1,0.69,OK
F14678,2027-02-14 17:40,G6,252.9,187,65.9,-2.1,0.72,OK
F14679,2027-02-14 17:40,G7,45.9,-2,47.9,-2.1,0.69,OK
F14680,2027-02-14 17:40,G8,30.8,0,30.8,-2.1,0.72,OK
F14681,2027-02-14 17:50,G1,7.9,0,7.9,-2.0,0.18,OK
F14682,2027-02-14 17:50,G2,5.9,1,4.9,-2.0,0.16,OK
F14683,2027-02-14 17:50,G3,8.3,-1,9.3,-2.0,0.22,OK
F14684,2027-02-14 17:50,G4,10.8,0,10.8,-2.0,0.17,OK
F14685,2027-02-14 17:50,G5,10.2,2,8.2,-2.0,0.22,OK
F14686,2027-02-14 17:50,G6,198.5,187,11.5,-2.0,0.23,OK
F14687,2027-02-14 17:50,G7,2.1,-2,4.1,-2.0,0.19,OK
F14688,2027-02-14 17:50,G8,7.3,0,7.3,-2.0,0.21,OK
F14689,2027-02-14 18:00,G1,43.1,0,43.1,-1.8,1.09,OK
F14690,2027-02-14 18:00,G2,53.0,1,52.0,-1.8,1.04,OK
F14691,2027-02-14 18:00,G3,64.7,-1,65.7,-1.8,1.05,OK
F14692,2027-02-14 18:00,G4,75.0,0,75.0,-1.8,1.06,OK
F14693,2027-02-14 18:00,G5,97.2,2,95.2,-1.8,1.03,OK
F14694,2027-02-14 18:00,G6,292.4,187,105.4,-1.8,1.08,OK
F14695,2027-02-14 18:00,G7,67.6,-2,69.6,-1.8,1.07,OK
F14696,2027-02-14 18:00,G8,51.7,0,51.7,-1.8,1.06,OK
F14697,2027-02-14 18:10,G1,7.1,0,7.1,-1.7,0.22,OK
F14698,2027-02-14 18:10,G2,9.4,1,8.4,-1.7,0.22,OK
F14699,2027-02-14 18:10,G3,2.4,-1,3.4,-1.7,0.21,OK
F14700,2027-02-14 18:10,G4,5.5,0,5.5,-1.7,0.18,OK
F14701,2027-02-14 18:10,G5,8.8,2,6.8,-1.7,0.19,OK
F14702,2027-02-14 18:10,G6,198.8,187,11.8,-1.7,0.23,OK
F14703,2027-02-14 18:10,G7,4.6,-2,6.6,-1.7,0.17,OK
F14704,2027-02-14 18:10,G8,14.0,0,14.0,-1.7,0.21,OK
F14705,2027-02-14 18:20,G1,25.8,0,25.8,-1.6,0.60,OK
F14706,2027-02-14 18:20,G2,31.7,1,30.7,-1.6,0.61,OK
F14707,2027-02-14 18:20,G3,35.4,-1,36.4,-1.6,0.58,OK
F14708,2027-02-14 18:20,G4,38.5,0,38.5,-1.6,0.60,OK
F14709,2027-02-14 18:20,G5,48.2,2,46.2,-1.6,0.64,OK
F14710,2027-02-14 18:20,G6,242.4,187,55.4,-1.6,0.62,OK
F14711,2027-02-14 18:20,G7,38.2,-2,40.2,-1.6,0.65,OK
F14712,2027-02-14 18:20,G8,30.6,0,30.6,-1.6,0.59,OK
F14713,2027-02-14 18:30,G1,4.8,0,4.8,-1.5,0.22,OK
F14714,2027-02-14 18:30,G2,9.6,1,8.6,-1.5,0.22,OK
F14715,2027-02-14 18:30,G3,8.7,-1,9.7,-1.5,0.19,OK
F14716,2027-02-14 18:30,G4,12.0,0,12.0,-1.5,0.21,OK
F14717,2027-02-14 18:30,G5,8.3,2,6.3,-1.5,0.20,OK
F14718,2027-02-14 18:30,G6,198.3,187,11.3,-1.5,0.22,OK
F14719,2027-02-14 18:30,G7,9.8,-2,11.8,-1.5,0.18,OK
F14720,2027-02-14 18:30,G8,7.6,0,7.6,-1.5,0.17,OK
F14721,2027-02-14 18:40,G1,30.3,0,30.3,-1.4,0.80,OK
F14722,2027-02-14 18:40,G2,44.6,1,43.6,-1.4,0.76,OK
F14723,2027-02-14 18:40,G3,46.5,-1,47.5,-1.4,0.82,OK
F14724,2027-02-14 18:40,G4,61.7,0,61.7,-1.4,0.79,OK
F14725,2027-02-14 18:40,G5,71.1,2,69.1,-1.4,0.82,OK
F14726,2027-02-14 18:40,G6,267.9,187,80.9,-1.4,0.75,OK
F14727,2027-02-14 18:40,G7,51.5,-2,53.5,-1.4,0.79,OK
F14728,2027-02-14 18:40,G8,41.0,0,41.0,-1.4,0.78,OK
F14729,2027-02-14 18:50,G1,7.1,0,7.1,-1.3,0.19,OK
F14730,2027-02-14 18:50,G2,6.7,1,5.7,-1.3,0.23,OK
F14731,2027-02-14 18:50,G3,11.4,-1,12.4,-1.3,0.21,OK
F14732,2027-02-14 18:50,G4,7.5,0,7.5,-1.3,0.24,OK
F14733,2027-02-14 18:50,G5,15.3,2,13.3,-1.3,0.22,OK
F14734,2027-02-14 18:50,G6,197.8,187,10.8,-1.3,0.22,OK
F14735,2027-02-14 18:50,G7,8.6,-2,10.6,-1.3,0.19,OK
F14736,2027-02-14 18:50,G8,7.5,0,7.5,-1.3,0.22,OK
F14737,2027-02-14 19:00,G1,44.0,0,44.0,-1.2,1.10,OK
F14738,2027-02-14 19:00,G2,63.6,1,62.6,-1.2,1.16,OK
F14739,2027-02-14 19:00,G3,65.3,-1,66.3,-1.2,1.15,OK
F14740,2027-02-14 19:00,G4,86.6,0,86.6,-1.2,1.12,OK
F14741,2027-02-14 19:00,G5,103.9,2,101.9,-1.2,1.12,OK
F14742,2027-02-14 19:00,G6,307.5,187,120.5,-1.2,1.11,OK
F14743,2027-02-14 19:00,G7,74.5,-2,76.5,-1.2,1.12,OK
F14744,2027-02-14 19:00,G8,56.3,0,56.3,-1.2,1.11,OK
F14745,2027-02-14 19:10,G1,10.2,0,10.2,-1.2,0.22,OK
F14746,2027-02-14 19:10,G2,13.0,1,12.0,-1.2,0.18,OK
F14747,2027-02-14 19:10,G3,7.5,-1,8.5,-1.2,0.21,OK
F14748,2027-02-14 19:10,G4,10.0,0,10.0,-1.2,0.20,OK
F14749,2027-02-14 19:10,G5,16.0,2,14.0,-1.2,0.21,OK
F14750,2027-02-14 19:10,G6,199.3,187,12.3,-1.2,0.21,OK
F14751,2027-02-14 19:10,G7,7.2,-2,9.2,-1.2,0.22,OK
F14752,2027-02-14 19:10,G8,12.3,0,12.3,-1.2,0.21,OK
F14753,2027-02-14 19:20,G1,31.8,0,31.8,-1.1,0.65,OK
F14754,2027-02-14 19:20,G2,37.7,1,36.7,-1.1,0.70,OK
F14755,2027-02-14 19:20,G3,37.8,-1,38.8,-1.1,0.67,OK
F14756,2027-02-14 19:20,G4,50.3,0,50.3,-1.1,0.64,OK
F14757,2027-02-14 19:20,G5,57.6,2,55.6,-1.1,0.64,OK
F14758,2027-02-14 19:20,G6,250.1,187,63.1,-1.1,0.64,OK
F14759,2027-02-14 19:20,G7,43.1,-2,45.1,-1.1,0.65,OK
F14760,2027-02-14 19:20,G8,34.3,0,34.3,-1.1,0.66,OK
F14761,2027-02-14 19:30,G1,6.7,0,6.7,-1.1,0.21,OK
F14762,2027-02-14 19:30,G2,8.8,1,7.8,-1.1,0.22,OK
F14763,2027-02-14 19:30,G3,4.8,-1,5.8,-1.1,0.18,OK
F14764,2027-02-14 19:30,G4,6.2,0,6.2,-1.1,0.16,OK
F14765,2027-02-14 19:30,G5,16.0,2,14.0,-1.1,0.23,OK
F14766,2027-02-14 19:30,G6,201.2,187,14.2,-1.1,0.22,OK
F14767,2027-02-14 19:30,G7,10.8,-2,12.8,-1.1,0.23,OK
F14768,2027-02-14 19:30,G8,9.0,0,9.0,-1.1,0.18,OK
F14769,2027-02-14 19:40,G1,33.0,0,33.0,-1.1,0.88,OK
F14770,2027-02-14 19:40,G2,46.4,1,45.4,-1.1,0.81,OK
F14771,2027-02-14 19:40,G3,52.4,-1,53.4,-1.1,0.88,OK
F14772,2027-02-14 19:40,G4,61.3,0,61.3,-1.1,0.86,OK
F14773,2027-02-14 19:40,G5,72.5,2,70.5,-1.1,0.83,OK
F14774,2027-02-14 19:40,G6,272.5,187,85.5,-1.1,0.85,OK
F14775,2027-02-14 19:40,G7,57.1,-2,59.1,-1.1,0.87,OK
F14776,2027-02-14 19:40,G8,45.9,0,45.9,-1.1,0.83,OK
F14777,2027-02-14 19:50,G1,8.9,0,8.9,-1.0,0.17,OK
F14778,2027-02-14 19:50,G2,5.7,1,4.7,-1.0,0.23,OK
F14779,2027-02-14 19:50,G3,7.2,-1,8.2,-1.0,0.20,OK
F14780,2027-02-14 19:50,G4,13.3,0,13.3,-1.0,0.24,OK
F14781,2027-02-14 19:50,G5,7.8,2,5.8,-1.0,0.20,OK
F14782,2027-02-14 19:50,G6,193.6,187,6.6,-1.0,0.22,OK
F14783,2027-02-14 19:50,G7,11.7,-2,13.7,-1.0,0.19,OK
F14784,2027-02-14 19:50,G8,11.3,0,11.3,-1.0,0.16,OK
F14785,2027-02-14 20:00,G1,25.2,0,25.2,-1.0,0.56,OK
F14786,2027-02-14 20:00,G2,26.7,1,25.7,-1.0,0.55,OK
F14787,2027-02-14 20:00,G3,34.6,-1,35.6,-1.0,0.52,OK
F14788,2027-02-14 20:00,G4,36.9,0,36.9,-1.0,0.52,OK
F14789,2027-02-14 20:00,G5,47.2,2,45.2,-1.0,0.57,OK
F14790,2027-02-14 20:00,G6,240.7,187,53.7,-1.0,0.60,OK
F14791,2027-02-14 20:00,G7,34.0,-2,36.0,-1.0,0.55,OK
F14792,2027-02-14 20:00,G8,32.5,0,32.5,-1.0,0.53,OK
F14793,2027-02-14 20:10,G1,8.9,0,8.9,-1.0,0.19,OK
F14794,2027-02-14 20:10,G2,10.4,1,9.4,-1.0,0.18,OK
F14795,2027-02-14 20:10,G3,10.4,-1,11.4,-1.0,0.18,OK
F14796,2027-02-14 20:10,G4,5.7,0,5.7,-1.0,0.17,OK
F14797,2027-02-14 20:10,G5,8.6,2,6.6,-1.0,0.23,OK
F14798,2027-02-14 20:10,G6,197.6,187,10.6,-1.0,0.22,OK
F14799,2027-02-14 20:10,G7,13.5,-2,15.5,-1.0,0.21,OK
F14800,2027-02-14 20:10,G8,8.3,0,8.3,-1.0,0.19,OK
F14801,2027-02-14 20:20,G1,27.6,0,27.6,-1.1,0.74,OK
F14802,2027-02-14 20:20,G2,37.2,1,36.2,-1.1,0.71,OK
F14803,2027-02-14 20:20,G3,42.7,-1,43.7,-1.1,0.70,OK
F14804,2027-02-14 20:20,G4,54.8,0,54.8,-1.1,0.70,OK
F14805,2027-02-14 20:20,G5,66.8,2,64.8,-1.1,0.77,OK
F14806,2027-02-14 20:20,G6,258.0,187,71.0,-1.1,0.74,OK
F14807,2027-02-14 20:20,G7,52.1,-2,54.1,-1.1,0.74,OK
F14808,2027-02-14 20:20,G8,37.5,0,37.5,-1.1,0.74,OK
F14809,2027-02-14 20:30,G1,10.7,0,10.7,-1.1,0.18,OK
F14810,2027-02-14 20:30,G2,10.0,1,9.0,-1.1,0.21,OK
F14811,2027-02-14 20:30,G3,10.2,-1,11.2,-1.1,0.19,OK
F14812,2027-02-14 20:30,G4,11.2,0,11.2,-1.1,0.19,OK
F14813,2027-02-14 20:30,G5,9.4,2,7.4,-1.1,0.18,OK
F14814,2027-02-14 20:30,G6,201.3,187,14.3,-1.1,0.18,OK
F14815,2027-02-14 20:30,G7,11.8,-2,13.8,-1.1,0.19,OK
F14816,2027-02-14 20:30,G8,10.5,0,10.5,-1.1,0.20,OK
F14817,2027-02-14 20:40,G1,39.7,0,39.7,-1.1,0.88,OK
F14818,2027-02-14 20:40,G2,46.4,1,45.4,-1.1,0.87,OK
F14819,2027-02-14 20:40,G3,55.6,-1,56.6,-1.1,0.87,OK
F14820,2027-02-14 20:40,G4,69.0,0,69.0,-1.1,0.94,OK
F14821,2027-02-14 20:40,G5,84.7,2,82.7,-1.1,0.92,OK
F14822,2027-02-14 20:40,G6,278.2,187,91.2,-1.1,0.90,OK
F14823,2027-02-14 20:40,G7,62.8,-2,64.8,-1.1,0.91,OK
F14824,2027-02-14 20:40,G8,46.7,0,46.7,-1.1,0.91,OK
F14825,2027-02-14 20:50,G1,12.2,0,12.2,-1.2,0.21,OK
F14826,2027-02-14 20:50,G2,6.9,1,5.9,-1.2,0.17,OK
F14827,2027-02-14 20:50,G3,7.6,-1,8.6,-1.2,0.18,OK
F14828,2027-02-14 20:50,G4,8.8,0,8.8,-1.2,0.21,OK
F14829,2027-02-14 20:50,G5,12.2,2,10.2,-1.2,0.17,OK
F14830,2027-02-14 20:50,G6,196.3,187,9.3,-1.2,0.23,OK
F14831,2027-02-14 20:50,G7,12.5,-2,14.5,-1.2,0.19,OK
F14832,2027-02-14 20:50,G8,12.9,0,12.9,-1.2,0.20,OK
F14833,2027-02-14 21:00,G1,25.2,0,25.2,-1.2,0.62,OK
F14834,2027-02-14 21:00,G2,33.2,1,32.2,-1.2,0.60,OK
F14835,2027-02-14 21:00,G3,35.8,-1,36.8,-1.2,0.63,OK
F14836,2027-02-14 21:00,G4,47.5,0,47.5,-1.2,0.64,OK
F14837,2027-02-14 21:00,G5,53.6,2,51.6,-1.2,0.63,OK
F14838,2027-02-14 21:00,G6,249.3,187,62.3,-1.2,0.58,OK
F14839,2027-02-14 21:00,G7,35.3,-2,37.3,-1.2,0.58,OK
F14840,2027-02-14 21:00,G8,28.3,0,28.3,-1.2,0.60,OK
F14841,2027-02-14 21:10,G1,8.9,0,8.9,-1.3,0.24,OK
F14842,2027-02-14 21:10,G2,9.5,1,8.5,-1.3,0.22,OK
F14843,2027-02-14 21:10,G3,4.6,-1,5.6,-1.3,0.20,OK
F14844,2027-02-14 21:10,G4,12.0,0,12.0,-1.3,0.17,OK
F14845,2027-02-14 21:10,G5,9.3,2,7.3,-1.3,0.18,OK
F14846,2027-02-14 21:10,G6,200.1,187,13.1,-1.3,0.21,OK
F14847,2027-02-14 21:10,G7,10.4,-2,12.4,-1.3,0.16,OK
F14848,2027-02-14 21:10,G8,10.8,0,10.8,-1.3,0.17,OK
F14849,2027-02-14 21:20,G1,32.0,0,32.0,-1.4,0.76,OK
F14850,2027-02-14 21:20,G2,41.2,1,40.2,-1.4,0.78,OK
F14851,2027-02-14 21:20,G3,45.1,-1,46.1,-1.4,0.79,OK
F14852,2027-02-14 21:20,G4,56.4,0,56.4,-1.4,0.77,OK
F14853,2027-02-14 21:20,G5,67.6,2,65.6,-1.4,0.79,OK
F14854,2027-02-14 21:20,G6,262.7,187,75.7,-1.4,0.82,OK
F14855,2027-02-14 21:20,G7,54.6,-2,56.6,-1.4,0.76,OK
F14856,2027-02-14 21:20,G8,41.0,0,41.0,-1.4,0.78,OK
F14857,2027-02-14 21:30,G1,4.3,0,4.3,-1.5,0.18,OK
F14858,2027-02-14 21:30,G2,7.1,1,6.1,-1.5,0.20,OK
F14859,2027-02-14 21:30,G3,4.4,-1,5.4,-1.5,0.20,OK
F14860,2027-02-14 21:30,G4,5.5,0,5.5,-1.5,0.16,OK
F14861,2027-02-14 21:30,G5,11.0,2,9.0,-1.5,0.17,OK
F14862,2027-02-14 21:30,G6,197.0,187,10.0,-1.5,0.19,OK
F14863,2027-02-14 21:30,G7,7.9,-2,9.9,-1.5,0.23,OK
F14864,2027-02-14 21:30,G8,7.8,0,7.8,-1.5,0.21,OK
F14865,2027-02-14 21:40,G1,43.3,0,43.3,-1.6,0.99,OK
F14866,2027-02-14 21:40,G2,52.5,1,51.5,-1.6,1.00,OK
F14867,2027-02-14 21:40,G3,56.8,-1,57.8,-1.6,0.96,OK
F14868,2027-02-14 21:40,G4,71.4,0,71.4,-1.6,1.00,OK
F14869,2027-02-14 21:40,G5,82.9,2,80.9,-1.6,0.97,OK
F14870,2027-02-14 21:40,G6,281.4,187,94.4,-1.6,0.95,OK
F14871,2027-02-14 21:40,G7,61.4,-2,63.4,-1.6,0.99,OK
F14872,2027-02-14 21:40,G8,46.2,0,46.2,-1.6,0.96,OK
F14873,2027-02-14 21:50,G1,2.5,0,2.5,-1.7,0.20,OK
F14874,2027-02-14 21:50,G2,4.2,1,3.2,-1.7,0.17,OK
F14875,2027-02-14 21:50,G3,3.6,-1,4.6,-1.7,0.18,OK
F14876,2027-02-14 21:50,G4,5.6,0,5.6,-1.7,0.21,OK
F14877,2027-02-14 21:50,G5,7.9,2,5.9,-1.7,0.17,OK
F14878,2027-02-14 21:50,G6,195.4,187,8.4,-1.7,0.22,OK
F14879,2027-02-14 21:50,G7,7.0,-2,9.0,-1.7,0.19,OK
F14880,2027-02-14 21:50,G8,7.7,0,7.7,-1.7,0.17,OK
F14881,2027-02-14 22:00,G1,9.4,0,9.4,-1.8,0.19,OK
F14882,2027-02-14 22:00,G2,7.9,1,6.9,-1.8,0.23,OK
F14883,2027-02-14 22:00,G3,7.5,-1,8.5,-1.8,0.20,OK
F14884,2027-02-14 22:00,G4,5.2,0,5.2,-1.8,0.18,OK
F14885,2027-02-14 22:00,G5,9.5,2,7.5,-1.8,0.17,OK
F14886,2027-02-14 22:00,G6,196.6,187,9.6,-1.8,0.23,OK
F14887,2027-02-14 22:00,G7,6.9,-2,8.9,-1.8,0.22,OK
F14888,2027-02-14 22:00,G8,10.7,0,10.7,-1.8,0.20,OK
F14889,2027-02-14 22:10,G1,7.0,0,7.0,-2.0,0.21,OK
F14890,2027-02-14 22:10,G2,12.1,1,11.1,-2.0,0.21,OK
F14891,2027-02-14 22:10,G3,9.7,-1,10.7,-2.0,0.20,OK
F14892,2027-02-14 22:10,G4,9.6,0,9.6,-2.0,0.20,OK
F14893,2027-02-14 22:10,G5,5.6,2,3.6,-2.0,0.18,OK
F14894,2027-02-14 22:10,G6,196.2,187,9.2,-2.0,0.24,OK
F14895,2027-02-14 22:10,G7,4.7,-2,6.7,-2.0,0.23,OK
F14896,2027-02-14 22:10,G8,5.1,0,5.1,-2.0,0.17,OK
F14897,2027-02-14 22:20,G1,8.2,0,8.2,-2.1,0.22,OK
F14898,2027-02-14 22:20,G2,11.2,1,10.2,-2.1,0.23,OK
F14899,2027-02-14 22:20,G3,8.9,-1,9.9,-2.1,0.18,OK
F14900,2027-02-14 22:20,G4,3.1,0,3.1,-2.1,0.23,OK
F14901,2027-02-14 22:20,G5,7.8,2,5.8,-2.1,0.23,OK
F14902,2027-02-14 22:20,G6,191.2,187,4.2,-2.1,0.23,OK
F14903,2027-02-14 22:20,G7,8.5,-2,10.5,-2.1,0.20,OK
F14904,2027-02-14 22:20,G8,5.0,0,5.0,-2.1,0.18,OK
F14905,2027-02-14 22:30,G1,1.7,0,1.7,-2.3,0.17,OK
F14906,2027-02-14 22:30,G2,9.1,1,8.1,-2.3,0.21,OK
F14907,2027-02-14 22:30,G3,8.8,-1,9.8,-2.3,0.21,OK
F14908,2027-02-14 22:30,G4,8.8,0,8.8,-2.3,0.16,OK
F14909,2027-02-14 22:30,G5,13.3,2,11.3,-2.3,0.17,OK
F14910,2027-02-14 22:30,G6,192.3,187,5.3,-2.3,0.21,OK
F14911,2027-02-14 22:30,G7,10.1,-2,12.1,-2.3,0.17,OK
F14912,2027-02-14 22:30,G8,6.3,0,6.3,-2.3,0.22,OK
F14913,2027-02-14 22:40,G1,8.0,0,8.0,-2.4,0.20,OK
F14914,2027-02-14 22:40,G2,9.0,1,8.0,-2.4,0.21,OK
F14915,2027-02-14 22:40,G3,5.4,-1,6.4,-2.4,0.19,OK
F14916,2027-02-14 22:40,G4,9.5,0,9.5,-2.4,0.16,OK
F14917,2027-02-14 22:40,G5,9.8,2,7.8,-2.4,0.22,OK
F14918,2027-02-14 22:40,G6,196.5,187,9.5,-2.4,0.22,OK
F14919,2027-02-14 22:40,G7,2.5,-2,4.5,-2.4,0.19,OK
F14920,2027-02-14 22:40,G8,10.1,0,10.1,-2.4,0.23,OK
F14921,2027-02-14 22:50,G1,8.5,0,8.5,-2.6,0.20,OK
F14922,2027-02-14 22:50,G2,9.2,1,8.2,-2.6,0.19,OK
F14923,2027-02-14 22:50,G3,2.6,-1,3.6,-2.6,0.21,OK
F14924,2027-02-14 22:50,G4,3.1,0,3.1,-2.6,0.21,OK
F14925,2027-02-14 22:50,G5,7.7,2,5.7,-2.6,0.22,OK
F14926,2027-02-14 22:50,G6,194.1,187,7.1,-2.6,0.20,OK
F14927,2027-02-14 22:50,G7,5.5,-2,7.5,-2.6,0.22,OK
F14928,2027-02-14 22:50,G8,11.3,0,11.3,-2.6,0.18,OK
F14929,2027-02-14 23:00,G1,9.0,0,9.0,-2.8,0.20,OK
F14930,2027-02-14 23:00,G2,8.0,1,7.0,-2.8,0.21,OK
F14931,2027-02-14 23:00,G3,8.5,-1,9.5,-2.8,0.21,OK
F14932,2027-02-14 23:00,G4,3.6,0,3.6,-2.8,0.19,OK
F14933,2027-02-14 23:00,G5,9.9,2,7.9,-2.8,0.18,OK
F14934,2027-02-14 23:00,G6,197.1,187,10.1,-2.8,0.18,OK
F14935,2027-02-14 23:00,G7,2.8,-2,4.8,-2.8,0.21,OK
F14936,2027-02-14 23:00,G8,9.8,0,9.8,-2.8,0.20,OK
F14937,2027-02-14 23:10,G1,7.2,0,7.2,-3.0,0.23,OK
F14938,2027-02-14 23:10,G2,8.6,1,7.6,-3.0,0.18,OK
F14939,2027-02-14 23:10,G3,0.7,-1,1.7,-3.0,0.16,OK
F14940,2027-02-14 23:10,G4,8.5,0,8.5,-3.0,0.17,OK
F14941,2027-02-14 23:10,G5,7.9,2,5.9,-3.0,0.16,OK
F14942,2027-02-14 23:10,G6,190.6,187,3.6,-3.0,0.16,OK
F14943,2027-02-14 23:10,G7,2.2,-2,4.2,-3.0,0.19,OK
F14944,2027-02-14 23:10,G8,10.2,0,10.2,-3.0,0.17,OK
F14945,2027-02-14 23:20,G1,7.2,0,7.2,-3.2,0.23,OK
F14946,2027-02-14 23:20,G2,7.2,1,6.2,-3.2,0.20,OK
F14947,2027-02-14 23:20,G3,1.3,-1,2.3,-3.2,0.20,OK
F14948,2027-02-14 23:20,G4,3.3,0,3.3,-3.2,0.19,OK
F14949,2027-02-14 23:20,G5,5.8,2,3.8,-3.2,0.21,OK
F14950,2027-02-14 23:20,G6,195.9,187,8.9,-3.2,0.17,OK
F14951,2027-02-14 23:20,G7,1.5,-2,3.5,-3.2,0.23,OK
F14952,2027-02-14 23:20,G8,2.8,0,2.8,-3.2,0.18,OK
F14953,2027-02-14 23:30,G1,7.1,0,7.1,-3.4,0.22,OK
F14954,2027-02-14 23:30,G2,1.6,1,0.6,-3.4,0.20,OK
F14955,2027-02-14 23:30,G3,3.7,-1,4.7,-3.4,0.19,OK
F14956,2027-02-14 23:30,G4,2.6,0,2.6,-3.4,0.21,OK
F14957,2027-02-14 23:30,G5,6.8,2,4.8,-3.4,0.18,OK
F14958,2027-02-14 23:30,G6,191.1,187,4.1,-3.4,0.17,OK
F14959,2027-02-14 23:30,G7,4.2,-2,6.2,-3.4,0.17,OK
F14960,2027-02-14 23:30,G8,1.7,0,1.7,-3.4,0.20,OK
F14961,2027-02-14 23:40,G1,7.2,0,7.2,-3.6,0.20,OK
F14962,2027-02-14 23:40,G2,-0.0,1,-1.0,-3.6,0.17,OK
F14963,2027-02-14 23:40,G3,4.2,-1,5.2,-3.6,0.20,OK
F14964,2027-02-14 23:40,G4,0.1,0,0.1,-3.6,0.21,OK
F14965,2027-02-14 23:40,G5,2.0,2,0.0,-3.6,0.19,OK
F14966,2027-02-14 23:40,G6,192.1,187,5.1,-3.6,0.17,OK
F14967,2027-02-14 23:40,G7,3.3,-2,5.3,-3.6,0.22,OK
F14968,2027-02-14 23:40,G8,4.5,0,4.5,-3.6,0.21,OK
F14969,2027-02-14 23:50,G1,2.8,0,2.8,-3.8,0.22,OK
F14970,2027-02-14 23:50,G2,7.6,1,6.6,-3.8,0.16,OK
F14971,2027-02-14 23:50,G3,2.0,-1,3.0,-3.8,0.22,OK
F14972,2027-02-14 23:50,G4,0.6,0,0.6,-3.8,0.18,OK
F14973,2027-02-14 23:50,G5,5.7,2,3.7,-3.8,0.18,OK
F14974,2027-02-14 23:50,G6,186.3,187,-0.7,-3.8,0.24,OK
F14975,2027-02-14 23:50,G7,4.4,-2,6.4,-3.8,0.17,OK
F14976,2027-02-14 23:50,G8,4.3,0,4.3,-3.8,0.20,OK
F14977,2027-02-15 00:00,G1,-0.4,0,-0.4,-4.0,0.18,OK
F14978,2027-02-15 00:00,G2,-0.1,1,-1.1,-4.0,0.16,OK
F14979,2027-02-15 00:00,G3,3.2,-1,4.2,-4.0,0.20,OK
F14980,2027-02-15 00:00,G4,2.7,0,2.7,-4.0,0.20,OK
F14981,2027-02-15 00:00,G5,4.1,2,2.1,-4.0,0.22,OK
F14982,2027-02-15 00:00,G6,193.3,187,6.3,-4.0,0.22,OK
F14983,2027-02-15 00:00,G7,3.4,-2,5.4,-4.0,0.23,OK
F14984,2027-02-15 00:00,G8,5.8,0,5.8,-4.0,0.17,OK
F14985,2027-02-15 00:10,G1,-1.2,0,-1.2,-4.2,0.19,OK
F14986,2027-02-15 00:10,G2,3.6,1,2.6,-4.2,0.24,OK
F14987,2027-02-15 00:10,G3,-1.1,-1,-0.1,-4.2,0.23,OK
F14988,2027-02-15 00:10,G4,4.4,0,4.4,-4.2,0.22,OK
F14989,2027-02-15 00:10,G5,3.4,2,1.4,-4.2,0.16,OK
F14990,2027-02-15 00:10,G6,187.8,187,0.8,-4.2,0.19,OK
F14991,2027-02-15 00:10,G7,-0.2,-2,1.8,-4.2,0.20,OK
F14992,2027-02-15 00:10,G8,0.2,0,0.2,-4.2,0.17,OK
F14993,2027-02-15 00:20,G1,3.1,0,3.1,-4.4,0.17,OK
F14994,2027-02-15 00:20,G2,4.1,1,3.1,-4.4,0.21,OK
F14995,2027-02-15 00:20,G3,2.6,-1,3.6,-4.4,0.23,OK
F14996,2027-02-15 00:20,G4,5.3,0,5.3,-4.4,0.20,OK
F14997,2027-02-15 00:20,G5,7.8,2,5.8,-4.4,0.17,OK
F14998,2027-02-15 00:20,G6,192.4,187,5.4,-4.4,0.23,OK
F14999,2027-02-15 00:20,G7,2.8,-2,4.8,-4.4,0.20,OK
F15000,2027-02-15 00:20,G8,-0.5,0,-0.5,-4.4,0.19,OK
F15001,2027-02-15 00:30,G1,-0.7,0,-0.7,-4.7,0.18,OK
F15002,2027-02-15 00:30,G2,4.0,1,3.0,-4.7,0.16,OK
F15003,2027-02-15 00:30,G3,0.6,-1,1.6,-4.7,0.18,OK
F15004,2027-02-15 00:30,G4,4.0,0,4.0,-4.7,0.20,OK
F15005,2027-02-15 00:30,G5,2.5,2,0.5,-4.7,0.19,OK
F15006,2027-02-15 00:30,G6,187.9,187,0.9,-4.7,0.18,OK
F15007,2027-02-15 00:30,G7,0.7,-2,2.7,-4.7,0.23,OK
F15008,2027-02-15 00:30,G8,-1.9,0,-1.9,-4.7,0.22,OK
F15009,2027-02-15 00:40,G1,4.4,0,4.4,-4.9,0.24,OK
F15010,2027-02-15 00:40,G2,1.4,1,0.4,-4.9,0.16,OK
F15011,2027-02-15 00:40,G3,-3.9,-1,-2.9,-4.9,0.17,OK
F15012,2027-02-15 00:40,G4,1.1,0,1.1,-4.9,0.17,OK
F15013,2027-02-15 00:40,G5,1.1,2,-0.9,-4.9,0.19,OK
F15014,2027-02-15 00:40,G6,190.0,187,3.0,-4.9,0.22,OK
F15015,2027-02-15 00:40,G7,2.6,-2,4.6,-4.9,0.22,OK
F15016,2027-02-15 00:40,G8,1.4,0,1.4,-4.9,0.19,OK
F15017,2027-02-15 00:50,G1,2.0,0,2.0,-5.2,0.17,OK
F15018,2027-02-15 00:50,G2,-1.8,1,-2.8,-5.2,0.23,OK
F15019,2027-02-15 00:50,G3,-3.7,-1,-2.7,-5.2,0.22,OK
F15020,2027-02-15 00:50,G4,-0.6,0,-0.6,-5.2,0.19,OK
F15021,2027-02-15 00:50,G5,-1.4,2,-3.4,-5.2,0.20,OK
F15022,2027-02-15 00:50,G6,189.6,187,2.6,-5.2,0.16,OK
F15023,2027-02-15 00:50,G7,-3.3,-2,-1.3,-5.2,0.19,OK
F15024,2027-02-15 00:50,G8,-2.5,0,-2.5,-5.2,0.22,OK
F15025,2027-02-15 01:00,G1,2.6,0,2.6,-5.4,0.19,OK
F15026,2027-02-15 01:00,G2,3.2,1,2.2,-5.4,0.19,OK
F15027,2027-02-15 01:00,G3,2.4,-1,3.4,-5.4,0.18,OK
F15028,2027-02-15 01:00,G4,-1.2,0,-1.2,-5.4,0.18,OK
F15029,2027-02-15 01:00,G5,-3.5,2,-5.5,-5.4,0.21,OK
F15030,2027-02-15 01:00,G6,183.5,187,-3.5,-5.4,0.22,OK
F15031,2027-02-15 01:00,G7,-3.5,-2,-1.5,-5.4,0.21,OK
F15032,2027-02-15 01:00,G8,-4.5,0,-4.5,-5.4,0.21,OK
F15033,2027-02-15 01:10,G1,-3.6,0,-3.6,-5.7,0.20,OK
F15034,2027-02-15 01:10,G2,2.6,1,1.6,-5.7,0.17,OK
F15035,2027-02-15 01:10,G3,-1.7,-1,-0.7,-5.7,0.20,OK
F15036,2027-02-15 01:10,G4,-1.3,0,-1.3,-5.7,0.21,OK
F15037,2027-02-15 01:10,G5,-2.3,2,-4.3,-5.7,0.17,OK
F15038,2027-02-15 01:10,G6,181.8,187,-5.2,-5.7,0.17,OK
F15039,2027-02-15 01:10,G7,-6.6,-2,-4.6,-5.7,0.23,OK
F15040,2027-02-15 01:10,G8,-2.0,0,-2.0,-5.7,0.24,OK
F15041,2027-02-15 01:20,G1,-3.4,0,-3.4,-5.9,0.23,OK
F15042,2027-02-15 01:20,G2,-4.5,1,-5.5,-5.9,0.18,OK
F15043,2027-02-15 01:20,G3,-6.0,-1,-5.0,-5.9,0.21,OK
F15044,2027-02-15 01:20,G4,1.2,0,1.2,-5.9,0.22,OK
F15045,2027-02-15 01:20,G5,2.6,2,0.6,-5.9,0.19,OK
F15046,2027-02-15 01:20,G6,184.1,187,-2.9,-5.9,0.18,OK
F15047,2027-02-15 01:20,G7,-7.8,-2,-5.8,-5.9,0.23,OK
F15048,2027-02-15 01:20,G8,-0.6,0,-0.6,-5.9,0.22,OK
F15049,2027-02-15 01:30,G1,-4.9,0,-4.9,-6.2,0.24,OK
F15050,2027-02-15 01:30,G2,0.1,1,-0.9,-6.2,0.20,OK
F15051,2027-02-15 01:30,G3,0.5,-1,1.5,-6.2,0.19,OK
F15052,2027-02-15 01:30,G4,-6.6,0,-6.6,-6.2,0.18,OK
F15053,2027-02-15 01:30,G5,0.9,2,-1.1,-6.2,0.16,OK
F15054,2027-02-15 01:30,G6,186.3,187,-0.7,-6.2,0.18,OK
F15055,2027-02-15 01:30,G7,-9.2,-2,-7.2,-6.2,0.24,OK
F15056,2027-02-15 01:30,G8,-4.2,0,-4.2,-6.2,0.24,OK
F15057,2027-02-15 01:40,G1,-6.9,0,-6.9,-6.4,0.23,OK
F15058,2027-02-15 01:40,G2,-5.6,1,-6.6,-6.4,0.21,OK
F15059,2027-02-15 01:40,G3,-6.7,-1,-5.7,-6.4,0.19,OK
F15060,2027-02-15 01:40,G4,0.6,0,0.6,-6.4,0.18,OK
F15061,2027-02-15 01:40,G5,-5.8,2,-7.8,-6.4,0.23,OK
F15062,2027-02-15 01:40,G6,180.7,187,-6.3,-6.4,0.23,OK
F15063,2027-02-15 01:40,G7,-5.3,-2,-3.3,-6.4,0.22,OK
F15064,2027-02-15 01:40,G8,-1.6,0,-1.6,-6.4,0.22,OK
F15065,2027-02-15 01:50,G1,-6.2,0,-6.2,-6.7,0.23,OK
F15066,2027-02-15 01:50,G2,-3.1,1,-4.1,-6.7,0.19,OK
F15067,2027-02-15 01:50,G3,-0.7,-1,0.3,-6.7,0.19,OK
F15068,2027-02-15 01:50,G4,-3.1,0,-3.1,-6.7,0.22,OK
F15069,2027-02-15 01:50,G5,1.9,2,-0.1,-6.7,0.16,OK
F15070,2027-02-15 01:50,G6,182.2,187,-4.8,-6.7,0.20,OK
F15071,2027-02-15 01:50,G7,-4.1,-2,-2.1,-6.7,0.22,OK
F15072,2027-02-15 01:50,G8,-6.1,0,-6.1,-6.7,0.17,OK
F15073,2027-02-15 02:00,G1,-8.3,0,-8.3,-7.0,0.24,OK
F15074,2027-02-15 02:00,G2,-2.8,1,-3.8,-7.0,0.19,OK
F15075,2027-02-15 02:00,G3,-5.3,-1,-4.3,-7.0,0.21,OK
F15076,2027-02-15 02:00,G4,-8.2,0,-8.2,-7.0,0.23,OK
F15077,2027-02-15 02:00,G5,-7.3,2,-9.3,-7.0,0.18,OK
F15078,2027-02-15 02:00,G6,178.2,187,-8.8,-7.0,0.20,OK
F15079,2027-02-15 02:00,G7,-11.2,-2,-9.2,-7.0,0.20,OK
F15080,2027-02-15 02:00,G8,-1.6,0,-1.6,-7.0,0.21,OK
F15081,2027-02-15 02:10,G1,-3.5,0,-3.5,-7.2,0.17,OK
F15082,2027-02-15 02:10,G2,-7.8,1,-8.8,-7.2,0.19,OK
F15083,2027-02-15 02:10,G3,-8.8,-1,-7.8,-7.2,0.19,OK
F15084,2027-02-15 02:10,G4,-3.6,0,-3.6,-7.2,0.19,OK
F15085,2027-02-15 02:10,G5,-5.1,2,-7.1,-7.2,0.22,OK
F15086,2027-02-15 02:10,G6,180.6,187,-6.4,-7.2,0.21,OK
F15087,2027-02-15 02:10,G7,-9.7,-2,-7.7,-7.2,0.20,OK
F15088,2027-02-15 02:10,G8,-8.4,0,-8.4,-7.2,0.20,OK
F15089,2027-02-15 02:20,G1,-9.3,0,-9.3,-7.5,0.18,OK
F15090,2027-02-15 02:20,G2,-4.8,1,-5.8,-7.5,0.19,OK
F15091,2027-02-15 02:20,G3,-6.4,-1,-5.4,-7.5,0.20,OK
F15092,2027-02-15 02:20,G4,-8.8,0,-8.8,-7.5,0.21,OK
F15093,2027-02-15 02:20,G5,-8.4,2,-10.4,-7.5,0.24,OK
F15094,2027-02-15 02:20,G6,181.2,187,-5.8,-7.5,0.20,OK
F15095,2027-02-15 02:20,G7,-4.9,-2,-2.9,-7.5,0.21,OK
F15096,2027-02-15 02:20,G8,-4.5,0,-4.5,-7.5,0.19,OK
F15097,2027-02-15 02:30,G1,-2.8,0,-2.8,-7.7,0.17,OK
F15098,2027-02-15 02:30,G2,-2.0,1,-3.0,-7.7,0.18,OK
F15099,2027-02-15 02:30,G3,-7.6,-1,-6.6,-7.7,0.23,OK
F15100,2027-02-15 02:30,G4,-8.4,0,-8.4,-7.7,0.16,OK
F15101,2027-02-15 02:30,G5,-1.9,2,-3.9,-7.7,0.22,OK
F15102,2027-02-15 02:30,G6,175.2,187,-11.8,-7.7,0.23,OK
F15103,2027-02-15 02:30,G7,-13.2,-2,-11.2,-7.7,0.16,OK
F15104,2027-02-15 02:30,G8,-11.7,0,-11.7,-7.7,0.18,OK
F15105,2027-02-15 02:40,G1,-8.4,0,-8.4,-8.0,0.20,OK
F15106,2027-02-15 02:40,G2,-5.2,1,-6.2,-8.0,0.16,OK
F15107,2027-02-15 02:40,G3,-10.3,-1,-9.3,-8.0,0.23,OK
F15108,2027-02-15 02:40,G4,-9.4,0,-9.4,-8.0,0.19,OK
F15109,2027-02-15 02:40,G5,-8.6,2,-10.6,-8.0,0.16,OK
F15110,2027-02-15 02:40,G6,182.5,187,-4.5,-8.0,0.23,OK
F15111,2027-02-15 02:40,G7,-15.0,-2,-13.0,-8.0,0.23,OK
F15112,2027-02-15 02:40,G8,-4.9,0,-4.9,-8.0,0.20,OK
F15113,2027-02-15 02:50,G1,-4.0,0,-4.0,-8.3,0.19,OK
F15114,2027-02-15 02:50,G2,-1.9,1,-2.9,-8.3,0.18,OK
F15115,2027-02-15 02:50,G3,-7.2,-1,-6.2,-8.3,0.20,OK
F15116,2027-02-15 02:50,G4,-11.8,0,-11.8,-8.3,0.20,OK
F15117,2027-02-15 02:50,G5,-3.4,2,-5.4,-8.3,0.16,OK
F15118,2027-02-15 02:50,G6,175.8,187,-11.2,-8.3,0.17,OK
F15119,2027-02-15 02:50,G7,-9.6,-2,-7.6,-8.3,0.24,OK
F15120,2027-02-15 02:50,G8,-13.6,0,-13.6,-8.3,0.16,OK
F15121,2027-02-15 03:00,G1,-7.6,0,-7.6,-8.5,0.22,OK
F15122,2027-02-15 03:00,G2,-8.3,1,-9.3,-8.5,0.23,OK
F15123,2027-02-15 03:00,G3,-5.2,-1,-4.2,-8.5,0.21,OK
F15124,2027-02-15 03:00,G4,-11.6,0,-11.6,-8.5,0.22,OK
F15125,2027-02-15 03:00,G5,-10.1,2,-12.1,-8.5,0.22,OK
F15126,2027-02-15 03:00,G6,176.9,187,-10.1,-8.5,0.19,OK
F15127,2027-02-15 03:00,G7,-11.0,-2,-9.0,-8.5,0.22,OK
F15128,2027-02-15 03:00,G8,-10.6,0,-10.6,-8.5,0.24,OK
F15129,2027-02-15 03:10,G1,-5.2,0,-5.2,-8.8,0.17,OK
F15130,2027-02-15 03:10,G2,-6.2,1,-7.2,-8.8,0.20,OK
F15131,2027-02-15 03:10,G3,-6.8,-1,-5.8,-8.8,0.19,OK
F15132,2027-02-15 03:10,G4,-11.6,0,-11.6,-8.8,0.24,OK
F15133,2027-02-15 03:10,G5,-9.4,2,-11.4,-8.8,0.16,OK
F15134,2027-02-15 03:10,G6,175.7,187,-11.3,-8.8,0.18,OK
F15135,2027-02-15 03:10,G7,-9.3,-2,-7.3,-8.8,0.18,OK
F15136,2027-02-15 03:10,G8,-14.5,0,-14.5,-8.8,0.18,OK
F15137,2027-02-15 03:20,G1,-7.3,0,-7.3,-9.0,0.21,OK
F15138,2027-02-15 03:20,G2,-11.7,1,-12.7,-9.0,0.23,OK
F15139,2027-02-15 03:20,G3,-10.3,-1,-9.3,-9.0,0.17,OK
F15140,2027-02-15 03:20,G4,-14.4,0,-14.4,-9.0,0.20,OK
F15141,2027-02-15 03:20,G5,-11.6,2,-13.6,-9.0,0.21,OK
F15142,2027-02-15 03:20,G6,173.4,187,-13.6,-9.0,0.19,OK
F15143,2027-02-15 03:20,G7,-14.2,-2,-12.2,-9.0,0.21,OK
F15144,2027-02-15 03:20,G8,-9.2,0,-9.2,-9.0,0.22,OK
F15145,2027-02-15 03:30,G1,-7.2,0,-7.2,-9.3,0.16,OK
F15146,2027-02-15 03:30,G2,-9.5,1,-10.5,-9.3,0.18,OK
F15147,2027-02-15 03:30,G3,-9.4,-1,-8.4,-9.3,0.22,OK
F15148,2027-02-15 03:30,G4,-14.8,0,-14.8,-9.3,0.19,OK
F15149,2027-02-15 03:30,G5,-10.1,2,-12.1,-9.3,0.21,OK
F15150,2027-02-15 03:30,G6,178.7,187,-8.3,-9.3,0.21,OK
F15151,2027-02-15 03:30,G7,-11.9,-2,-9.9,-9.3,0.24,OK
F15152,2027-02-15 03:30,G8,-9.0,0,-9.0,-9.3,0.23,OK
F15153,2027-02-15 03:40,G1,-13.3,0,-13.3,-9.5,0.18,OK
F15154,2027-02-15 03:40,G2,-7.6,1,-8.6,-9.5,0.22,OK
F15155,2027-02-15 03:40,G3,-12.9,-1,-11.9,-9.5,0.23,OK
F15156,2027-02-15 03:40,G4,-14.9,0,-14.9,-9.5,0.20,OK
F15157,2027-02-15 03:40,G5,-10.9,2,-12.9,-9.5,0.20,OK
F15158,2027-02-15 03:40,G6,170.7,187,-16.3,-9.5,0.17,OK
F15159,2027-02-15 03:40,G7,-17.8,-2,-15.8,-9.5,0.22,OK
F15160,2027-02-15 03:40,G8,-11.2,0,-11.2,-9.5,0.22,OK
F15161,2027-02-15 03:50,G1,-7.7,0,-7.7,-9.7,0.16,OK
F15162,2027-02-15 03:50,G2,-6.6,1,-7.6,-9.7,0.22,OK
F15163,2027-02-15 03:50,G3,-13.0,-1,-12.0,-9.7,0.18,OK
F15164,2027-02-15 03:50,G4,-13.9,0,-13.9,-9.7,0.20,OK
F15165,2027-02-15 03:50,G5,-11.0,2,-13.0,-9.7,0.19,OK
F15166,2027-02-15 03:50,G6,177.6,187,-9.4,-9.7,0.18,OK
F15167,2027-02-15 03:50,G7,-12.2,-2,-10.2,-9.7,0.17,OK
F15168,2027-02-15 03:50,G8,-9.9,0,-9.9,-9.7,0.17,OK
F15169,2027-02-15 04:00,G1,-13.9,0,-13.9,-10.0,0.18,OK
F15170,2027-02-15 04:00,G2,-6.1,1,-7.1,-10.0,0.24,OK
F15171,2027-02-15 04:00,G3,-15.5,-1,-14.5,-10.0,0.22,OK
F15172,2027-02-15 04:00,G4,-10.6,0,-10.6,-10.0,0.23,OK
F15173,2027-02-15 04:00,G5,-12.2,2,-14.2,-10.0,0.22,OK
F15174,2027-02-15 04:00,G6,175.9,187,-11.1,-10.0,0.22,OK
F15175,2027-02-15 04:00,G7,-18.5,-2,-16.5,-10.0,0.17,OK
F15176,2027-02-15 04:00,G8,-13.5,0,-13.5,-10.0,0.19,OK
F15177,2027-02-15 04:10,G1,-13.9,0,-13.9,-10.2,0.17,OK
F15178,2027-02-15 04:10,G2,-6.9,1,-7.9,-10.2,0.18,OK
F15179,2027-02-15 04:10,G3,-14.2,-1,-13.2,-10.2,0.22,OK
F15180,2027-02-15 04:10,G4,-12.9,0,-12.9,-10.2,0.23,OK
F15181,2027-02-15 04:10,G5,-14.2,2,-16.2,-10.2,0.20,OK
F15182,2027-02-15 04:10,G6,170.2,187,-16.8,-10.2,0.22,OK
F15183,2027-02-15 04:10,G7,-19.7,-2,-17.7,-10.2,0.22,OK
F15184,2027-02-15 04:10,G8,-12.3,0,-12.3,-10.2,0.23,OK
F15185,2027-02-15 04:20,G1,-12.6,0,-12.6,-10.4,0.22,OK
F15186,2027-02-15 04:20,G2,-11.0,1,-12.0,-10.4,0.18,OK
F15187,2027-02-15 04:20,G3,-12.3,-1,-11.3,-10.4,0.20,OK
F15188,2027-02-15 04:20,G4,-15.8,0,-15.8,-10.4,0.17,OK
F15189,2027-02-15 04:20,G5,-14.0,2,-16.0,-10.4,0.21,OK
F15190,2027-02-15 04:20,G6,170.3,187,-16.7,-10.4,0.19,OK
F15191,2027-02-15 04:20,G7,-18.6,-2,-16.6,-10.4,0.22,OK
F15192,2027-02-15 04:20,G8,-20.4,0,-20.4,-10.4,0.17,OK
F15193,2027-02-15 04:30,G1,-13.6,0,-13.6,-10.6,0.17,OK
F15194,2027-02-15 04:30,G2,-9.0,1,-10.0,-10.6,0.17,OK
F15195,2027-02-15 04:30,G3,-16.5,-1,-15.5,-10.6,0.16,OK
F15196,2027-02-15 04:30,G4,-12.8,0,-12.8,-10.6,0.18,OK
F15197,2027-02-15 04:30,G5,-16.3,2,-18.3,-10.6,0.20,OK
F15198,2027-02-15 04:30,G6,173.9,187,-13.1,-10.6,0.19,OK
F15199,2027-02-15 04:30,G7,-21.3,-2,-19.3,-10.6,0.22,OK
F15200,2027-02-15 04:30,G8,-19.9,0,-19.9,-10.6,0.16,OK
F15201,2027-02-15 04:40,G1,-13.5,0,-13.5,-10.8,0.22,OK
F15202,2027-02-15 04:40,G2,-13.2,1,-14.2,-10.8,0.23,OK
F15203,2027-02-15 04:40,G3,-14.0,-1,-13.0,-10.8,0.18,OK
F15204,2027-02-15 04:40,G4,-12.6,0,-12.6,-10.8,0.18,OK
F15205,2027-02-15 04:40,G5,-12.7,2,-14.7,-10.8,0.19,OK
F15206,2027-02-15 04:40,G6,167.7,187,-19.3,-10.8,0.24,OK
F15207,2027-02-15 04:40,G7,-20.5,-2,-18.5,-10.8,0.21,OK
F15208,2027-02-15 04:40,G8,-14.0,0,-14.0,-10.8,0.17,OK
F15209,2027-02-15 04:50,G1,-8.3,0,-8.3,-11.0,0.23,OK
F15210,2027-02-15 04:50,G2,-13.5,1,-14.5,-11.0,0.21,OK
F15211,2027-02-15 04:50,G3,-16.1,-1,-15.1,-11.0,0.20,OK
F15212,2027-02-15 04:50,G4,-15.2,0,-15.2,-11.0,0.18,OK
F15213,2027-02-15 04:50,G5,-15.0,2,-17.0,-11.0,0.22,OK
F15214,2027-02-15 04:50,G6,168.6,187,-18.4,-11.0,0.21,OK
F15215,2027-02-15 04:50,G7,-16.1,-2,-14.1,-11.0,0.23,OK
F15216,2027-02-15 04:50,G8,-18.3,0,-18.3,-11.0,0.22,OK
F15217,2027-02-15 05:00,G1,-13.4,0,-13.4,-11.2,0.23,OK
F15218,2027-02-15 05:00,G2,-12.6,1,-13.6,-11.2,0.17,OK
F15219,2027-02-15 05:00,G3,-18.8,-1,-17.8,-11.2,0.24,OK
F15220,2027-02-15 05:00,G4,-12.9,0,-12.9,-11.2,0.17,OK
F15221,2027-02-15 05:00,G5,-16.9,2,-18.9,-11.2,0.18,OK
F15222,2027-02-15 05:00,G6,168.5,187,-18.5,-11.2,0.17,OK
F15223,2027-02-15 05:00,G7,-19.1,-2,-17.1,-11.2,0.17,OK
F15224,2027-02-15 05:00,G8,-14.0,0,-14.0,-11.2,0.16,OK
F15225,2027-02-15 05:10,G1,-14.3,0,-14.3,-11.4,0.19,OK
F15226,2027-02-15 05:10,G2,-11.2,1,-12.2,-11.4,0.19,OK
F15227,2027-02-15 05:10,G3,-20.5,-1,-19.5,-11.4,0.22,OK
F15228,2027-02-15 05:10,G4,-15.9,0,-15.9,-11.4,0.23,OK
F15229,2027-02-15 05:10,G5,-11.9,2,-13.9,-11.4,0.19,OK
F15230,2027-02-15 05:10,G6,169.6,187,-17.4,-11.4,0.17,OK
F15231,2027-02-15 05:10,G7,-18.4,-2,-16.4,-11.4,0.18,OK
F15232,2027-02-15 05:10,G8,-22.0,0,-22.0,-11.4,0.20,OK
F15233,2027-02-15 05:20,G1,-14.7,0,-14.7,-11.6,0.16,OK
F15234,2027-02-15 05:20,G2,-9.9,1,-10.9,-11.6,0.18,OK
F15235,2027-02-15 05:20,G3,-15.0,-1,-14.0,-11.6,0.23,OK
F15236,2027-02-15 05:20,G4,-14.8,0,-14.8,-11.6,0.16,OK
F15237,2027-02-15 05:20,G5,-19.5,2,-21.5,-11.6,0.22,OK
F15238,2027-02-15 05:20,G6,172.6,187,-14.4,-11.6,0.20,OK
F15239,2027-02-15 05:20,G7,-20.6,-2,-18.6,-11.6,0.21,OK
F15240,2027-02-15 05:20,G8,-21.3,0,-21.3,-11.6,0.19,OK
F15241,2027-02-15 05:30,G1,-16.2,0,-16.2,-11.7,0.21,OK
F15242,2027-02-15 05:30,G2,-10.3,1,-11.3,-11.7,0.17,OK
F15243,2027-02-15 05:30,G3,-20.9,-1,-19.9,-11.7,0.21,OK
F15244,2027-02-15 05:30,G4,-14.0,0,-14.0,-11.7,0.20,OK
F15245,2027-02-15 05:30,G5,-16.0,2,-18.0,-11.7,0.21,OK
F15246,2027-02-15 05:30,G6,164.7,187,-22.3,-11.7,0.20,OK
F15247,2027-02-15 05:30,G7,-16.8,-2,-14.8,-11.7,0.19,OK
F15248,2027-02-15 05:30,G8,-21.9,0,-21.9,-11.7,0.20,OK
F15249,2027-02-15 05:40,G1,-16.4,0,-16.4,-11.9,0.22,OK
F15250,2027-02-15 05:40,G2,-10.7,1,-11.7,-11.9,0.23,OK
F15251,2027-02-15 05:40,G3,-17.5,-1,-16.5,-11.9,0.21,OK
F15252,2027-02-15 05:40,G4,-20.8,0,-20.8,-11.9,0.19,OK
F15253,2027-02-15 05:40,G5,-17.9,2,-19.9,-11.9,0.23,OK
F15254,2027-02-15 05:40,G6,166.4,187,-20.6,-11.9,0.21,OK
F15255,2027-02-15 05:40,G7,-18.0,-2,-16.0,-11.9,0.19,OK
F15256,2027-02-15 05:40,G8,-20.0,0,-20.0,-11.9,0.23,OK
F15257,2027-02-15 05:50,G1,-16.3,0,-16.3,-12.0,0.18,OK
F15258,2027-02-15 05:50,G2,-17.7,1,-18.7,-12.0,0.20,OK
F15259,2027-02-15 05:50,G3,-17.6,-1,-16.6,-12.0,0.16,OK
F15260,2027-02-15 05:50,G4,-21.7,0,-21.7,-12.0,0.21,OK
F15261,2027-02-15 05:50,G5,-17.2,2,-19.2,-12.0,0.24,OK
F15262,2027-02-15 05:50,G6,169.5,187,-17.5,-12.0,0.20,OK
F15263,2027-02-15 05:50,G7,-25.9,-2,-23.9,-12.0,0.22,OK
F15264,2027-02-15 05:50,G8,-20.3,0,-20.3,-12.0,0.16,OK
F15265,2027-02-15 06:00,G1,20.7,0,20.7,-12.2,1.04,OK
F15266,2027-02-15 06:00,G2,27.7,1,26.7,-12.2,1.05,OK
F15267,2027-02-15 06:00,G3,33.6,-1,34.6,-12.2,1.04,OK
F15268,2027-02-15 06:00,G4,52.1,0,52.1,-12.2,1.04,OK
F15269,2027-02-15 06:00,G5,67.0,2,65.0,-12.2,1.05,OK
F15270,2027-02-15 06:00,G6,268.7,187,81.7,-12.2,1.05,OK
F15271,2027-02-15 06:00,G7,38.8,-2,40.8,-12.2,1.02,OK
F15272,2027-02-15 06:00,G8,22.7,0,22.7,-12.2,1.02,OK
F15273,2027-02-15 06:10,G1,-16.7,0,-16.7,-12.3,0.21,OK
F15274,2027-02-15 06:10,G2,-16.2,1,-17.2,-12.3,0.20,OK
F15275,2027-02-15 06:10,G3,-16.0,-1,-15.0,-12.3,0.18,OK
F15276,2027-02-15 06:10,G4,-16.5,0,-16.5,-12.3,0.24,OK
F15277,2027-02-15 06:10,G5,-12.5,2,-14.5,-12.3,0.20,OK
F15278,2027-02-15 06:10,G6,164.1,187,-22.9,-12.3,0.21,OK
F15279,2027-02-15 06:10,G7,-24.4,-2,-22.4,-12.3,0.16,OK
F15280,2027-02-15 06:10,G8,-18.5,0,-18.5,-12.3,0.22,OK
F15281,2027-02-15 06:20,G1,1.7,0,1.7,-12.4,0.62,OK
F15282,2027-02-15 06:20,G2,4.5,1,3.5,-12.4,0.62,OK
F15283,2027-02-15 06:20,G3,8.2,-1,9.2,-12.4,0.58,OK
F15284,2027-02-15 06:20,G4,10.9,0,10.9,-12.4,0.56,OK
F15285,2027-02-15 06:20,G5,21.5,2,19.5,-12.4,0.57,OK
F15286,2027-02-15 06:20,G6,213.2,187,26.2,-12.4,0.58,OK
F15287,2027-02-15 06:20,G7,4.0,-2,6.0,-12.4,0.59,OK
F15288,2027-02-15 06:20,G8,0.1,0,0.1,-12.4,0.61,OK
F15289,2027-02-15 06:30,G1,-13.9,0,-13.9,-12.5,0.16,OK
F15290,2027-02-15 06:30,G2,-18.3,1,-19.3,-12.5,0.18,OK
F15291,2027-02-15 06:30,G3,-18.5,-1,-17.5,-12.5,0.21,OK
F15292,2027-02-15 06:30,G4,-18.0,0,-18.0,-12.5,0.21,OK
F15293,2027-02-15 06:30,G5,-21.3,2,-23.3,-12.5,0.22,OK
F15294,2027-02-15 06:30,G6,164.1,187,-22.9,-12.5,0.23,OK
F15295,2027-02-15 06:30,G7,-27.5,-2,-25.5,-12.5,0.17,OK
F15296,2027-02-15 06:30,G8,-23.7,0,-23.7,-12.5,0.19,OK
F15297,2027-02-15 06:40,G1,6.9,0,6.9,-12.6,0.79,OK
F15298,2027-02-15 06:40,G2,13.9,1,12.9,-12.6,0.80,OK
F15299,2027-02-15 06:40,G3,18.1,-1,19.1,-12.6,0.80,OK
F15300,2027-02-15 06:40,G4,25.7,0,25.7,-12.6,0.81,OK
F15301,2027-02-15 06:40,G5,37.9,2,35.9,-12.6,0.80,OK
F15302,2027-02-15 06:40,G6,228.4,187,41.4,-12.6,0.79,OK
F15303,2027-02-15 06:40,G7,17.7,-2,19.7,-12.6,0.80,OK
F15304,2027-02-15 06:40,G8,4.9,0,4.9,-12.6,0.79,OK
F15305,2027-02-15 06:50,G1,-16.9,0,-16.9,-12.7,0.24,OK
F15306,2027-02-15 06:50,G2,-12.4,1,-13.4,-12.7,0.19,OK
F15307,2027-02-15 06:50,G3,-15.4,-1,-14.4,-12.7,0.19,OK
F15308,2027-02-15 06:50,G4,-19.6,0,-19.6,-12.7,0.21,OK
F15309,2027-02-15 06:50,G5,-21.8,2,-23.8,-12.7,0.19,OK
F15310,2027-02-15 06:50,G6,167.1,187,-19.9,-12.7,0.20,OK
F15311,2027-02-15 06:50,G7,-25.9,-2,-23.9,-12.7,0.22,OK
F15312,2027-02-15 06:50,G8,-22.8,0,-22.8,-12.7,0.23,OK
F15313,2027-02-15 07:00,G1,22.2,0,22.2,-12.8,1.09,OK
F15314,2027-02-15 07:00,G2,37.3,1,36.3,-12.8,1.09,OK
F15315,2027-02-15 07:00,G3,40.5,-1,41.5,-12.8,1.15,OK
F15316,2027-02-15 07:00,G4,55.4,0,55.4,-12.8,1.11,OK
F15317,2027-02-15 07:00,G5,68.0,2,66.0,-12.8,1.13,OK
F15318,2027-02-15 07:00,G6,274.6,187,87.6,-12.8,1.10,OK
F15319,2027-02-15 07:00,G7,46.6,-2,48.6,-12.8,1.11,OK
F15320,2027-02-15 07:00,G8,25.2,0,25.2,-12.8,1.07,OK
F15321,2027-02-15 07:10,G1,-19.8,0,-19.8,-12.8,0.22,OK
F15322,2027-02-15 07:10,G2,-15.9,1,-16.9,-12.8,0.22,OK
F15323,2027-02-15 07:10,G3,-20.0,-1,-19.0,-12.8,0.24,OK
F15324,2027-02-15 07:10,G4,-17.2,0,-17.2,-12.8,0.22,OK
F15325,2027-02-15 07:10,G5,-13.9,2,-15.9,-12.8,0.19,OK
F15326,2027-02-15 07:10,G6,169.1,187,-17.9,-12.8,0.19,OK
F15327,2027-02-15 07:10,G7,-28.2,-2,-26.2,-12.8,0.23,OK
F15328,2027-02-15 07:10,G8,-22.0,0,-22.0,-12.8,0.20,OK
F15329,2027-02-15 07:20,G1,3.1,0,3.1,-12.9,0.66,OK
F15330,2027-02-15 07:20,G2,9.2,1,8.2,-12.9,0.66,OK
F15331,2027-02-15 07:20,G3,8.1,-1,9.1,-12.9,0.67,OK
F15332,2027-02-15 07:20,G4,19.9,0,19.9,-12.9,0.64,OK
F15333,2027-02-15 07:20,G5,22.9,2,20.9,-12.9,0.64,OK
F15334,2027-02-15 07:20,G6,214.5,187,27.5,-12.9,0.67,OK
F15335,2027-02-15 07:20,G7,8.5,-2,10.5,-12.9,0.66,OK
F15336,2027-02-15 07:20,G8,-3.9,0,-3.9,-12.9,0.67,OK
F15337,2027-02-15 07:30,G1,-13.3,0,-13.3,-12.9,0.22,OK
F15338,2027-02-15 07:30,G2,-18.1,1,-19.1,-12.9,0.19,OK
F15339,2027-02-15 07:30,G3,-21.8,-1,-20.8,-12.9,0.16,OK
F15340,2027-02-15 07:30,G4,-23.5,0,-23.5,-12.9,0.22,OK
F15341,2027-02-15 07:30,G5,-17.7,2,-19.7,-12.9,0.22,OK
F15342,2027-02-15 07:30,G6,169.3,187,-17.7,-12.9,0.21,OK
F15343,2027-02-15 07:30,G7,-28.3,-2,-26.3,-12.9,0.23,OK
F15344,2027-02-15 07:30,G8,-23.4,0,-23.4,-12.9,0.23,OK
F15345,2027-02-15 07:40,G1,14.6,0,14.6,-12.9,0.83,OK
F15346,2027-02-15 07:40,G2,20.3,1,19.3,-12.9,0.83,OK
F15347,2027-02-15 07:40,G3,23.6,-1,24.6,-12.9,0.80,OK
F15348,2027-02-15 07:40,G4,28.7,0,28.7,-12.9,0.82,OK
F15349,2027-02-15 07:40,G5,40.1,2,38.1,-12.9,0.86,OK
F15350,2027-02-15 07:40,G6,240.8,187,53.8,-12.9,0.81,OK
F15351,2027-02-15 07:40,G7,22.7,-2,24.7,-12.9,0.82,OK
F15352,2027-02-15 07:40,G8,7.6,0,7.6,-12.9,0.82,OK
F15353,2027-02-15 07:50,G1,-12.5,0,-12.5,-13.0,0.23,OK
F15354,2027-02-15 07:50,G2,-12.8,1,-13.8,-13.0,0.20,OK
F15355,2027-02-15 07:50,G3,-22.8,-1,-21.8,-13.0,0.22,OK
F15356,2027-02-15 07:50,G4,-20.3,0,-20.3,-13.0,0.17,OK
F15357,2027-02-15 07:50,G5,-14.7,2,-16.7,-13.0,0.22,OK
F15358,2027-02-15 07:50,G6,166.1,187,-20.9,-13.0,0.20,OK
F15359,2027-02-15 07:50,G7,-23.0,-2,-21.0,-13.0,0.19,OK
F15360,2027-02-15 07:50,G8,-22.9,0,-22.9,-13.0,0.20,OK
F15361,2027-02-15 08:00,G1,-0.7,0,-0.7,-13.0,0.56,OK
F15362,2027-02-15 08:00,G2,-1.1,1,-2.1,-13.0,0.51,OK
F15363,2027-02-15 08:00,G3,1.9,-1,2.9,-13.0,0.55,OK
F15364,2027-02-15 08:00,G4,10.4,0,10.4,-13.0,0.58,OK
F15365,2027-02-15 08:00,G5,17.5,2,15.5,-13.0,0.51,OK
F15366,2027-02-15 08:00,G6,202.5,187,15.5,-13.0,0.53,OK
F15367,2027-02-15 08:00,G7,1.3,-2,3.3,-13.0,0.54,OK
F15368,2027-02-15 08:00,G8,-8.5,0,-8.5,-13.0,0.56,OK
F15369,2027-02-15 08:10,G1,-18.8,0,-18.8,-13.0,0.16,OK
F15370,2027-02-15 08:10,G2,-18.5,1,-19.5,-13.0,0.20,OK
F15371,2027-02-15 08:10,G3,-17.2,-1,-16.2,-13.0,0.20,OK
F15372,2027-02-15 08:10,G4,-19.2,0,-19.2,-13.0,0.16,OK
F15373,2027-02-15 08:10,G5,-18.1,2,-20.1,-13.0,0.23,OK
F15374,2027-02-15 08:10,G6,165.5,187,-21.5,-13.0,0.18,OK
F15375,2027-02-15 08:10,G7,-20.7,-2,-18.7,-13.0,0.22,OK
F15376,2027-02-15 08:10,G8,-21.2,0,-21.2,-13.0,0.19,OK
F15377,2027-02-15 08:20,G1,3.2,0,3.2,-12.9,0.70,OK
F15378,2027-02-15 08:20,G2,10.0,1,9.0,-12.9,0.71,OK
F15379,2027-02-15 08:20,G3,12.9,-1,13.9,-12.9,0.71,OK
F15380,2027-02-15 08:20,G4,26.2,0,26.2,-12.9,0.74,OK
F15381,2027-02-15 08:20,G5,34.9,2,32.9,-12.9,0.76,OK
F15382,2027-02-15 08:20,G6,225.2,187,38.2,-12.9,0.72,OK
F15383,2027-02-15 08:20,G7,15.7,-2,17.7,-12.9,0.76,OK
F15384,2027-02-15 08:20,G8,4.6,0,4.6,-12.9,0.74,OK
F15385,2027-02-15 08:30,G1,-18.4,0,-18.4,-12.9,0.23,OK
F15386,2027-02-15 08:30,G2,-15.7,1,-16.7,-12.9,0.24,OK
F15387,2027-02-15 08:30,G3,-19.4,-1,-18.4,-12.9,0.23,OK
F15388,2027-02-15 08:30,G4,-18.3,0,-18.3,-12.9,0.24,OK
F15389,2027-02-15 08:30,G5,-21.4,2,-23.4,-12.9,0.22,OK
F15390,2027-02-15 08:30,G6,165.8,187,-21.2,-12.9,0.22,OK
F15391,2027-02-15 08:30,G7,-28.4,-2,-26.4,-12.9,0.24,OK
F15392,2027-02-15 08:30,G8,-19.6,0,-19.6,-12.9,0.21,OK
F15393,2027-02-15 08:40,G1,17.6,0,17.6,-12.9,0.93,OK
F15394,2027-02-15 08:40,G2,25.6,1,24.6,-12.9,0.89,OK
F15395,2027-02-15 08:40,G3,26.6,-1,27.6,-12.9,0.90,OK
F15396,2027-02-15 08:40,G4,39.9,0,39.9,-12.9,0.90,OK
F15397,2027-02-15 08:40,G5,46.1,2,44.1,-12.9,0.89,OK
F15398,2027-02-15 08:40,G6,242.7,187,55.7,-12.9,0.92,OK
F15399,2027-02-15 08:40,G7,25.9,-2,27.9,-12.9,0.88,OK
F15400,2027-02-15 08:40,G8,8.1,0,8.1,-12.9,0.88,OK
F15401,2027-02-15 08:50,G1,-17.9,0,-17.9,-12.8,0.18,OK
F15402,2027-02-15 08:50,G2,-12.9,1,-13.9,-12.8,0.18,OK
F15403,2027-02-15 08:50,G3,-15.3,-1,-14.3,-12.8,0.22,OK
F15404,2027-02-15 08:50,G4,-23.4,0,-23.4,-12.8,0.17,OK
F15405,2027-02-15 08:50,G5,-14.7,2,-16.7,-12.8,0.23,OK
F15406,2027-02-15 08:50,G6,164.4,187,-22.6,-12.8,0.17,OK
F15407,2027-02-15 08:50,G7,-25.3,-2,-23.3,-12.8,0.24,OK
F15408,2027-02-15 08:50,G8,-26.0,0,-26.0,-12.8,0.22,OK
F15409,2027-02-15 09:00,G1,4.9,0,4.9,-12.8,0.62,OK
F15410,2027-02-15 09:00,G2,5.2,1,4.2,-12.8,0.61,OK
F15411,2027-02-15 09:00,G3,8.3,-1,9.3,-12.8,0.61,OK
F15412,2027-02-15 09:00,G4,15.7,0,15.7,-12.8,0.64,OK
F15413,2027-02-15 09:00,G5,21.3,2,19.3,-12.8,0.60,OK
F15414,2027-02-15 09:00,G6,216.7,187,29.7,-12.8,0.59,OK
F15415,2027-02-15 09:00,G7,5.3,-2,7.3,-12.8,0.57,OK
F15416,2027-02-15 09:00,G8,-0.8,0,-0.8,-12.8,0.58,OK
F15417,2027-02-15 09:10,G1,-20.3,0,-20.3,-12.7,0.22,OK
F15418,2027-02-15 09:10,G2,-15.9,1,-16.9,-12.7,0.19,OK
F15419,2027-02-15 09:10,G3,-19.2,-1,-18.2,-12.7,0.24,OK
F15420,2027-02-15 09:10,G4,-21.3,0,-21.3,-12.7,0.18,OK
F15421,2027-02-15 09:10,G5,-17.5,2,-19.5,-12.7,0.21,OK
F15422,2027-02-15 09:10,G6,164.1,187,-22.9,-12.7,0.22,OK
F15423,2027-02-15 09:10,G7,-22.0,-2,-20.0,-12.7,0.20,OK
F15424,2027-02-15 09:10,G8,-20.2,0,-20.2,-12.7,0.23,OK
F15425,2027-02-15 09:20,G1,9.0,0,9.0,-12.6,0.81,OK
F15426,2027-02-15 09:20,G2,20.3,1,19.3,-12.6,0.82,OK
F15427,2027-02-15 09:20,G3,15.6,-1,16.6,-12.6,0.81,OK
F15428,2027-02-15 09:20,G4,32.1,0,32.1,-12.6,0.76,OK
F15429,2027-02-15 09:20,G5,37.0,2,35.0,-12.6,0.80,OK
F15430,2027-02-15 09:20,G6,235.3,187,48.3,-12.6,0.76,OK
F15431,2027-02-15 09:20,G7,15.7,-2,17.7,-12.6,0.74,OK
F15432,2027-02-15 09:20,G8,4.0,0,4.0,-12.6,0.82,OK
F15433,2027-02-15 09:30,G1,-20.0,0,-20.0,-12.5,0.16,OK
F15434,2027-02-15 09:30,G2,-14.0,1,-15.0,-12.5,0.23,OK
F15435,2027-02-15 09:30,G3,-15.8,-1,-14.8,-12.5,0.16,OK
F15436,2027-02-15 09:30,G4,-20.3,0,-20.3,-12.5,0.19,OK
F15437,2027-02-15 09:30,G5,-20.3,2,-22.3,-12.5,0.23,OK
F15438,2027-02-15 09:30,G6,165.4,187,-21.6,-12.5,0.17,OK
F15439,2027-02-15 09:30,G7,-22.4,-2,-20.4,-12.5,0.24,OK
F15440,2027-02-15 09:30,G8,-24.9,0,-24.9,-12.5,0.16,OK
F15441,2027-02-15 09:40,G1,17.0,0,17.0,-12.4,0.95,OK
F15442,2027-02-15 09:40,G2,26.1,1,25.1,-12.4,0.98,OK
F15443,2027-02-15 09:40,G3,28.6,-1,29.6,-12.4,0.96,OK
F15444,2027-02-15 09:40,G4,45.7,0,45.7,-12.4,0.96,OK
F15445,2027-02-15 09:40,G5,61.0,2,59.0,-12.4,0.99,OK
F15446,2027-02-15 09:40,G6,251.4,187,64.4,-12.4,0.93,OK
F15447,2027-02-15 09:40,G7,28.2,-2,30.2,-12.4,0.92,OK
F15448,2027-02-15 09:40,G8,17.5,0,17.5,-12.4,0.96,OK
F15449,2027-02-15 09:50,G1,-18.6,0,-18.6,-12.3,0.19,OK
F15450,2027-02-15 09:50,G2,-12.6,1,-13.6,-12.3,0.20,OK
F15451,2027-02-15 09:50,G3,-17.9,-1,-16.9,-12.3,0.20,OK
F15452,2027-02-15 09:50,G4,-16.3,0,-16.3,-12.3,0.23,OK
F15453,2027-02-15 09:50,G5,-16.1,2,-18.1,-12.3,0.24,OK
F15454,2027-02-15 09:50,G6,166.7,187,-20.3,-12.3,0.18,OK
F15455,2027-02-15 09:50,G7,-23.5,-2,-21.5,-12.3,0.19,OK
F15456,2027-02-15 09:50,G8,-18.3,0,-18.3,-12.3,0.23,OK
F15457,2027-02-15 10:00,G1,9.7,0,9.7,-12.2,0.64,OK
F15458,2027-02-15 10:00,G2,6.4,1,5.4,-12.2,0.70,OK
F15459,2027-02-15 10:00,G3,15.6,-1,16.6,-12.2,0.68,OK
F15460,2027-02-15 10:00,G4,23.7,0,23.7,-12.2,0.69,OK
F15461,2027-02-15 10:00,G5,34.2,2,32.2,-12.2,0.63,OK
F15462,2027-02-15 10:00,G6,218.8,187,31.8,-12.2,0.67,OK
F15463,2027-02-15 10:00,G7,8.4,-2,10.4,-12.2,0.64,OK
F15464,2027-02-15 10:00,G8,0.3,0,0.3,-12.2,0.68,OK
F15465,2027-02-15 10:10,G1,-11.0,0,-11.0,-12.0,0.17,OK
F15466,2027-02-15 10:10,G2,-10.9,1,-11.9,-12.0,0.22,OK
F15467,2027-02-15 10:10,G3,-13.4,-1,-12.4,-12.0,0.19,OK
F15468,2027-02-15 10:10,G4,-17.7,0,-17.7,-12.0,0.22,OK
F15469,2027-02-15 10:10,G5,-18.8,2,-20.8,-12.0,0.18,OK
F15470,2027-02-15 10:10,G6,168.8,187,-18.2,-12.0,0.21,OK
F15471,2027-02-15 10:10,G7,-22.6,-2,-20.6,-12.0,0.17,OK
F15472,2027-02-15 10:10,G8,-22.5,0,-22.5,-12.0,0.21,OK
F15473,2027-02-15 10:20,G1,11.9,0,11.9,-11.9,0.86,OK
F15474,2027-02-15 10:20,G2,23.9,1,22.9,-11.9,0.81,OK
F15475,2027-02-15 10:20,G3,23.4,-1,24.4,-11.9,0.85,OK
F15476,2027-02-15 10:20,G4,34.5,0,34.5,-11.9,0.84,OK
F15477,2027-02-15 10:20,G5,51.2,2,49.2,-11.9,0.83,OK
F15478,2027-02-15 10:20,G6,243.2,187,56.2,-11.9,0.81,OK
F15479,2027-02-15 10:20,G7,25.5,-2,27.5,-11.9,0.87,OK
F15480,2027-02-15 10:20,G8,13.5,0,13.5,-11.9,0.85,OK
F15481,2027-02-15 10:30,G1,-11.6,0,-11.6,-11.7,0.16,OK
F15482,2027-02-15 10:30,G2,-12.9,1,-13.9,-11.7,0.22,OK
F15483,2027-02-15 10:30,G3,-15.2,-1,-14.2,-11.7,0.17,OK
F15484,2027-02-15 10:30,G4,-16.5,0,-16.5,-11.7,0.20,OK
F15485,2027-02-15 10:30,G5,-19.8,2,-21.8,-11.7,0.17,OK
F15486,2027-02-15 10:30,G6,173.1,187,-13.9,-11.7,0.22,OK
F15487,2027-02-15 10:30,G7,-25.1,-2,-23.1,-11.7,0.21,OK
F15488,2027-02-15 10:30,G8,-16.9,0,-16.9,-11.7,0.23,OK
F15489,2027-02-15 10:40,G1,25.9,0,25.9,-11.6,1.03,OK
F15490,2027-02-15 10:40,G2,32.2,1,31.2,-11.6,1.01,OK
F15491,2027-02-15 10:40,G3,40.8,-1,41.8,-11.6,1.05,OK
F15492,2027-02-15 10:40,G4,54.2,0,54.2,-11.6,1.00,OK
F15493,2027-02-15 10:40,G5,64.5,2,62.5,-11.6,1.04,OK
F15494,2027-02-15 10:40,G6,267.3,187,80.3,-11.6,1.05,OK
F15495,2027-02-15 10:40,G7,37.9,-2,39.9,-11.6,1.05,OK
F15496,2027-02-15 10:40,G8,22.5,0,22.5,-11.6,1.06,OK
F15497,2027-02-15 10:50,G1,-16.5,0,-16.5,-11.4,0.20,OK
F15498,2027-02-15 10:50,G2,-11.4,1,-12.4,-11.4,0.20,OK
F15499,2027-02-15 10:50,G3,-14.1,-1,-13.1,-11.4,0.22,OK
F15500,2027-02-15 10:50,G4,-14.4,0,-14.4,-11.4,0.24,OK
F15501,2027-02-15 10:50,G5,-14.8,2,-16.8,-11.4,0.21,OK
F15502,2027-02-15 10:50,G6,168.0,187,-19.0,-11.4,0.16,OK
F15503,2027-02-15 10:50,G7,-17.1,-2,-15.1,-11.4,0.17,OK
F15504,2027-02-15 10:50,G8,-14.8,0,-14.8,-11.4,0.24,OK
F15505,2027-02-15 11:00,G1,10.2,0,10.2,-11.2,0.70,OK
F15506,2027-02-15 11:00,G2,17.2,1,16.2,-11.2,0.73,OK
F15507,2027-02-15 11:00,G3,20.3,-1,21.3,-11.2,0.73,OK
F15508,2027-02-15 11:00,G4,24.3,0,24.3,-11.2,0.74,OK
F15509,2027-02-15 11:00,G5,35.8,2,33.8,-11.2,0.75,OK
F15510,2027-02-15 11:00,G6,228.9,187,41.9,-11.2,0.75,OK
F15511,2027-02-15 11:00,G7,17.8,-2,19.8,-11.2,0.72,OK
F15512,2027-02-15 11:00,G8,12.3,0,12.3,-11.2,0.71,OK
F15513,2027-02-15 11:10,G1,-9.5,0,-9.5,-11.0,0.21,OK
F15514,2027-02-15 11:10,G2,-13.4,1,-14.4,-11.0,0.18,OK
F15515,2027-02-15 11:10,G3,-19.4,-1,-18.4,-11.0,0.23,OK
F15516,2027-02-15 11:10,G4,-14.2,0,-14.2,-11.0,0.17,OK
F15517,2027-02-15 11:10,G5,-15.8,2,-17.8,-11.0,0.23,OK
F15518,2027-02-15 11:10,G6,170.7,187,-16.3,-11.0,0.24,OK
F15519,2027-02-15 11:10,G7,-17.7,-2,-15.7,-11.0,0.16,OK
F15520,2027-02-15 11:10,G8,-18.1,0,-18.1,-11.0,0.21,OK
F15521,2027-02-15 11:20,G1,16.7,0,16.7,-10.8,0.87,OK
F15522,2027-02-15 11:20,G2,30.7,1,29.7,-10.8,0.93,OK
F15523,2027-02-15 11:20,G3,35.6,-1,36.6,-10.8,0.92,OK
F15524,2027-02-15 11:20,G4,41.2,0,41.2,-10.8,0.91,OK
F15525,2027-02-15 11:20,G5,57.2,2,55.2,-10.8,0.89,OK
F15526,2027-02-15 11:20,G6,253.3,187,66.3,-10.8,0.94,OK
F15527,2027-02-15 11:20,G7,36.0,-2,38.0,-10.8,0.87,OK
F15528,2027-02-15 11:20,G8,18.2,0,18.2,-10.8,0.87,OK
F15529,2027-02-15 11:30,G1,-8.6,0,-8.6,-10.6,0.23,OK
F15530,2027-02-15 11:30,G2,-8.6,1,-9.6,-10.6,0.20,OK
F15531,2027-02-15 11:30,G3,-10.7,-1,-9.7,-10.6,0.16,OK
F15532,2027-02-15 11:30,G4,-16.4,0,-16.4,-10.6,0.23,OK
F15533,2027-02-15 11:30,G5,-10.3,2,-12.3,-10.6,0.17,OK
F15534,2027-02-15 11:30,G6,170.3,187,-16.7,-10.6,0.22,OK
F15535,2027-02-15 11:30,G7,-16.5,-2,-14.5,-10.6,0.19,OK
F15536,2027-02-15 11:30,G8,-20.1,0,-20.1,-10.6,0.19,OK
F15537,2027-02-15 11:40,G1,29.4,0,29.4,-10.4,1.07,OK
F15538,2027-02-15 11:40,G2,38.2,1,37.2,-10.4,1.06,OK
F15539,2027-02-15 11:40,G3,42.0,-1,43.0,-10.4,1.05,OK
F15540,2027-02-15 11:40,G4,62.8,0,62.8,-10.4,1.04,OK
F15541,2027-02-15 11:40,G5,75.9,2,73.9,-10.4,1.04,OK
F15542,2027-02-15 11:40,G6,268.8,187,81.8,-10.4,1.05,OK
F15543,2027-02-15 11:40,G7,50.4,-2,52.4,-10.4,1.10,OK
F15544,2027-02-15 11:40,G8,29.2,0,29.2,-10.4,1.10,OK
F15545,2027-02-15 11:50,G1,-14.2,0,-14.2,-10.2,0.19,OK
F15546,2027-02-15 11:50,G2,-12.6,1,-13.6,-10.2,0.21,OK
F15547,2027-02-15 11:50,G3,-14.4,-1,-13.4,-10.2,0.20,OK
F15548,2027-02-15 11:50,G4,-13.0,0,-13.0,-10.2,0.16,OK
F15549,2027-02-15 11:50,G5,-7.5,2,-9.5,-10.2,0.22,OK
F15550,2027-02-15 11:50,G6,169.8,187,-17.2,-10.2,0.19,OK
F15551,2027-02-15 11:50,G7,-13.7,-2,-11.7,-10.2,0.17,OK
F15552,2027-02-15 11:50,G8,-17.8,0,-17.8,-10.2,0.18,OK
F15553,2027-02-15 12:00,G1,16.2,0,16.2,-10.0,0.82,OK
F15554,2027-02-15 12:00,G2,24.7,1,23.7,-10.0,0.77,OK
F15555,2027-02-15 12:00,G3,24.8,-1,25.8,-10.0,0.78,OK
F15556,2027-02-15 12:00,G4,39.1,0,39.1,-10.0,0.81,OK
F15557,2027-02-15 12:00,G5,43.1,2,41.1,-10.0,0.76,OK
F15558,2027-02-15 12:00,G6,241.2,187,54.2,-10.0,0.77,OK
F15559,2027-02-15 12:00,G7,27.3,-2,29.3,-10.0,0.78,OK
F15560,2027-02-15 12:00,G8,16.8,0,16.8,-10.0,0.76,OK
F15561,2027-02-15 12:10,G1,-9.5,0,-9.5,-9.7,0.22,OK
F15562,2027-02-15 12:10,G2,-11.4,1,-12.4,-9.7,0.23,OK
F15563,2027-02-15 12:10,G3,-14.3,-1,-13.3,-9.7,0.23,OK
F15564,2027-02-15 12:10,G4,-16.2,0,-16.2,-9.7,0.23,OK
F15565,2027-02-15 12:10,G5,-7.7,2,-9.7,-9.7,0.17,OK
F15566,2027-02-15 12:10,G6,176.2,187,-10.8,-9.7,0.20,OK
F15567,2027-02-15 12:10,G7,-16.8,-2,-14.8,-9.7,0.22,OK
F15568,2027-02-15 12:10,G8,-12.2,0,-12.2,-9.7,0.18,OK
F15569,2027-02-15 12:20,G1,21.7,0,21.7,-9.5,0.93,OK
F15570,2027-02-15 12:20,G2,33.9,1,32.9,-9.5,0.93,OK
F15571,2027-02-15 12:20,G3,41.0,-1,42.0,-9.5,1.00,OK
F15572,2027-02-15 12:20,G4,55.6,0,55.6,-9.5,0.98,OK
F15573,2027-02-15 12:20,G5,68.3,2,66.3,-9.5,0.97,OK
F15574,2027-02-15 12:20,G6,260.9,187,73.9,-9.5,0.98,OK
F15575,2027-02-15 12:20,G7,40.2,-2,42.2,-9.5,0.96,OK
F15576,2027-02-15 12:20,G8,23.2,0,23.2,-9.5,0.97,OK
F15577,2027-02-15 12:30,G1,-7.6,0,-7.6,-9.3,0.21,OK
F15578,2027-02-15 12:30,G2,-10.2,1,-11.2,-9.3,0.19,OK
F15579,2027-02-15 12:30,G3,-10.3,-1,-9.3,-9.3,0.23,OK
F15580,2027-02-15 12:30,G4,-8.8,0,-8.8,-9.3,0.24,OK
F15581,2027-02-15 12:30,G5,-10.4,2,-12.4,-9.3,0.22,OK
F15582,2027-02-15 12:30,G6,171.5,187,-15.5,-9.3,0.16,OK
F15583,2027-02-15 12:30,G7,-11.0,-2,-9.0,-9.3,0.22,OK
F15584,2027-02-15 12:30,G8,-10.2,0,-10.2,-9.3,0.23,OK
F15585,2027-02-15 12:40,G1,9.1,0,9.1,-9.0,0.50,OK
F15586,2027-02-15 12:40,G2,7.9,1,6.9,-9.0,0.53,OK
F15587,2027-02-15 12:40,G3,13.5,-1,14.5,-9.0,0.51,OK
F15588,2027-02-15 12:40,G4,15.7,0,15.7,-9.0,0.49,OK
F15589,2027-02-15 12:40,G5,19.0,2,17.0,-9.0,0.52,OK
F15590,2027-02-15 12:40,G6,210.2,187,23.2,-9.0,0.50,OK
F15591,2027-02-15 12:40,G7,8.7,-2,10.7,-9.0,0.49,OK
F15592,2027-02-15 12:40,G8,7.9,0,7.9,-9.0,0.52,OK
F15593,2027-02-15 12:50,G1,-9.7,0,-9.7,-8.8,0.21,OK
F15594,2027-02-15 12:50,G2,-10.9,1,-11.9,-8.8,0.21,OK
F15595,2027-02-15 12:50,G3,-11.1,-1,-10.1,-8.8,0.21,OK
F15596,2027-02-15 12:50,G4,-7.4,0,-7.4,-8.8,0.20,OK
F15597,2027-02-15 12:50,G5,-6.8,2,-8.8,-8.8,0.19,OK
F15598,2027-02-15 12:50,G6,179.6,187,-7.4,-8.8,0.24,OK
F15599,2027-02-15 12:50,G7,-15.4,-2,-13.4,-8.8,0.20,OK
F15600,2027-02-15 12:50,G8,-15.4,0,-15.4,-8.8,0.24,OK
F15601,2027-02-15 13:00,G1,23.9,0,23.9,-8.5,0.83,OK
F15602,2027-02-15 13:00,G2,28.0,1,27.0,-8.5,0.82,OK
F15603,2027-02-15 13:00,G3,37.2,-1,38.2,-8.5,0.85,OK
F15604,2027-02-15 13:00,G4,47.1,0,47.1,-8.5,0.87,OK
F15605,2027-02-15 13:00,G5,57.0,2,55.0,-8.5,0.87,OK
F15606,2027-02-15 13:00,G6,256.7,187,69.7,-8.5,0.87,OK
F15607,2027-02-15 13:00,G7,38.1,-2,40.1,-8.5,0.85,OK
F15608,2027-02-15 13:00,G8,25.2,0,25.2,-8.5,0.85,OK
F15609,2027-02-15 13:10,G1,-10.8,0,-10.8,-8.3,0.17,OK
F15610,2027-02-15 13:10,G2,-5.9,1,-6.9,-8.3,0.22,OK
F15611,2027-02-15 13:10,G3,-8.1,-1,-7.1,-8.3,0.21,OK
F15612,2027-02-15 13:10,G4,-6.8,0,-6.8,-8.3,0.17,OK
F15613,2027-02-15 13:10,G5,-4.0,2,-6.0,-8.3,0.20,OK
F15614,2027-02-15 13:10,G6,182.4,187,-4.6,-8.3,0.20,OK
F15615,2027-02-15 13:10,G7,-15.0,-2,-13.0,-8.3,0.21,OK
F15616,2027-02-15 13:10,G8,-10.3,0,-10.3,-8.3,0.18,OK
F15617,2027-02-15 13:20,G1,33.0,0,33.0,-8.0,1.02,OK
F15618,2027-02-15 13:20,G2,44.0,1,43.0,-8.0,1.02,OK
F15619,2027-02-15 13:20,G3,42.9,-1,43.9,-8.0,1.04,OK
F15620,2027-02-15 13:20,G4,59.1,0,59.1,-8.0,1.01,OK
F15621,2027-02-15 13:20,G5,78.0,2,76.0,-8.0,1.03,OK
F15622,2027-02-15 13:20,G6,274.8,187,87.8,-8.0,1.04,OK
F15623,2027-02-15 13:20,G7,49.8,-2,51.8,-8.0,1.04,OK
F15624,2027-02-15 13:20,G8,30.6,0,30.6,-8.0,1.05,OK
F15625,2027-02-15 13:30,G1,-4.3,0,-4.3,-7.7,0.21,OK
F15626,2027-02-15 13:30,G2,-8.8,1,-9.8,-7.7,0.18,OK
F15627,2027-02-15 13:30,G3,-10.2,-1,-9.2,-7.7,0.18,OK
F15628,2027-02-15 13:30,G4,-4.4,0,-4.4,-7.7,0.22,OK
F15629,2027-02-15 13:30,G5,-7.3,2,-9.3,-7.7,0.23,OK
F15630,2027-02-15 13:30,G6,180.0,187,-7.0,-7.7,0.22,OK
F15631,2027-02-15 13:30,G7,-7.4,-2,-5.4,-7.7,0.21,OK
F15632,2027-02-15 13:30,G8,-8.4,0,-8.4,-7.7,0.22,OK
F15633,2027-02-15 13:40,G1,14.9,0,14.9,-7.5,0.58,OK
F15634,2027-02-15 13:40,G2,18.2,1,17.2,-7.5,0.57,OK
F15635,2027-02-15 13:40,G3,19.9,-1,20.9,-7.5,0.54,OK
F15636,2027-02-15 13:40,G4,27.9,0,27.9,-7.5,0.55,OK
F15637,2027-02-15 13:40,G5,37.0,2,35.0,-7.5,0.56,OK
F15638,2027-02-15 13:40,G6,221.1,187,34.1,-7.5,0.60,OK
F15639,2027-02-15 13:40,G7,18.4,-2,20.4,-7.5,0.55,OK
F15640,2027-02-15 13:40,G8,10.8,0,10.8,-7.5,0.57,OK
F15641,2027-02-15 13:50,G1,-7.7,0,-7.7,-7.2,0.17,OK
F15642,2027-02-15 13:50,G2,-2.3,1,-3.3,-7.2,0.24,OK
F15643,2027-02-15 13:50,G3,-1.8,-1,-0.8,-7.2,0.22,OK
F15644,2027-02-15 13:50,G4,-3.5,0,-3.5,-7.2,0.17,OK
F15645,2027-02-15 13:50,G5,-2.9,2,-4.9,-7.2,0.24,OK
F15646,2027-02-15 13:50,G6,185.4,187,-1.6,-7.2,0.18,OK
F15647,2027-02-15 13:50,G7,-7.5,-2,-5.5,-7.2,0.22,OK
F15648,2027-02-15 13:50,G8,-7.9,0,-7.9,-7.2,0.18,OK
F15649,2027-02-15 14:00,G1,25.3,0,25.3,-7.0,0.94,OK
F15650,2027-02-15 14:00,G2,32.3,1,31.3,-7.0,0.95,OK
F15651,2027-02-15 14:00,G3,38.6,-1,39.6,-7.0,0.88,OK
F15652,2027-02-15 14:00,G4,53.8,0,53.8,-7.0,0.89,OK
F15653,2027-02-15 14:00,G5,68.9,2,66.9,-7.0,0.94,OK
F15654,2027-02-15 14:00,G6,264.2,187,77.2,-7.0,0.91,OK
F15655,2027-02-15 14:00,G7,45.7,-2,47.7,-7.0,0.91,OK
F15656,2027-02-15 14:00,G8,30.1,0,30.1,-7.0,0.95,OK
F15657,2027-02-15 14:10,G1,-2.2,0,-2.2,-6.7,0.22,OK
F15658,2027-02-15 14:10,G2,1.6,1,0.6,-6.7,0.21,OK
F15659,2027-02-15 14:10,G3,-1.3,-1,-0.3,-6.7,0.20,OK
F15660,2027-02-15 14:10,G4,-4.4,0,-4.4,-6.7,0.23,OK
F15661,2027-02-15 14:10,G5,-6.2,2,-8.2,-6.7,0.18,OK
F15662,2027-02-15 14:10,G6,178.9,187,-8.1,-6.7,0.20,OK
F15663,2027-02-15 14:10,G7,-6.1,-2,-4.1,-6.7,0.22,OK
F15664,2027-02-15 14:10,G8,-3.4,0,-3.4,-6.7,0.24,OK
F15665,2027-02-15 14:20,G1,36.5,0,36.5,-6.4,1.08,OK
F15666,2027-02-15 14:20,G2,50.1,1,49.1,-6.4,1.12,OK
F15667,2027-02-15 14:20,G3,55.4,-1,56.4,-6.4,1.07,OK
F15668,2027-02-15 14:20,G4,68.6,0,68.6,-6.4,1.08,OK
F15669,2027-02-15 14:20,G5,90.1,2,88.1,-6.4,1.08,OK
F15670,2027-02-15 14:20,G6,288.9,187,101.9,-6.4,1.09,OK
F15671,2027-02-15 14:20,G7,63.6,-2,65.6,-6.4,1.07,OK
F15672,2027-02-15 14:20,G8,38.5,0,38.5,-6.4,1.05,OK
F15673,2027-02-15 14:30,G1,-0.5,0,-0.5,-6.2,0.17,OK
F15674,2027-02-15 14:30,G2,-4.9,1,-5.9,-6.2,0.22,OK
F15675,2027-02-15 14:30,G3,-3.3,-1,-2.3,-6.2,0.17,OK
F15676,2027-02-15 14:30,G4,-1.3,0,-1.3,-6.2,0.23,OK
F15677,2027-02-15 14:30,G5,1.6,2,-0.4,-6.2,0.23,OK
F15678,2027-02-15 14:30,G6,185.5,187,-1.5,-6.2,0.22,OK
F15679,2027-02-15 14:30,G7,-8.6,-2,-6.6,-6.2,0.23,OK
F15680,2027-02-15 14:30,G8,-0.1,0,-0.1,-6.2,0.18,OK
F15681,2027-02-15 14:40,G1,18.2,0,18.2,-5.9,0.66,OK
F15682,2027-02-15 14:40,G2,21.6,1,20.6,-5.9,0.60,OK
F15683,2027-02-15 14:40,G3,25.4,-1,26.4,-5.9,0.64,OK
F15684,2027-02-15 14:40,G4,30.6,0,30.6,-5.9,0.60,OK
F15685,2027-02-15 14:40,G5,45.2,2,43.2,-5.9,0.62,OK
F15686,2027-02-15 14:40,G6,230.9,187,43.9,-5.9,0.67,OK
F15687,2027-02-15 14:40,G7,28.5,-2,30.5,-5.9,0.63,OK
F15688,2027-02-15 14:40,G8,18.2,0,18.2,-5.9,0.61,OK
F15689,2027-02-15 14:50,G1,0.8,0,0.8,-5.7,0.21,OK
F15690,2027-02-15 14:50,G2,-4.2,1,-5.2,-5.7,0.18,OK
F15691,2027-02-15 14:50,G3,-4.8,-1,-3.8,-5.7,0.17,OK
F15692,2027-02-15 14:50,G4,-3.1,0,-3.1,-5.7,0.21,OK
F15693,2027-02-15 14:50,G5,-2.2,2,-4.2,-5.7,0.22,OK
F15694,2027-02-15 14:50,G6,182.7,187,-4.3,-5.7,0.18,OK
F15695,2027-02-15 14:50,G7,-0.7,-2,1.3,-5.7,0.22,OK
F15696,2027-02-15 14:50,G8,1.8,0,1.8,-5.7,0.20,OK
F15697,2027-02-15 15:00,G1,33.2,0,33.2,-5.4,0.98,OK
F15698,2027-02-15 15:00,G2,46.1,1,45.1,-5.4,1.01,OK
F15699,2027-02-15 15:00,G3,51.6,-1,52.6,-5.4,0.97,OK
F15700,2027-02-15 15:00,G4,59.8,0,59.8,-5.4,0.96,OK
F15701,2027-02-15 15:00,G5,78.5,2,76.5,-5.4,0.99,OK
F15702,2027-02-15 15:00,G6,276.0,187,89.0,-5.4,0.99,OK
F15703,2027-02-15 15:00,G7,53.1,-2,55.1,-5.4,0.97,OK
F15704,2027-02-15 15:00,G8,41.0,0,41.0,-5.4,0.94,OK
F15705,2027-02-15 15:10,G1,-0.6,0,-0.6,-5.2,0.22,OK
F15706,2027-02-15 15:10,G2,-2.4,1,-3.4,-5.2,0.18,OK
F15707,2027-02-15 15:10,G3,-4.8,-1,-3.8,-5.2,0.18,OK
F15708,2027-02-15 15:10,G4,0.3,0,0.3,-5.2,0.19,OK
F15709,2027-02-15 15:10,G5,-1.2,2,-3.2,-5.2,0.20,OK
F15710,2027-02-15 15:10,G6,185.1,187,-1.9,-5.2,0.22,OK
F15711,2027-02-15 15:10,G7,1.7,-2,3.7,-5.2,0.19,OK
F15712,2027-02-15 15:10,G8,-4.2,0,-4.2,-5.2,0.19,OK
F15713,2027-02-15 15:20,G1,9.8,0,9.8,-4.9,0.55,OK
F15714,2027-02-15 15:20,G2,17.5,1,16.5,-4.9,0.50,OK
F15715,2027-02-15 15:20,G3,20.2,-1,21.2,-4.9,0.56,OK
F15716,2027-02-15 15:20,G4,31.1,0,31.1,-4.9,0.54,OK
F15717,2027-02-15 15:20,G5,37.9,2,35.9,-4.9,0.49,OK
F15718,2027-02-15 15:20,G6,227.0,187,40.0,-4.9,0.51,OK
F15719,2027-02-15 15:20,G7,25.9,-2,27.9,-4.9,0.54,OK
F15720,2027-02-15 15:20,G8,17.9,0,17.9,-4.9,0.49,OK
F15721,2027-02-15 15:30,G1,-1.0,0,-1.0,-4.7,0.18,OK
F15722,2027-02-15 15:30,G2,0.3,1,-0.7,-4.7,0.18,OK
F15723,2027-02-15 15:30,G3,-3.5,-1,-2.5,-4.7,0.17,OK
F15724,2027-02-15 15:30,G4,4.2,0,4.2,-4.7,0.19,OK
F15725,2027-02-15 15:30,G5,5.3,2,3.3,-4.7,0.23,OK
F15726,2027-02-15 15:30,G6,191.3,187,4.3,-4.7,0.20,OK
F15727,2027-02-15 15:30,G7,-3.3,-2,-1.3,-4.7,0.24,OK
F15728,2027-02-15 15:30,G8,4.6,0,4.6,-4.7,0.16,OK
F15729,2027-02-15 15:40,G1,26.3,0,26.3,-4.4,0.73,OK
F15730,2027-02-15 15:40,G2,27.0,1,26.0,-4.4,0.68,OK
F15731,2027-02-15 15:40,G3,32.6,-1,33.6,-4.4,0.68,OK
F15732,2027-02-15 15:40,G4,40.1,0,40.1,-4.4,0.68,OK
F15733,2027-02-15 15:40,G5,55.1,2,53.1,-4.4,0.67,OK
F15734,2027-02-15 15:40,G6,244.1,187,57.1,-4.4,0.72,OK
F15735,2027-02-15 15:40,G7,38.3,-2,40.3,-4.4,0.66,OK
F15736,2027-02-15 15:40,G8,28.4,0,28.4,-4.4,0.67,OK
F15737,2027-02-15 15:50,G1,-2.7,0,-2.7,-4.2,0.19,OK
F15738,2027-02-15 15:50,G2,6.3,1,5.3,-4.2,0.17,OK
F15739,2027-02-15 15:50,G3,4.5,-1,5.5,-4.2,0.19,OK
F15740,2027-02-15 15:50,G4,0.7,0,0.7,-4.2,0.16,OK
F15741,2027-02-15 15:50,G5,8.5,2,6.5,-4.2,0.23,OK
F15742,2027-02-15 15:50,G6,185.0,187,-2.0,-4.2,0.16,OK
F15743,2027-02-15 15:50,G7,4.0,-2,6.0,-4.2,0.20,OK
F15744,2027-02-15 15:50,G8,3.1,0,3.1,-4.2,0.18,OK
F15745,2027-02-15 16:00,G1,41.2,0,41.2,-4.0,1.04,OK
F15746,2027-02-15 16:00,G2,45.8,1,44.8,-4.0,1.07,OK
F15747,2027-02-15 16:00,G3,54.1,-1,55.1,-4.0,1.04,OK
F15748,2027-02-15 16:00,G4,72.0,0,72.0,-4.0,1.03,OK
F15749,2027-02-15 16:00,G5,84.7,2,82.7,-4.0,1.01,OK
F15750,2027-02-15 16:00,G6,285.8,187,98.8,-4.0,1.06,OK
F15751,2027-02-15 16:00,G7,61.6,-2,63.6,-4.0,1.04,OK
F15752,2027-02-15 16:00,G8,47.3,0,47.3,-4.0,1.05,OK
F15753,2027-02-15 16:10,G1,1.4,0,1.4,-3.7,0.23,OK
F15754,2027-02-15 16:10,G2,8.2,1,7.2,-3.7,0.23,OK
F15755,2027-02-15 16:10,G3,3.8,-1,4.8,-3.7,0.18,OK
F15756,2027-02-15 16:10,G4,6.4,0,6.4,-3.7,0.22,OK
F15757,2027-02-15 16:10,G5,6.4,2,4.4,-3.7,0.22,OK
F15758,2027-02-15 16:10,G6,186.5,187,-0.5,-3.7,0.22,OK
F15759,2027-02-15 16:10,G7,-2.8,-2,-0.8,-3.7,0.20,OK
F15760,2027-02-15 16:10,G8,5.0,0,5.0,-3.7,0.23,OK
F15761,2027-02-15 16:20,G1,22.6,0,22.6,-3.5,0.55,OK
F15762,2027-02-15 16:20,G2,21.0,1,20.0,-3.5,0.57,OK
F15763,2027-02-15 16:20,G3,27.9,-1,28.9,-3.5,0.55,OK
F15764,2027-02-15 16:20,G4,38.8,0,38.8,-3.5,0.60,OK
F15765,2027-02-15 16:20,G5,47.1,2,45.1,-3.5,0.56,OK
F15766,2027-02-15 16:20,G6,236.7,187,49.7,-3.5,0.55,OK
F15767,2027-02-15 16:20,G7,29.4,-2,31.4,-3.5,0.60,OK
F15768,2027-02-15 16:20,G8,24.3,0,24.3,-3.5,0.59,OK
F15769,2027-02-15 16:30,G1,2.3,0,2.3,-3.3,0.19,OK
F15770,2027-02-15 16:30,G2,1.1,1,0.1,-3.3,0.23,OK
F15771,2027-02-15 16:30,G3,1.0,-1,2.0,-3.3,0.24,OK
F15772,2027-02-15 16:30,G4,8.4,0,8.4,-3.3,0.17,OK
F15773,2027-02-15 16:30,G5,6.4,2,4.4,-3.3,0.24,OK
F15774,2027-02-15 16:30,G6,190.9,187,3.9,-3.3,0.19,OK
F15775,2027-02-15 16:30,G7,3.1,-2,5.1,-3.3,0.23,OK
F15776,2027-02-15 16:30,G8,1.4,0,1.4,-3.3,0.21,OK
F15777,2027-02-15 16:40,G1,25.0,0,25.0,-3.1,0.74,OK
F15778,2027-02-15 16:40,G2,32.6,1,31.6,-3.1,0.74,OK
F15779,2027-02-15 16:40,G3,42.2,-1,43.2,-3.1,0.72,OK
F15780,2027-02-15 16:40,G4,52.2,0,52.2,-3.1,0.72,OK
F15781,2027-02-15 16:40,G5,59.4,2,57.4,-3.1,0.77,OK
F15782,2027-02-15 16:40,G6,252.2,187,65.2,-3.1,0.80,OK
F15783,2027-02-15 16:40,G7,42.2,-2,44.2,-3.1,0.75,OK
F15784,2027-02-15 16:40,G8,28.7,0,28.7,-3.1,0.72,OK
F15785,2027-02-15 16:50,G1,0.8,0,0.8,-2.9,0.22,OK
F15786,2027-02-15 16:50,G2,8.4,1,7.4,-2.9,0.22,OK
F15787,2027-02-15 16:50,G3,-0.4,-1,0.6,-2.9,0.17,OK
F15788,2027-02-15 16:50,G4,3.0,0,3.0,-2.9,0.17,OK
F15789,2027-02-15 16:50,G5,8.3,2,6.3,-2.9,0.18,OK
F15790,2027-02-15 16:50,G6,195.4,187,8.4,-2.9,0.20,OK
F15791,2027-02-15 16:50,G7,4.9,-2,6.9,-2.9,0.23,OK
F15792,2027-02-15 16:50,G8,3.6,0,3.6,-2.9,0.21,OK
F15793,2027-02-15 17:00,G1,47.9,0,47.9,-2.7,1.09,OK
F15794,2027-02-15 17:00,G2,55.6,1,54.6,-2.7,1.08,OK
F15795,2027-02-15 17:00,G3,61.6,-1,62.6,-2.7,1.13,OK
F15796,2027-02-15 17:00,G4,83.5,0,83.5,-2.7,1.08,OK
F15797,2027-02-15 17:00,G5,95.5,2,93.5,-2.7,1.12,OK
F15798,2027-02-15 17:00,G6,294.1,187,107.1,-2.7,1.09,OK
F15799,2027-02-15 17:00,G7,73.6,-2,75.6,-2.7,1.06,OK
F15800,2027-02-15 17:00,G8,54.6,0,54.6,-2.7,1.09,OK
F15801,2027-02-15 17:10,G1,8.2,0,8.2,-2.5,0.16,OK
F15802,2027-02-15 17:10,G2,7.7,1,6.7,-2.5,0.22,OK
F15803,2027-02-15 17:10,G3,5.2,-1,6.2,-2.5,0.23,OK
F15804,2027-02-15 17:10,G4,4.0,0,4.0,-2.5,0.24,OK
F15805,2027-02-15 17:10,G5,11.9,2,9.9,-2.5,0.18,OK
F15806,2027-02-15 17:10,G6,195.1,187,8.1,-2.5,0.21,OK
F15807,2027-02-15 17:10,G7,7.4,-2,9.4,-2.5,0.23,OK
F15808,2027-02-15 17:10,G8,9.4,0,9.4,-2.5,0.19,OK
F15809,2027-02-15 17:20,G1,26.8,0,26.8,-2.4,0.67,OK
F15810,2027-02-15 17:20,G2,33.3,1,32.3,-2.4,0.62,OK
F15811,2027-02-15 17:20,G3,34.7,-1,35.7,-2.4,0.68,OK
F15812,2027-02-15 17:20,G4,47.4,0,47.4,-2.4,0.64,OK
F15813,2027-02-15 17:20,G5,49.8,2,47.8,-2.4,0.65,OK
F15814,2027-02-15 17:20,G6,245.0,187,58.0,-2.4,0.62,OK
F15815,2027-02-15 17:20,G7,38.4,-2,40.4,-2.4,0.64,OK
F15816,2027-02-15 17:20,G8,30.2,0,30.2,-2.4,0.67,OK
F15817,2027-02-15 17:30,G1,4.3,0,4.3,-2.2,0.22,OK
F15818,2027-02-15 17:30,G2,6.6,1,5.6,-2.2,0.21,OK
F15819,2027-02-15 17:30,G3,1.8,-1,2.8,-2.2,0.19,OK
F15820,2027-02-15 17:30,G4,8.3,0,8.3,-2.2,0.21,OK
F15821,2027-02-15 17:30,G5,12.9,2,10.9,-2.2,0.20,OK
F15822,2027-02-15 17:30,G6,190.8,187,3.8,-2.2,0.24,OK
F15823,2027-02-15 17:30,G7,10.3,-2,12.3,-2.2,0.20,OK
F15824,2027-02-15 17:30,G8,7.7,0,7.7,-2.2,0.21,OK
F15825,2027-02-15 17:40,G1,32.1,0,32.1,-2.0,0.85,OK
F15826,2027-02-15 17:40,G2,37.5,1,36.5,-2.0,0.79,OK
F15827,2027-02-15 17:40,G3,42.7,-1,43.7,-2.0,0.80,OK
F15828,2027-02-15 17:40,G4,58.7,0,58.7,-2.0,0.81,OK
F15829,2027-02-15 17:40,G5,73.1,2,71.1,-2.0,0.80,OK
F15830,2027-02-15 17:40,G6,267.0,187,80.0,-2.0,0.84,OK
F15831,2027-02-15 17:40,G7,53.6,-2,55.6,-2.0,0.84,OK
F15832,2027-02-15 17:40,G8,37.2,0,37.2,-2.0,0.80,OK
F15833,2027-02-15 17:50,G1,4.3,0,4.3,-1.9,0.19,OK
F15834,2027-02-15 17:50,G2,6.8,1,5.8,-1.9,0.16,OK
F15835,2027-02-15 17:50,G3,6.9,-1,7.9,-1.9,0.20,OK
F15836,2027-02-15 17:50,G4,7.2,0,7.2,-1.9,0.23,OK
F15837,2027-02-15 17:50,G5,10.3,2,8.3,-1.9,0.22,OK
F15838,2027-02-15 17:50,G6,192.3,187,5.3,-1.9,0.19,OK
F15839,2027-02-15 17:50,G7,10.0,-2,12.0,-1.9,0.23,OK
F15840,2027-02-15 17:50,G8,11.7,0,11.7,-1.9,0.21,OK
F15841,2027-02-15 18:00,G1,20.3,0,20.3,-1.8,0.53,OK
F15842,2027-02-15 18:00,G2,22.1,1,21.1,-1.8,0.53,OK
F15843,2027-02-15 18:00,G3,25.4,-1,26.4,-1.8,0.51,OK
F15844,2027-02-15 18:00,G4,38.5,0,38.5,-1.8,0.53,OK
F15845,2027-02-15 18:00,G5,41.3,2,39.3,-1.8,0.50,OK
F15846,2027-02-15 18:00,G6,230.2,187,43.2,-1.8,0.54,OK
F15847,2027-02-15 18:00,G7,29.2,-2,31.2,-1.8,0.55,OK
F15848,2027-02-15 18:00,G8,28.4,0,28.4,-1.8,0.54,OK
F15849,2027-02-15 18:10,G1,4.5,0,4.5,-1.6,0.20,OK
F15850,2027-02-15 18:10,G2,6.5,1,5.5,-1.6,0.17,OK
F15851,2027-02-15 18:10,G3,8.0,-1,9.0,-1.6,0.16,OK
F15852,2027-02-15 18:10,G4,6.7,0,6.7,-1.6,0.21,OK
F15853,2027-02-15 18:10,G5,6.7,2,4.7,-1.6,0.23,OK
F15854,2027-02-15 18:10,G6,198.0,187,11.0,-1.6,0.21,OK
F15855,2027-02-15 18:10,G7,11.1,-2,13.1,-1.6,0.19,OK
F15856,2027-02-15 18:10,G8,9.8,0,9.8,-1.6,0.21,OK
F15857,2027-02-15 18:20,G1,29.6,0,29.6,-1.5,0.71,OK
F15858,2027-02-15 18:20,G2,32.6,1,31.6,-1.5,0.72,OK
F15859,2027-02-15 18:20,G3,40.3,-1,41.3,-1.5,0.69,OK
F15860,2027-02-15 18:20,G4,46.2,0,46.2,-1.5,0.69,OK
F15861,2027-02-15 18:20,G5,57.9,2,55.9,-1.5,0.67,OK
F15862,2027-02-15 18:20,G6,253.6,187,66.6,-1.5,0.72,OK
F15863,2027-02-15 18:20,G7,46.3,-2,48.3,-1.5,0.67,OK
F15864,2027-02-15 18:20,G8,34.4,0,34.4,-1.5,0.74,OK
F15865,2027-02-15 18:30,G1,8.0,0,8.0,-1.4,0.20,OK
F15866,2027-02-15 18:30,G2,6.1,1,5.1,-1.4,0.17,OK
F15867,2027-02-15 18:30,G3,4.2,-1,5.2,-1.4,0.20,OK
F15868,2027-02-15 18:30,G4,13.1,0,13.1,-1.4,0.18,OK
F15869,2027-02-15 18:30,G5,12.3,2,10.3,-1.4,0.18,OK
F15870,2027-02-15 18:30,G6,198.6,187,11.6,-1.4,0.18,OK
F15871,2027-02-15 18:30,G7,7.1,-2,9.1,-1.4,0.18,OK
F15872,2027-02-15 18:30,G8,8.5,0,8.5,-1.4,0.24,OK
F15873,2027-02-15 18:40,G1,41.6,0,41.6,-1.3,0.88,OK
F15874,2027-02-15 18:40,G2,49.6,1,48.6,-1.3,0.91,OK
F15875,2027-02-15 18:40,G3,54.7,-1,55.7,-1.3,0.85,OK
F15876,2027-02-15 18:40,G4,69.7,0,69.7,-1.3,0.89,OK
F15877,2027-02-15 18:40,G5,78.7,2,76.7,-1.3,0.89,OK
F15878,2027-02-15 18:40,G6,273.7,187,86.7,-1.3,0.88,OK
F15879,2027-02-15 18:40,G7,59.4,-2,61.4,-1.3,0.84,OK
F15880,2027-02-15 18:40,G8,47.3,0,47.3,-1.3,0.84,OK
F15881,2027-02-15 18:50,G1,9.3,0,9.3,-1.2,0.22,OK
F15882,2027-02-15 18:50,G2,6.7,1,5.7,-1.2,0.20,OK
F15883,2027-02-15 18:50,G3,4.3,-1,5.3,-1.2,0.24,OK
F15884,2027-02-15 18:50,G4,7.3,0,7.3,-1.2,0.18,OK
F15885,2027-02-15 18:50,G5,15.7,2,13.7,-1.2,0.16,OK
F15886,2027-02-15 18:50,G6,199.0,187,12.0,-1.2,0.23,OK
F15887,2027-02-15 18:50,G7,9.9,-2,11.9,-1.2,0.23,OK
F15888,2027-02-15 18:50,G8,7.8,0,7.8,-1.2,0.18,OK
F15889,2027-02-15 19:00,G1,24.5,0,24.5,-1.2,0.58,OK
F15890,2027-02-15 19:00,G2,27.7,1,26.7,-1.2,0.60,OK
F15891,2027-02-15 19:00,G3,36.2,-1,37.2,-1.2,0.55,OK
F15892,2027-02-15 19:00,G4,42.4,0,42.4,-1.2,0.61,OK
F15893,2027-02-15 19:00,G5,54.2,2,52.2,-1.2,0.56,OK
F15894,2027-02-15 19:00,G6,237.9,187,50.9,-1.2,0.56,OK
F15895,2027-02-15 19:00,G7,39.9,-2,41.9,-1.2,0.55,OK
F15896,2027-02-15 19:00,G8,26.7,0,26.7,-1.2,0.59,OK
F15897,2027-02-15 19:10,G1,8.1,0,8.1,-1.1,0.22,OK
F15898,2027-02-15 19:10,G2,11.5,1,10.5,-1.1,0.23,OK
F15899,2027-02-15 19:10,G3,12.0,-1,13.0,-1.1,0.21,OK
F15900,2027-02-15 19:10,G4,10.2,0,10.2,-1.1,0.22,OK
F15901,2027-02-15 19:10,G5,12.4,2,10.4,-1.1,0.18,OK
F15902,2027-02-15 19:10,G6,198.7,187,11.7,-1.1,0.24,OK
F15903,2027-02-15 19:10,G7,13.0,-2,15.0,-1.1,0.18,OK
F15904,2027-02-15 19:10,G8,10.0,0,10.0,-1.1,0.24,OK
F15905,2027-02-15 19:20,G1,34.0,0,34.0,-1.1,0.78,OK
F15906,2027-02-15 19:20,G2,38.7,1,37.7,-1.1,0.78,OK
F15907,2027-02-15 19:20,G3,43.1,-1,44.1,-1.1,0.75,OK
F15908,2027-02-15 19:20,G4,59.8,0,59.8,-1.1,0.76,OK
F15909,2027-02-15 19:20,G5,69.9,2,67.9,-1.1,0.79,OK
F15910,2027-02-15 19:20,G6,263.3,187,76.3,-1.1,0.74,OK
F15911,2027-02-15 19:20,G7,48.1,-2,50.1,-1.1,0.77,OK
F15912,2027-02-15 19:20,G8,40.3,0,40.3,-1.1,0.74,OK
F15913,2027-02-15 19:30,G1,4.0,0,4.0,-1.0,0.20,OK
F15914,2027-02-15 19:30,G2,8.6,1,7.6,-1.0,0.21,OK
F15915,2027-02-15 19:30,G3,4.4,-1,5.4,-1.0,0.17,OK
F15916,2027-02-15 19:30,G4,10.4,0,10.4,-1.0,0.18,OK
F15917,2027-02-15 19:30,G5,15.4,2,13.4,-1.0,0.18,OK
F15918,2027-02-15 19:30,G6,196.7,187,9.7,-1.0,0.21,OK
F15919,2027-02-15 19:30,G7,9.0,-2,11.0,-1.0,0.21,OK
F15920,2027-02-15 19:30,G8,8.1,0,8.1,-1.0,0.18,OK
F15921,2027-02-15 19:40,G1,37.7,0,37.7,-1.0,0.95,OK
F15922,2027-02-15 19:40,G2,51.9,1,50.9,-1.0,0.97,OK
F15923,2027-02-15 19:40,G3,56.4,-1,57.4,-1.0,0.91,OK
F15924,2027-02-15 19:40,G4,75.1,0,75.1,-1.0,0.95,OK
F15925,2027-02-15 19:40,G5,82.7,2,80.7,-1.0,0.95,OK
F15926,2027-02-15 19:40,G6,283.1,187,96.1,-1.0,0.90,OK
F15927,2027-02-15 19:40,G7,60.1,-2,62.1,-1.0,0.96,OK
F15928,2027-02-15 19:40,G8,50.3,0,50.3,-1.0,0.96,OK
F15929,2027-02-15 19:50,G1,11.7,0,11.7,-1.0,0.17,OK
F15930,2027-02-15 19:50,G2,10.6,1,9.6,-1.0,0.19,OK
F15931,2027-02-15 19:50,G3,8.7,-1,9.7,-1.0,0.17,OK
F15932,2027-02-15 19:50,G4,9.5,0,9.5,-1.0,0.16,OK
F15933,2027-02-15 19:50,G5,13.6,2,11.6,-1.0,0.20,OK
F15934,2027-02-15 19:50,G6,195.3,187,8.3,-1.0,0.21,OK
F15935,2027-02-15 19:50,G7,8.5,-2,10.5,-1.0,0.16,OK
F15936,2027-02-15 19:50,G8,13.6,0,13.6,-1.0,0.17,OK
F15937,2027-02-15 20:00,G1,26.4,0,26.4,-1.0,0.68,OK
F15938,2027-02-15 20:00,G2,34.7,1,33.7,-1.0,0.62,OK
F15939,2027-02-15 20:00,G3,42.2,-1,43.2,-1.0,0.65,OK
F15940,2027-02-15 20:00,G4,51.7,0,51.7,-1.0,0.61,OK
F15941,2027-02-15 20:00,G5,55.1,2,53.1,-1.0,0.62,OK
F15942,2027-02-15 20:00,G6,249.5,187,62.5,-1.0,0.65,OK
F15943,2027-02-15 20:00,G7,38.5,-2,40.5,-1.0,0.65,OK
F15944,2027-02-15 20:00,G8,33.9,0,33.9,-1.0,0.67,OK
F15945,2027-02-15 20:10,G1,4.8,0,4.8,-1.0,0.24,OK
F15946,2027-02-15 20:10,G2,11.4,1,10.4,-1.0,0.20,OK
F15947,2027-02-15 20:10,G3,12.3,-1,13.3,-1.0,0.20,OK
F15948,2027-02-15 20:10,G4,11.9,0,11.9,-1.0,0.24,OK
F15949,2027-02-15 20:10,G5,12.4,2,10.4,-1.0,0.21,OK
F15950,2027-02-15 20:10,G6,193.7,187,6.7,-1.0,0.19,OK
F15951,2027-02-15 20:10,G7,8.9,-2,10.9,-1.0,0.21,OK
F15952,2027-02-15 20:10,G8,13.5,0,13.5,-1.0,0.23,OK
F15953,2027-02-15 20:20,G1,38.0,0,38.0,-1.0,0.86,OK
F15954,2027-02-15 20:20,G2,48.9,1,47.9,-1.0,0.80,OK
F15955,2027-02-15 20:20,G3,52.7,-1,53.7,-1.0,0.80,OK
F15956,2027-02-15 20:20,G4,57.6,0,57.6,-1.0,0.80,OK
F15957,2027-02-15 20:20,G5,75.7,2,73.7,-1.0,0.86,OK
F15958,2027-02-15 20:20,G6,270.4,187,83.4,-1.0,0.87,OK
F15959,2027-02-15 20:20,G7,58.0,-2,60.0,-1.0,0.84,OK
F15960,2027-02-15 20:20,G8,46.2,0,46.2,-1.0,0.86,OK
F15961,2027-02-15 20:30,G1,7.8,0,7.8,-1.0,0.18,OK
F15962,2027-02-15 20:30,G2,11.2,1,10.2,-1.0,0.19,OK
F15963,2027-02-15 20:30,G3,9.3,-1,10.3,-1.0,0.22,OK
F15964,2027-02-15 20:30,G4,14.2,0,14.2,-1.0,0.19,OK
F15965,2027-02-15 20:30,G5,16.4,2,14.4,-1.0,0.19,OK
F15966,2027-02-15 20:30,G6,199.3,187,12.3,-1.0,0.22,OK
F15967,2027-02-15 20:30,G7,8.0,-2,10.0,-1.0,0.22,OK
F15968,2027-02-15 20:30,G8,11.3,0,11.3,-1.0,0.19,OK
F15969,2027-02-15 20:40,G1,46.1,0,46.1,-1.1,0.99,OK
F15970,2027-02-15 20:40,G2,50.5,1,49.5,-1.1,1.00,OK
F15971,2027-02-15 20:40,G3,63.4,-1,64.4,-1.1,1.00,OK
F15972,2027-02-15 20:40,G4,71.6,0,71.6,-1.1,1.00,OK
F15973,2027-02-15 20:40,G5,90.1,2,88.1,-1.1,0.98,OK
F15974,2027-02-15 20:40,G6,290.4,187,103.4,-1.1,1.03,OK
F15975,2027-02-15 20:40,G7,71.6,-2,73.6,-1.1,1.00,OK
F15976,2027-02-15 20:40,G8,51.3,0,51.3,-1.1,1.02,OK
F15977,2027-02-15 20:50,G1,8.1,0,8.1,-1.1,0.18,OK
F15978,2027-02-15 20:50,G2,12.2,1,11.2,-1.1,0.18,OK
F15979,2027-02-15 20:50,G3,5.9,-1,6.9,-1.1,0.24,OK
F15980,2027-02-15 20:50,G4,6.5,0,6.5,-1.1,0.21,OK
F15981,2027-02-15 20:50,G5,8.6,2,6.6,-1.1,0.23,OK
F15982,2027-02-15 20:50,G6,198.2,187,11.2,-1.1,0.18,OK
F15983,2027-02-15 20:50,G7,12.6,-2,14.6,-1.1,0.20,OK
F15984,2027-02-15 20:50,G8,7.6,0,7.6,-1.1,0.18,OK
F15985,2027-02-15 21:00,G1,27.7,0,27.7,-1.2,0.73,OK
F15986,2027-02-15 21:00,G2,39.4,1,38.4,-1.2,0.73,OK
F15987,2027-02-15 21:00,G3,40.7,-1,41.7,-1.2,0.72,OK
F15988,2027-02-15 21:00,G4,49.4,0,49.4,-1.2,0.72,OK
F15989,2027-02-15 21:00,G5,61.8,2,59.8,-1.2,0.69,OK
F15990,2027-02-15 21:00,G6,252.1,187,65.1,-1.2,0.74,OK
F15991,2027-02-15 21:00,G7,46.8,-2,48.8,-1.2,0.73,OK
F15992,2027-02-15 21:00,G8,34.7,0,34.7,-1.2,0.74,OK
F15993,2027-02-15 21:10,G1,3.8,0,3.8,-1.2,0.23,OK
F15994,2027-02-15 21:10,G2,11.2,1,10.2,-1.2,0.20,OK
F15995,2027-02-15 21:10,G3,4.6,-1,5.6,-1.2,0.20,OK
F15996,2027-02-15 21:10,G4,13.6,0,13.6,-1.2,0.22,OK
F15997,2027-02-15 21:10,G5,11.5,2,9.5,-1.2,0.24,OK
F15998,2027-02-15 21:10,G6,200.9,187,13.9,-1.2,0.18,OK
F15999,2027-02-15 21:10,G7,5.1,-2,7.1,-1.2,0.21,OK
F16000,2027-02-15 21:10,G8,14.2,0,14.2,-1.2,0.18,OK
F16001,2027-02-15 21:20,G1,42.2,0,42.2,-1.3,0.91,OK
F16002,2027-02-15 21:20,G2,43.0,1,42.0,-1.3,0.87,OK
F16003,2027-02-15 21:20,G3,57.2,-1,58.2,-1.3,0.87,OK
F16004,2027-02-15 21:20,G4,63.5,0,63.5,-1.3,0.92,OK
F16005,2027-02-15 21:20,G5,77.2,2,75.2,-1.3,0.85,OK
F16006,2027-02-15 21:20,G6,271.6,187,84.6,-1.3,0.90,OK
F16007,2027-02-15 21:20,G7,59.9,-2,61.9,-1.3,0.90,OK
F16008,2027-02-15 21:20,G8,45.5,0,45.5,-1.3,0.87,OK
F16009,2027-02-15 21:30,G1,6.5,0,6.5,-1.4,0.21,OK
F16010,2027-02-15 21:30,G2,5.8,1,4.8,-1.4,0.21,OK
F16011,2027-02-15 21:30,G3,5.5,-1,6.5,-1.4,0.20,OK
F16012,2027-02-15 21:30,G4,10.7,0,10.7,-1.4,0.23,OK
F16013,2027-02-15 21:30,G5,14.3,2,12.3,-1.4,0.18,OK
F16014,2027-02-15 21:30,G6,193.4,187,6.4,-1.4,0.17,OK
F16015,2027-02-15 21:30,G7,10.4,-2,12.4,-1.4,0.17,OK
F16016,2027-02-15 21:30,G8,13.0,0,13.0,-1.4,0.19,OK
F16017,2027-02-15 21:40,G1,48.6,0,48.6,-1.5,1.10,OK
F16018,2027-02-15 21:40,G2,59.9,1,58.9,-1.5,1.04,OK
F16019,2027-02-15 21:40,G3,59.6,-1,60.6,-1.5,1.06,OK
F16020,2027-02-15 21:40,G4,77.2,0,77.2,-1.5,1.03,OK
F16021,2027-02-15 21:40,G5,97.2,2,95.2,-1.5,1.05,OK
F16022,2027-02-15 21:40,G6,293.3,187,106.3,-1.5,1.05,OK
F16023,2027-02-15 21:40,G7,68.9,-2,70.9,-1.5,1.07,OK
F16024,2027-02-15 21:40,G8,54.3,0,54.3,-1.5,1.07,OK
F16025,2027-02-15 21:50,G1,8.9,0,8.9,-1.6,0.18,OK
F16026,2027-02-15 21:50,G2,8.6,1,7.6,-1.6,0.21,OK
F16027,2027-02-15 21:50,G3,11.1,-1,12.1,-1.6,0.17,OK
F16028,2027-02-15 21:50,G4,5.6,0,5.6,-1.6,0.22,OK
F16029,2027-02-15 21:50,G5,7.5,2,5.5,-1.6,0.23,OK
F16030,2027-02-15 21:50,G6,194.2,187,7.2,-1.6,0.20,OK
F16031,2027-02-15 21:50,G7,5.4,-2,7.4,-1.6,0.16,OK
F16032,2027-02-15 21:50,G8,8.4,0,8.4,-1.6,0.18,OK
F16033,2027-02-15 22:00,G1,10.9,0,10.9,-1.8,0.18,OK
F16034,2027-02-15 22:00,G2,11.4,1,10.4,-1.8,0.24,OK
F16035,2027-02-15 22:00,G3,9.4,-1,10.4,-1.8,0.22,OK
F16036,2027-02-15 22:00,G4,8.3,0,8.3,-1.8,0.20,OK
F16037,2027-02-15 22:00,G5,8.7,2,6.7,-1.8,0.19,OK
F16038,2027-02-15 22:00,G6,200.0,187,13.0,-1.8,0.19,OK
F16039,2027-02-15 22:00,G7,4.3,-2,6.3,-1.8,0.23,OK
F16040,2027-02-15 22:00,G8,8.4,0,8.4,-1.8,0.17,OK
F16041,2027-02-15 22:10,G1,7.1,0,7.1,-1.9,0.19,OK
F16042,2027-02-15 22:10,G2,9.3,1,8.3,-1.9,0.20,OK
F16043,2027-02-15 22:10,G3,9.4,-1,10.4,-1.9,0.21,OK
F16044,2027-02-15 22:10,G4,7.8,0,7.8,-1.9,0.18,OK
F16045,2027-02-15 22:10,G5,5.9,2,3.9,-1.9,0.19,OK
F16046,2027-02-15 22:10,G6,196.7,187,9.7,-1.9,0.22,OK
F16047,2027-02-15 22:10,G7,8.1,-2,10.1,-1.9,0.16,OK
F16048,2027-02-15 22:10,G8,5.9,0,5.9,-1.9,0.16,OK
F16049,2027-02-15 22:20,G1,9.7,0,9.7,-2.0,0.20,OK
F16050,2027-02-15 22:20,G2,8.7,1,7.7,-2.0,0.21,OK
F16051,2027-02-15 22:20,G3,6.7,-1,7.7,-2.0,0.20,OK
F16052,2027-02-15 22:20,G4,9.2,0,9.2,-2.0,0.21,OK
F16053,2027-02-15 22:20,G5,8.3,2,6.3,-2.0,0.21,OK
F16054,2027-02-15 22:20,G6,197.9,187,10.9,-2.0,0.20,OK
F16055,2027-02-15 22:20,G7,2.6,-2,4.6,-2.0,0.22,OK
F16056,2027-02-15 22:20,G8,10.7,0,10.7,-2.0,0.19,OK
F16057,2027-02-15 22:30,G1,9.9,0,9.9,-2.2,0.17,OK
F16058,2027-02-15 22:30,G2,8.9,1,7.9,-2.2,0.20,OK
F16059,2027-02-15 22:30,G3,1.5,-1,2.5,-2.2,0.18,OK
F16060,2027-02-15 22:30,G4,10.7,0,10.7,-2.2,0.24,OK
F16061,2027-02-15 22:30,G5,8.6,2,6.6,-2.2,0.23,OK
F16062,2027-02-15 22:30,G6,197.1,187,10.1,-2.2,0.21,OK
F16063,2027-02-15 22:30,G7,4.4,-2,6.4,-2.2,0.22,OK
F16064,2027-02-15 22:30,G8,9.0,0,9.0,-2.2,0.17,OK
F16065,2027-02-15 22:40,G1,7.7,0,7.7,-2.4,0.22,OK
F16066,2027-02-15 22:40,G2,10.7,1,9.7,-2.4,0.23,OK
F16067,2027-02-15 22:40,G3,3.0,-1,4.0,-2.4,0.20,OK
F16068,2027-02-15 22:40,G4,4.3,0,4.3,-2.4,0.22,OK
F16069,2027-02-15 22:40,G5,5.6,2,3.6,-2.4,0.19,OK
F16070,2027-02-15 22:40,G6,190.5,187,3.5,-2.4,0.18,OK
F16071,2027-02-15 22:40,G7,9.9,-2,11.9,-2.4,0.19,OK
F16072,2027-02-15 22:40,G8,8.7,0,8.7,-2.4,0.17,OK
F16073,2027-02-15 22:50,G1,5.4,0,5.4,-2.5,0.20,OK
F16074,2027-02-15 22:50,G2,9.2,1,8.2,-2.5,0.22,OK
F16075,2027-02-15 22:50,G3,7.3,-1,8.3,-2.5,0.22,OK
F16076,2027-02-15 22:50,G4,6.6,0,6.6,-2.5,0.21,OK
F16077,2027-02-15 22:50,G5,7.5,2,5.5,-2.5,0.20,OK
F16078,2027-02-15 22:50,G6,189.3,187,2.3,-2.5,0.17,OK
F16079,2027-02-15 22:50,G7,5.0,-2,7.0,-2.5,0.18,OK
F16080,2027-02-15 22:50,G8,10.5,0,10.5,-2.5,0.19,OK
F16081,2027-02-15 23:00,G1,8.5,0,8.5,-2.7,0.21,OK
F16082,2027-02-15 23:00,G2,3.9,1,2.9,-2.7,0.23,OK
F16083,2027-02-15 23:00,G3,6.7,-1,7.7,-2.7,0.23,OK
F16084,2027-02-15 23:00,G4,3.0,0,3.0,-2.7,0.19,OK
F16085,2027-02-15 23:00,G5,6.4,2,4.4,-2.7,0.17,OK
F16086,2027-02-15 23:00,G6,193.2,187,6.2,-2.7,0.17,OK
F16087,2027-02-15 23:00,G7,2.5,-2,4.5,-2.7,0.16,OK
F16088,2027-02-15 23:00,G8,2.6,0,2.6,-2.7,0.22,OK
F16089,2027-02-15 23:10,G1,7.5,0,7.5,-2.9,0.16,OK
F16090,2027-02-15 23:10,G2,1.6,1,0.6,-2.9,0.23,OK
F16091,2027-02-15 23:10,G3,1.1,-1,2.1,-2.9,0.20,OK
F16092,2027-02-15 23:10,G4,6.7,0,6.7,-2.9,0.19,OK
F16093,2027-02-15 23:10,G5,3.3,2,1.3,-2.9,0.16,OK
F16094,2027-02-15 23:10,G6,193.8,187,6.8,-2.9,0.20,OK
F16095,2027-02-15 23:10,G7,0.7,-2,2.7,-2.9,0.21,OK
F16096,2027-02-15 23:10,G8,9.4,0,9.4,-2.9,0.16,OK
F16097,2027-02-15 23:20,G1,7.9,0,7.9,-3.1,0.18,OK
F16098,2027-02-15 23:20,G2,2.7,1,1.7,-3.1,0.22,OK
F16099,2027-02-15 23:20,G3,0.9,-1,1.9,-3.1,0.18,OK
F16100,2027-02-15 23:20,G4,1.2,0,1.2,-3.1,0.22,OK
F16101,2027-02-15 23:20,G5,4.9,2,2.9,-3.1,0.18,OK
F16102,2027-02-15 23:20,G6,193.6,187,6.6,-3.1,0.23,OK
F16103,2027-02-15 23:20,G7,6.2,-2,8.2,-3.1,0.17,OK
F16104,2027-02-15 23:20,G8,9.4,0,9.4,-3.1,0.21,OK
F16105,2027-02-15 23:30,G1,4.0,0,4.0,-3.3,0.20,OK
F16106,2027-02-15 23:30,G2,4.9,1,3.9,-3.3,0.22,OK
F16107,2027-02-15 23:30,G3,-0.3,-1,0.7,-3.3,0.19,OK
F16108,2027-02-15 23:30,G4,2.1,0,2.1,-3.3,0.20,OK
F16109,2027-02-15 23:30,G5,2.9,2,0.9,-3.3,0.21,OK
F16110,2027-02-15 23:30,G6,190.2,187,3.2,-3.3,0.22,OK
F16111,2027-02-15 23:30,G7,2.2,-2,4.2,-3.3,0.23,OK
F16112,2027-02-15 23:30,G8,9.5,0,9.5,-3.3,0.19,OK
F16113,2027-02-15 23:40,G1,-0.4,0,-0.4,-3.5,0.23,OK
F16114,2027-02-15 23:40,G2,6.6,1,5.6,-3.5,0.22,OK
F16115,2027-02-15 23:40,G3,2.6,-1,3.6,-3.5,0.19,OK
F16116,2027-02-15 23:40,G4,6.8,0,6.8,-3.5,0.20,OK
F16117,2027-02-15 23:40,G5,4.0,2,2.0,-3.5,0.18,OK
F16118,2027-02-15 23:40,G6,195.4,187,8.4,-3.5,0.20,OK
F16119,2027-02-15 23:40,G7,-1.9,-2,0.1,-3.5,0.16,OK
F16120,2027-02-15 23:40,G8,7.3,0,7.3,-3.5,0.16,OK
F16121,2027-02-15 23:50,G1,6.7,0,6.7,-3.7,0.22,OK
F16122,2027-02-15 23:50,G2,4.2,1,3.2,-3.7,0.19,OK
F16123,2027-02-15 23:50,G3,1.2,-1,2.2,-3.7,0.17,OK
F16124,2027-02-15 23:50,G4,3.5,0,3.5,-3.7,0.21,OK
F16125,2027-02-15 23:50,G5,6.6,2,4.6,-3.7,0.19,OK
F16126,2027-02-15 23:50,G6,192.1,187,5.1,-3.7,0.22,OK
F16127,2027-02-15 23:50,G7,4.0,-2,6.0,-3.7,0.23,OK
F16128,2027-02-15 23:50,G8,2.4,0,2.4,-3.7,0.18,OK
F16129,2027-02-16 00:00,G1,-0.2,0,-0.2,-3.9,0.23,OK
F16130,2027-02-16 00:00,G2,7.4,1,6.4,-3.9,0.22,OK
F16131,2027-02-16 00:00,G3,0.4,-1,1.4,-3.9,0.20,OK
F16132,2027-02-16 00:00,G4,-0.4,0,-0.4,-3.9,0.16,OK
F16133,2027-02-16 00:00,G5,4.0,2,2.0,-3.9,0.18,OK
F16134,2027-02-16 00:00,G6,189.8,187,2.8,-3.9,0.17,OK
F16135,2027-02-16 00:00,G7,-0.8,-2,1.2,-3.9,0.23,OK
F16136,2027-02-16 00:00,G8,-0.1,0,-0.1,-3.9,0.23,OK
F16137,2027-02-16 00:10,G1,0.1,0,0.1,-4.1,0.20,OK
F16138,2027-02-16 00:10,G2,4.8,1,3.8,-4.1,0.17,OK
F16139,2027-02-16 00:10,G3,5.2,-1,6.2,-4.1,0.23,OK
F16140,2027-02-16 00:10,G4,4.1,0,4.1,-4.1,0.20,OK
F16141,2027-02-16 00:10,G5,0.9,2,-1.1,-4.1,0.22,OK
F16142,2027-02-16 00:10,G6,185.7,187,-1.3,-4.1,0.23,OK
F16143,2027-02-16 00:10,G7,-2.6,-2,-0.6,-4.1,0.18,OK
F16144,2027-02-16 00:10,G8,1.8,0,1.8,-4.1,0.21,OK
F16145,2027-02-16 00:20,G1,1.4,0,1.4,-4.3,0.18,OK
F16146,2027-02-16 00:20,G2,3.1,1,2.1,-4.3,0.18,OK
F16147,2027-02-16 00:20,G3,-1.6,-1,-0.6,-4.3,0.17,OK
F16148,2027-02-16 00:20,G4,-0.3,0,-0.3,-4.3,0.19,OK
F16149,2027-02-16 00:20,G5,7.6,2,5.6,-4.3,0.16,OK
F16150,2027-02-16 00:20,G6,185.8,187,-1.2,-4.3,0.21,OK
F16151,2027-02-16 00:20,G7,-0.8,-2,1.2,-4.3,0.22,OK
F16152,2027-02-16 00:20,G8,-0.7,0,-0.7,-4.3,0.22,OK
F16153,2027-02-16 00:30,G1,-2.2,0,-2.2,-4.6,0.16,OK
F16154,2027-02-16 00:30,G2,4.2,1,3.2,-4.6,0.21,OK
F16155,2027-02-16 00:30,G3,2.6,-1,3.6,-4.6,0.21,OK
F16156,2027-02-16 00:30,G4,3.8,0,3.8,-4.6,0.21,OK
F16157,2027-02-16 00:30,G5,-1.4,2,-3.4,-4.6,0.24,OK
F16158,2027-02-16 00:30,G6,188.0,187,1.0,-4.6,0.22,OK
F16159,2027-02-16 00:30,G7,0.1,-2,2.1,-4.6,0.22,OK
F16160,2027-02-16 00:30,G8,-2.9,0,-2.9,-4.6,0.23,OK
F16161,2027-02-16 00:40,G1,2.5,0,2.5,-4.8,0.24,OK
F16162,2027-02-16 00:40,G2,0.6,1,-0.4,-4.8,0.23,OK
F16163,2027-02-16 00:40,G3,-3.9,-1,-2.9,-4.8,0.23,OK
F16164,2027-02-16 00:40,G4,-1.7,0,-1.7,-4.8,0.18,OK
F16165,2027-02-16 00:40,G5,-1.4,2,-3.4,-4.8,0.23,OK
F16166,2027-02-16 00:40,G6,186.2,187,-0.8,-4.8,0.19,OK
F16167,2027-02-16 00:40,G7,-3.3,-2,-1.3,-4.8,0.19,OK
F16168,2027-02-16 00:40,G8,2.5,0,2.5,-4.8,0.23,OK
F16169,2027-02-16 00:50,G1,-0.4,0,-0.4,-5.1,0.22,OK
F16170,2027-02-16 00:50,G2,-3.4,1,-4.4,-5.1,0.19,OK
F16171,2027-02-16 00:50,G3,-1.4,-1,-0.4,-5.1,0.22,OK
F16172,2027-02-16 00:50,G4,-3.4,0,-3.4,-5.1,0.21,OK
F16173,2027-02-16 00:50,G5,4.1,2,2.1,-5.1,0.21,OK
F16174,2027-02-16 00:50,G6,186.0,187,-1.0,-5.1,0.21,OK
F16175,2027-02-16 00:50,G7,-0.4,-2,1.6,-5.1,0.22,OK
F16176,2027-02-16 00:50,G8,3.3,0,3.3,-5.1,0.21,OK
F16177,2027-02-16 01:00,G1,2.3,0,2.3,-5.3,0.22,OK
F16178,2027-02-16 01:00,G2,2.5,1,1.5,-5.3,0.17,OK
F16179,2027-02-16 01:00,G3,-2.6,-1,-1.6,-5.3,0.22,OK
F16180,2027-02-16 01:00,G4,-5.0,0,-5.0,-5.3,0.17,OK
F16181,2027-02-16 01:00,G5,-3.1,2,-5.1,-5.3,0.24,OK
F16182,2027-02-16 01:00,G6,189.2,187,2.2,-5.3,0.22,OK
F16183,2027-02-16 01:00,G7,-4.6,-2,-2.6,-5.3,0.23,OK
F16184,2027-02-16 01:00,G8,0.3,0,0.3,-5.3,0.22,OK
F16185,2027-02-16 01:10,G1,-4.0,0,-4.0,-5.6,0.18,OK
F16186,2027-02-16 01:10,G2,0.2,1,-0.8,-5.6,0.16,OK
F16187,2027-02-16 01:10,G3,1.6,-1,2.6,-5.6,0.20,OK
F16188,2027-02-16 01:10,G4,-2.6,0,-2.6,-5.6,0.23,OK
F16189,2027-02-16 01:10,G5,-1.6,2,-3.6,-5.6,0.23,OK
F16190,2027-02-16 01:10,G6,185.2,187,-1.8,-5.6,0.17,OK
F16191,2027-02-16 01:10,G7,-0.1,-2,1.9,-5.6,0.24,OK
F16192,2027-02-16 01:10,G8,2.2,0,2.2,-5.6,0.16,OK
F16193,2027-02-16 01:20,G1,-1.9,0,-1.9,-5.8,0.22,OK
F16194,2027-02-16 01:20,G2,-0.8,1,-1.8,-5.8,0.22,OK
F16195,2027-02-16 01:20,G3,-4.3,-1,-3.3,-5.8,0.18,OK
F16196,2027-02-16 01:20,G4,-2.7,0,-2.7,-5.8,0.23,OK
F16197,2027-02-16 01:20,G5,0.4,2,-1.6,-5.8,0.17,OK
F16198,2027-02-16 01:20,G6,187.1,187,0.1,-5.8,0.18,OK
F16199,2027-02-16 01:20,G7,-3.1,-2,-1.1,-5.8,0.20,OK
F16200,2027-02-16 01:20,G8,-0.5,0,-0.5,-5.8,0.19,OK
F16201,2027-02-16 01:30,G1,-5.0,0,-5.0,-6.1,0.20,OK
F16202,2027-02-16 01:30,G2,-4.2,1,-5.2,-6.1,0.17,OK
F16203,2027-02-16 01:30,G3,-3.3,-1,-2.3,-6.1,0.21,OK
F16204,2027-02-16 01:30,G4,-5.2,0,-5.2,-6.1,0.20,OK
F16205,2027-02-16 01:30,G5,-4.8,2,-6.8,-6.1,0.21,OK
F16206,2027-02-16 01:30,G6,187.3,187,0.3,-6.1,0.22,OK
F16207,2027-02-16 01:30,G7,-3.5,-2,-1.5,-6.1,0.20,OK
F16208,2027-02-16 01:30,G8,-6.2,0,-6.2,-6.1,0.20,OK
F16209,2027-02-16 01:40,G1,-2.5,0,-2.5,-6.4,0.24,OK
F16210,2027-02-16 01:40,G2,-6.3,1,-7.3,-6.4,0.20,OK
F16211,2027-02-16 01:40,G3,0.1,-1,1.1,-6.4,0.24,OK
F16212,2027-02-16 01:40,G4,-1.7,0,-1.7,-6.4,0.19,OK
F16213,2027-02-16 01:40,G5,-1.1,2,-3.1,-6.4,0.20,OK
F16214,2027-02-16 01:40,G6,186.7,187,-0.3,-6.4,0.18,OK
F16215,2027-02-16 01:40,G7,-2.6,-2,-0.6,-6.4,0.17,OK
F16216,2027-02-16 01:40,G8,-4.0,0,-4.0,-6.4,0.20,OK
F16217,2027-02-16 01:50,G1,-5.3,0,-5.3,-6.6,0.19,OK
F16218,2027-02-16 01:50,G2,-2.3,1,-3.3,-6.6,0.23,OK
F16219,2027-02-16 01:50,G3,-7.7,-1,-6.7,-6.6,0.19,OK
F16220,2027-02-16 01:50,G4,-6.8,0,-6.8,-6.6,0.19,OK
F16221,2027-02-16 01:50,G5,-2.2,2,-4.2,-6.6,0.21,OK
F16222,2027-02-16 01:50,G6,185.8,187,-1.2,-6.6,0.22,OK
F16223,2027-02-16 01:50,G7,-4.8,-2,-2.8,-6.6,0.18,OK
F16224,2027-02-16 01:50,G8,-2.8,0,-2.8,-6.6,0.21,OK
F16225,2027-02-16 02:00,G1,-0.4,0,-0.4,-6.9,0.18,OK
F16226,2027-02-16 02:00,G2,-2.0,1,-3.0,-6.9,0.17,OK
F16227,2027-02-16 02:00,G3,-8.9,-1,-7.9,-6.9,0.24,OK
F16228,2027-02-16 02:00,G4,-1.9,0,-1.9,-6.9,0.23,OK
F16229,2027-02-16 02:00,G5,-1.1,2,-3.1,-6.9,0.23,OK
F16230,2027-02-16 02:00,G6,179.4,187,-7.6,-6.9,0.24,OK
F16231,2027-02-16 02:00,G7,-3.8,-2,-1.8,-6.9,0.18,OK
F16232,2027-02-16 02:00,G8,-4.3,0,-4.3,-6.9,0.18,OK
F16233,2027-02-16 02:10,G1,-6.1,0,-6.1,-7.1,0.24,OK
F16234,2027-02-16 02:10,G2,-2.6,1,-3.6,-7.1,0.17,OK
F16235,2027-02-16 02:10,G3,-9.6,-1,-8.6,-7.1,0.22,OK
F16236,2027-02-16 02:10,G4,-2.8,0,-2.8,-7.1,0.19,OK
F16237,2027-02-16 02:10,G5,-3.9,2,-5.9,-7.1,0.19,OK
F16238,2027-02-16 02:10,G6,177.4,187,-9.6,-7.1,0.17,OK
F16239,2027-02-16 02:10,G7,-5.0,-2,-3.0,-7.1,0.22,OK
F16240,2027-02-16 02:10,G8,-6.2,0,-6.2,-7.1,0.22,OK
F16241,2027-02-16 02:20,G1,-9.0,0,-9.0,-7.4,0.23,OK
F16242,2027-02-16 02:20,G2,-3.1,1,-4.1,-7.4,0.22,OK
F16243,2027-02-16 02:20,G3,-4.9,-1,-3.9,-7.4,0.23,OK
F16244,2027-02-16 02:20,G4,-8.4,0,-8.4,-7.4,0.21,OK
F16245,2027-02-16 02:20,G5,-0.3,2,-2.3,-7.4,0.20,OK
F16246,2027-02-16 02:20,G6,181.9,187,-5.1,-7.4,0.19,OK
F16247,2027-02-16 02:20,G7,-8.7,-2,-6.7,-7.4,0.18,OK
F16248,2027-02-16 02:20,G8,-5.4,0,-5.4,-7.4,0.19,OK
F16249,2027-02-16 02:30,G1,-8.3,0,-8.3,-7.7,0.21,OK
F16250,2027-02-16 02:30,G2,-4.6,1,-5.6,-7.7,0.16,OK
F16251,2027-02-16 02:30,G3,-6.3,-1,-5.3,-7.7,0.22,OK
F16252,2027-02-16 02:30,G4,-6.2,0,-6.2,-7.7,0.17,OK
F16253,2027-02-16 02:30,G5,-4.9,2,-6.9,-7.7,0.18,OK
F16254,2027-02-16 02:30,G6,177.3,187,-9.7,-7.7,0.18,OK
F16255,2027-02-16 02:30,G7,-8.6,-2,-6.6,-7.7,0.17,OK
F16256,2027-02-16 02:30,G8,-5.8,0,-5.8,-7.7,0.20,OK
F16257,2027-02-16 02:40,G1,-7.1,0,-7.1,-7.9,0.17,OK
F16258,2027-02-16 02:40,G2,-8.5,1,-9.5,-7.9,0.22,OK
F16259,2027-02-16 02:40,G3,-4.7,-1,-3.7,-7.9,0.20,OK
F16260,2027-02-16 02:40,G4,-5.9,0,-5.9,-7.9,0.16,OK
F16261,2027-02-16 02:40,G5,-3.8,2,-5.8,-7.9,0.19,OK
F16262,2027-02-16 02:40,G6,177.8,187,-9.2,-7.9,0.16,OK
F16263,2027-02-16 02:40,G7,-8.5,-2,-6.5,-7.9,0.18,OK
F16264,2027-02-16 02:40,G8,-13.1,0,-13.1,-7.9,0.18,OK
F16265,2027-02-16 02:50,G1,-4.7,0,-4.7,-8.2,0.22,OK
F16266,2027-02-16 02:50,G2,-5.2,1,-6.2,-8.2,0.22,OK
F16267,2027-02-16 02:50,G3,-10.3,-1,-9.3,-8.2,0.17,OK
F16268,2027-02-16 02:50,G4,-3.4,0,-3.4,-8.2,0.24,OK
F16269,2027-02-16 02:50,G5,-8.9,2,-10.9,-8.2,0.21,OK
F16270,2027-02-16 02:50,G6,175.0,187,-12.0,-8.2,0.22,OK
F16271,2027-02-16 02:50,G7,-8.7,-2,-6.7,-8.2,0.22,OK
F16272,2027-02-16 02:50,G8,-10.3,0,-10.3,-8.2,0.19,OK
F16273,2027-02-16 03:00,G1,105.1,0,105.1,-8.4,1.89,OK
F16274,2027-02-16 03:00,G2,140.4,1,139.4,-8.4,1.90,OK
F16275,2027-02-16 03:00,G3,157.8,-1,158.8,-8.4,1.85,OK
F16276,2027-02-16 03:00,G4,210.2,0,210.2,-8.4,1.83,OK
F16277,2027-02-16 03:00,G5,248.9,2,246.9,-8.4,1.89,OK
F16278,2027-02-16 03:00,G6,473.1,187,286.1,-8.4,1.87,OK
F16279,2027-02-16 03:00,G7,176.7,-2,178.7,-8.4,1.87,OK
F16280,2027-02-16 03:00,G8,123.1,0,123.1,-8.4,1.83,OK
